group_id,group_size,image_id,role,duplicate_of,hamming_distance,similarity,dataset_name,label,source_relpath,perceptual_hash,status
8bfdf4d0ddca2cb2,2,8bfdf4d0ddca2cb2,representative,,,1.0,color,apple___apple_scab,Apple___Apple_scab/2dd8b8f8-46b0-4bc6-b817-ea7163f4b28b___FREC_Scab 3473.JPG,f8a7a1d0879e9538,accepted
8bfdf4d0ddca2cb2,2,b32ba5ed5b1febfe,near_duplicate,8bfdf4d0ddca2cb2,4.0,0.9375,color,apple___apple_scab,Apple___Apple_scab/add9ce00-e304-4632-82f2-ddc86a6be5f6___FREC_Scab 3472.JPG,f88783d0879e9738,rejected
7f0f2cbc39a98eaa,2,7f0f2cbc39a98eaa,representative,,,1.0,color,apple___apple_scab,Apple___Apple_scab/f6946261-1a18-4306-ba87-ca25344d9bd2___FREC_Scab 3525.JPG,eada9525da92ac98,accepted
7f0f2cbc39a98eaa,2,af826ec171c27798,near_duplicate,7f0f2cbc39a98eaa,4.0,0.9375,color,blueberry___healthy,Blueberry___healthy/23d13863-7320-427f-8559-9665257b9540___RS_HL 2334.JPG,eaca9525da928c9b,rejected
49c8b2ff5042ee40,3,5a962820a81e10fd,near_duplicate,49c8b2ff5042ee40,4.0,0.9375,color,apple___black_rot,Apple___Black_rot/1ce40e9f-cddc-4939-8e58-7a8235d9b28a___JR_FrgE.S 3019.JPG,eea491d8c2c7c783,rejected
49c8b2ff5042ee40,3,b14023212471caec,near_duplicate,49c8b2ff5042ee40,4.0,0.9375,color,apple___black_rot,Apple___Black_rot/4eeaca51-3ca2-4afe-884a-d65c2e31e452___JR_FrgE.S 3026.JPG,eeb499e8c2c3c3c1,rejected
49c8b2ff5042ee40,3,49c8b2ff5042ee40,representative,,,1.0,color,apple___black_rot,Apple___Black_rot/fc5f6bd3-bd4e-4a8c-94d1-d46ea92a3941___JR_FrgE.S 3017.JPG,eeb499c8c2c7c383,accepted
8ac7706c89a63a2e,2,95ab1bed559ddb4f,near_duplicate,8ac7706c89a63a2e,4.0,0.9375,color,apple___black_rot,Apple___Black_rot/30aebb07-bde6-44c8-bee2-a06ff42a948d___JR_FrgE.S 3071.JPG,8308b4fd4f5ad0f4,rejected
8ac7706c89a63a2e,2,8ac7706c89a63a2e,representative,,,1.0,color,apple___black_rot,Apple___Black_rot/fb8255a6-e05d-44d3-a115-80c1e55009bd___JR_FrgE.S 3074.JPG,8308b7bd4f4ad0f4,accepted
aa08d9bf5a1291db,2,54cbff538643d216,near_duplicate,aa08d9bf5a1291db,4.0,0.9375,color,apple___black_rot,Apple___Black_rot/6af96fb3-002f-48b3-a2e8-fb5cf30dfa63___JR_FrgE.S 2998.JPG,fabc89a1c6c69239,rejected
aa08d9bf5a1291db,2,aa08d9bf5a1291db,representative,,,1.0,color,apple___black_rot,Apple___Black_rot/f83c1286-8bdb-48e6-ac8f-bd8a5209afc7___JR_FrgE.S 3001.JPG,fab48da1c6c69619,accepted
6aa9cb0688d7c845,3,6aa9cb0688d7c845,representative,,,1.0,color,apple___black_rot,Apple___Black_rot/f3bac530-dd9a-43b3-b3cf-9860315f3d18___JR_FrgE.S 8800.JPG,ff8ca05587529c6a,accepted
6aa9cb0688d7c845,3,d4fd68c779fe82bc,near_duplicate,6aa9cb0688d7c845,4.0,0.9375,color,raspberry___healthy,Raspberry___healthy/68c91797-4323-4a34-a203-8393cdf3889b___Mary_HL 9143.JPG,ffa8a055875a9c68,rejected
6aa9cb0688d7c845,3,8cddfa25de1104fa,near_duplicate,6aa9cb0688d7c845,6.0,0.90625,color,soybean___healthy,Soybean___healthy/d0e3c820-9795-4fb8-b0d0-136176a7c7f5___RS_HL 6554.JPG,ffa8e04587569c68,rejected
684679b8b7cf67d7,2,684679b8b7cf67d7,representative,,,1.0,color,apple___healthy,Apple___healthy/11beda66-01e9-4bfd-be37-c0f8646d1478___RS_HL 6271.JPG,ade9d206d892d333,accepted
684679b8b7cf67d7,2,e95ee3452741e5e5,exact_duplicate,684679b8b7cf67d7,0.0,1.0,color,apple___healthy,Apple___healthy/13298d36-4425-437d-ae8e-c7d70e200084___RS_HL 6271.JPG,ade9d206d892d333,rejected
71203cac78b1b881,3,7663fd28af4cc4b1,near_duplicate,71203cac78b1b881,4.0,0.9375,color,apple___healthy,Apple___healthy/14896dc0-688d-456f-b5ec-a037695b0193___RS_HL 6268.JPG,ea4a853d99309db3,rejected
71203cac78b1b881,3,74dcf7a4df3bb525,near_duplicate,71203cac78b1b881,4.0,0.9375,color,apple___healthy,Apple___healthy/c21cf428-bfc3-4710-b5d2-69d1c0e94748___RS_HL 6268.JPG,ea4a853d99309db3,rejected
71203cac78b1b881,3,71203cac78b1b881,representative,,,1.0,color,soybean___healthy,Soybean___healthy/242b3ada-7462-4ed7-a00e-b15af0bd6950___RS_HL 3324.JPG,ea4ac53d993087b3,accepted
672d786f28c5d237,223,6298ca8b3679e459,near_duplicate,672d786f28c5d237,12.0,0.8125,color,apple___healthy,Apple___healthy/1497c20f-448a-48e2-9cf0-b4fc8cfa848a___RS_HL 6292.JPG,fac2851e94719727,rejected
672d786f28c5d237,223,981c3ad346148fa7,near_duplicate,672d786f28c5d237,26.0,0.59375,color,apple___healthy,Apple___healthy/b6a2a9d1-5fff-4f42-bc18-12c9777001e6___RS_HL 6067.JPG,aacaf50d9a35d036,rejected
672d786f28c5d237,223,7ba460581300f0ba,near_duplicate,672d786f28c5d237,22.0,0.65625,color,blueberry___healthy,Blueberry___healthy/09e4cb6f-2897-477a-adce-f2c6204840e5___RS_HL 2303.JPG,eb4a958d9234db32,rejected
672d786f28c5d237,223,3a0a184c9e06b8d1,near_duplicate,672d786f28c5d237,4.0,0.9375,color,orange___haunglongbing_citrus_greening,Orange___Haunglongbing_(Citrus_greening)/b0d0b4b7-5bf4-4638-9786-a67d98cceab8___CREC_HLB 6898.JPG,eac5851f94389769,rejected
672d786f28c5d237,223,66af4382d9b70211,near_duplicate,672d786f28c5d237,8.0,0.875,color,pepper_bell___bacterial_spot,"Pepper,_bell___Bacterial_spot/94f00ecd-184d-40ee-a7e9-d6feb19402cb___JR_B.Spot 8957.JPG",eec1851e9628937d,rejected
672d786f28c5d237,223,672d786f28c5d237,representative,,,1.0,color,pepper_bell___healthy,"Pepper,_bell___healthy/1a93f310-cd75-4af6-96d3-690180b4542a___JR_HL 5850.JPG",eac5851e943897f1,accepted
672d786f28c5d237,223,8e779450c6c623fa,near_duplicate,672d786f28c5d237,12.0,0.8125,color,pepper_bell___healthy,"Pepper,_bell___healthy/228e2afd-54a4-4097-8489-916c608361a9___JR_HL 7690.JPG",ebc1851f9c3a9227,rejected
672d786f28c5d237,223,271cae3808812f7a,near_duplicate,672d786f28c5d237,18.0,0.71875,color,pepper_bell___healthy,"Pepper,_bell___healthy/92688273-9135-48c4-82b1-f4e0a32fafe1___JR_HL 5848.JPG",eacac50f9a3d9035,rejected
672d786f28c5d237,223,ab1e9e24566f52c6,near_duplicate,672d786f28c5d237,22.0,0.65625,color,pepper_bell___healthy,"Pepper,_bell___healthy/9e17a7df-6284-467f-b223-33b0d06d0a81___JR_HL 5973.JPG",afcad20f9a3c91b0,rejected
672d786f28c5d237,223,54a34f0f5e495187,near_duplicate,672d786f28c5d237,18.0,0.71875,color,pepper_bell___healthy,"Pepper,_bell___healthy/b49270a7-3369-4dd5-ad39-898c3c7adf9e___JR_HL 7676.JPG",abe1950f9a3cd033,rejected
672d786f28c5d237,223,c4a0fba5fe4403a9,near_duplicate,672d786f28c5d237,20.0,0.6875,color,pepper_bell___healthy,"Pepper,_bell___healthy/f47373b3-ed1e-42b0-988b-b2724cc89782___JR_HL 5903.JPG",eaca951d9835c336,rejected
672d786f28c5d237,223,7818ca0d97cfafcb,near_duplicate,672d786f28c5d237,8.0,0.875,color,pepper_bell___healthy,"Pepper,_bell___healthy/fb974d64-1b7a-4d68-8ddb-1b8ed3011f25___JR_HL 5899.JPG",ebc1851e9e389b61,rejected
672d786f28c5d237,223,c438c9ccfe92df6e,near_duplicate,672d786f28c5d237,10.0,0.84375,color,potato___late_blight,Potato___Late_blight/36d3502f-32cd-4ef9-b63d-575db1c18cf8___RS_LB 4908.JPG,eac0a50f9638d373,rejected
672d786f28c5d237,223,8988f1c03ff94ac5,near_duplicate,672d786f28c5d237,10.0,0.84375,color,raspberry___healthy,Raspberry___healthy/3368e77a-9245-4e4f-89ee-41968b060e56___Mary_HL 6251.JPG,eac4851f96789a39,rejected
672d786f28c5d237,223,d61f7eddca388163,near_duplicate,672d786f28c5d237,16.0,0.75,color,raspberry___healthy,Raspberry___healthy/366e35f2-7492-49bc-a85c-b8da33fabfa0___Mary_HL 9349.JPG,af40c51f9678da31,rejected
672d786f28c5d237,223,6c96a46dc89beeab,near_duplicate,672d786f28c5d237,12.0,0.8125,color,raspberry___healthy,Raspberry___healthy/4b3a7218-7ea2-4ded-accb-2dd6d782daa6___Mary_HL 6246.JPG,abc4841f9638da79,rejected
672d786f28c5d237,223,be240bf8fa890119,near_duplicate,672d786f28c5d237,14.0,0.78125,color,raspberry___healthy,Raspberry___healthy/4c210242-adfc-4011-88e5-3380cbee49b1___Mary_HL 9351.JPG,afc0c41f9638da71,rejected
672d786f28c5d237,223,dc0549bc7ce09399,near_duplicate,672d786f28c5d237,20.0,0.6875,color,raspberry___healthy,Raspberry___healthy/5829c049-aa10-494a-9663-8ce0677e64f7___Mary_HL 6330.JPG,eaca958d9234d336,rejected
672d786f28c5d237,223,c45cd551a4859206,near_duplicate,672d786f28c5d237,6.0,0.90625,color,raspberry___healthy,Raspberry___healthy/599c43e6-e742-4bc6-92a1-a1ebe4fa820a___Mary_HL 9158.JPG,eac5851e9a38d371,rejected
672d786f28c5d237,223,d0a3158ac7adcf6d,near_duplicate,672d786f28c5d237,16.0,0.75,color,raspberry___healthy,Raspberry___healthy/5cb1014e-dd7c-4d7b-8e8f-23326179dc23___Mary_HL 6383.JPG,eee1850d9c3cd833,rejected
672d786f28c5d237,223,d2d8dd7f27ab0b45,near_duplicate,672d786f28c5d237,18.0,0.71875,color,raspberry___healthy,Raspberry___healthy/6b61c54a-9670-4049-8435-79e1b4e3c1d6___Mary_HL 6361.JPG,abca950f923cd334,rejected
672d786f28c5d237,223,b41954cd01a3b97e,near_duplicate,672d786f28c5d237,16.0,0.75,color,raspberry___healthy,Raspberry___healthy/6c2e049f-38c9-42c5-864f-613e6e12d59e___Mary_HL 6318.JPG,ebc1951f9231c336,rejected
672d786f28c5d237,223,b282414c13cc3688,near_duplicate,672d786f28c5d237,24.0,0.625,color,raspberry___healthy,Raspberry___healthy/7ba1a91f-41d0-4ff2-a994-4d469ad26b0c___Mary_HL 6370.JPG,eaca958db235d126,rejected
672d786f28c5d237,223,91aaf56949659efe,near_duplicate,672d786f28c5d237,22.0,0.65625,color,raspberry___healthy,Raspberry___healthy/9d5f3e6c-3f4c-4882-b423-d9ddb52ea4d8___Mary_HL 6332.JPG,abcad40f9a3c9934,rejected
672d786f28c5d237,223,81f7be6cbe4822ef,near_duplicate,672d786f28c5d237,14.0,0.78125,color,raspberry___healthy,Raspberry___healthy/a8bea1f3-eff7-4819-b0a8-72259d864518___Mary_HL 6376.JPG,fae0851f943ad037,rejected
672d786f28c5d237,223,c5b6591e461a073c,near_duplicate,672d786f28c5d237,10.0,0.84375,color,raspberry___healthy,Raspberry___healthy/d907d8a1-b993-4e4f-9e55-368ca54f3405___Mary_HL 6355.JPG,ead8c51f943c9271,rejected
672d786f28c5d237,223,79fe075742251f68,near_duplicate,672d786f28c5d237,8.0,0.875,color,raspberry___healthy,Raspberry___healthy/dbaa5f62-187f-422b-ac84-12c6e7b12025___Mary_HL 9164.JPG,eac5859e9a389333,rejected
672d786f28c5d237,223,7e2b7a8cec3dff55,near_duplicate,672d786f28c5d237,14.0,0.78125,color,raspberry___healthy,Raspberry___healthy/de3b86c7-8f0b-4cd8-ab11-2450fff0ec52___Mary_HL 9154.JPG,efc0c50f9638d233,rejected
672d786f28c5d237,223,10ce0d90f0338496,near_duplicate,672d786f28c5d237,12.0,0.8125,color,raspberry___healthy,Raspberry___healthy/fa3964a3-4eb8-49c8-b62c-b57e3d121996___Mary_HL 9162.JPG,efc1851f92389237,rejected
672d786f28c5d237,223,becb8c0d9e9d815f,near_duplicate,672d786f28c5d237,20.0,0.6875,color,raspberry___healthy,Raspberry___healthy/fe1c1683-06cc-49c5-b86a-a41fb36f058b___Mary_HL 6249.JPG,ebca950f9234c336,rejected
672d786f28c5d237,223,8d845f350ff906c2,near_duplicate,672d786f28c5d237,20.0,0.6875,color,soybean___healthy,Soybean___healthy/018c61ed-c8cd-4e0c-b0e1-4f2531eeed6b___RS_HL 2880.JPG,eaca950f921dd236,rejected
672d786f28c5d237,223,282cc4d006eca377,near_duplicate,672d786f28c5d237,10.0,0.84375,color,soybean___healthy,Soybean___healthy/018c9b04-ff44-4fb2-b83f-cacd62198ed4___RS_HL 5408.JPG,ebc9c11f94389333,rejected
672d786f28c5d237,223,9bdbc8b6a7b08637,near_duplicate,672d786f28c5d237,12.0,0.8125,color,soybean___healthy,Soybean___healthy/0231ac76-7dd9-4346-945e-fdfcebdaefe0___RS_HL 5779 1.JPG,eac3950f90399337,rejected
672d786f28c5d237,223,1d4469934582650d,near_duplicate,672d786f28c5d237,12.0,0.8125,color,soybean___healthy,Soybean___healthy/0275c314-9a57-4ea9-8405-029c55d0df7c___RS_HL 3820.JPG,eac9c11f973a9231,rejected
672d786f28c5d237,223,44f59f78eefa697e,near_duplicate,672d786f28c5d237,18.0,0.71875,color,soybean___healthy,Soybean___healthy/0349cb1c-194d-43e9-9d53-170e816d337e___RS_HL 5180.JPG,eaca940f9a349337,rejected
672d786f28c5d237,223,c7b973c3e12c4685,near_duplicate,672d786f28c5d237,22.0,0.65625,color,soybean___healthy,Soybean___healthy/056ec80d-2407-4683-87b4-21197c4e493d___RS_HL 4498.JPG,afcad00f923c9b34,rejected
672d786f28c5d237,223,c880434672a952ea,near_duplicate,672d786f28c5d237,20.0,0.6875,color,soybean___healthy,Soybean___healthy/066af85e-bd60-466e-ac80-e0b0ace2307e___RS_HL 5067.JPG,eac2952f9235c366,rejected
672d786f28c5d237,223,79365cd1550704a8,near_duplicate,672d786f28c5d237,20.0,0.6875,color,soybean___healthy,Soybean___healthy/07186037-2aac-496e-8396-3a9967a7fdea___RS_HL 4283.JPG,fac2953f9035c326,rejected
672d786f28c5d237,223,f7d187c7f73944ed,near_duplicate,672d786f28c5d237,14.0,0.78125,color,soybean___healthy,Soybean___healthy/07ed2de2-1a88-4b3b-adc2-94102d5eaba5___RS_HL 4700.JPG,fec0851f9c38d037,rejected
672d786f28c5d237,223,1dc067181f34b5e9,near_duplicate,672d786f28c5d237,22.0,0.65625,color,soybean___healthy,Soybean___healthy/099ab0cb-1350-48c4-8134-db73479c3401___RS_HL 3598.JPG,afcad00f9c349137,rejected
672d786f28c5d237,223,6512f6ff1c5b62dd,near_duplicate,672d786f28c5d237,20.0,0.6875,color,soybean___healthy,Soybean___healthy/0b3e4ee1-8f07-45d3-a0ab-fab31c8a4084___RS_HL 5032.JPG,eac2d50d9a34d137,rejected
672d786f28c5d237,223,3d9220e324ff3595,near_duplicate,672d786f28c5d237,8.0,0.875,color,soybean___healthy,Soybean___healthy/0d95ffb5-68ae-437c-8971-4b3c3c6b6e21___RS_HL 4059.JPG,eac5851d943ad333,rejected
672d786f28c5d237,223,b1d5c91e7a8eeca8,near_duplicate,672d786f28c5d237,18.0,0.71875,color,soybean___healthy,Soybean___healthy/0e26c0d3-9869-4e68-a285-c7c051a6a4ed___RS_HL 5559 1.JPG,fac2c00f97bc9ab0,rejected
672d786f28c5d237,223,cfa98b5882d45385,near_duplicate,672d786f28c5d237,14.0,0.78125,color,soybean___healthy,Soybean___healthy/0e4e98ca-4127-4370-ab27-1f20adb02754___RS_HL 5232.JPG,ebc9c50f963c9a30,rejected
672d786f28c5d237,223,d5b9482aa8314ec0,near_duplicate,672d786f28c5d237,22.0,0.65625,color,soybean___healthy,Soybean___healthy/12d97081-b540-4fe8-9615-1334aebd0644___RS_HL 5355.JPG,ebcad50d9a34c133,rejected
672d786f28c5d237,223,b72faed7c695b820,near_duplicate,672d786f28c5d237,24.0,0.625,color,soybean___healthy,Soybean___healthy/13e4e076-e32b-418d-996a-f7f26bd28143___RS_HL 5146.JPG,abcad00d9b3e9d30,rejected
672d786f28c5d237,223,928925a108fb5d51,near_duplicate,672d786f28c5d237,16.0,0.75,color,soybean___healthy,Soybean___healthy/152b6942-b876-402b-b69e-d8294bd0e264___RS_HL 5487.JPG,ebc9c50d963c9a38,rejected
672d786f28c5d237,223,97132a0705d5d593,near_duplicate,672d786f28c5d237,14.0,0.78125,color,soybean___healthy,Soybean___healthy/1546b354-6c02-4fa4-80de-1b823505364c___RS_HL 5330.JPG,ebc0851f943af227,rejected
672d786f28c5d237,223,217a73bc8a3e1db8,near_duplicate,672d786f28c5d237,22.0,0.65625,color,soybean___healthy,Soybean___healthy/16248d15-e455-46ac-8924-4905312549dd___RS_HL 4244.JPG,afcad00f9e3c9134,rejected
672d786f28c5d237,223,2ecee9945d459899,near_duplicate,672d786f28c5d237,16.0,0.75,color,soybean___healthy,Soybean___healthy/16d43818-4404-4882-87b2-583bcf0a799d___RS_HL 4285.JPG,eac3953f9031c336,rejected
672d786f28c5d237,223,b6954f9a29140d5e,near_duplicate,672d786f28c5d237,16.0,0.75,color,soybean___healthy,Soybean___healthy/171ad2bd-ea4c-424c-acc4-643465a4d7cd___RS_HL 4995.JPG,efc0850f9e38d833,rejected
672d786f28c5d237,223,ae8d235820466df7,near_duplicate,672d786f28c5d237,8.0,0.875,color,soybean___healthy,Soybean___healthy/1928a850-74bc-4e1a-a666-1a2a855f1340___RS_HL 4085.JPG,eac1851f94799363,rejected
672d786f28c5d237,223,fb406824f9475dad,near_duplicate,672d786f28c5d237,18.0,0.71875,color,soybean___healthy,Soybean___healthy/193860b3-c9cd-40b9-ae1a-bd42277fca38___RS_HL 4637.JPG,eaca850bde3d9035,rejected
672d786f28c5d237,223,be99953b6daa8bed,near_duplicate,672d786f28c5d237,8.0,0.875,color,soybean___healthy,Soybean___healthy/1982dfb8-1145-4039-8ec6-0df04fa95030___RS_HL 7199.JPG,eac5a51f92789331,rejected
672d786f28c5d237,223,f8c576c5e3c6d3d6,near_duplicate,672d786f28c5d237,12.0,0.8125,color,soybean___healthy,Soybean___healthy/1988b49c-e5f9-4239-abc6-3e9f6cbd8edb___RS_HL 5449.JPG,eac1851f9433d336,rejected
672d786f28c5d237,223,3fe11a2862c15848,near_duplicate,672d786f28c5d237,12.0,0.8125,color,soybean___healthy,Soybean___healthy/1a047122-3729-4641-887f-ecbeb4baec27___RS_HL 4942.JPG,efc0c41f9638d331,rejected
672d786f28c5d237,223,3806e3322e1dff87,near_duplicate,672d786f28c5d237,22.0,0.65625,color,soybean___healthy,Soybean___healthy/1b283b99-e33d-4b1d-baf3-aa3d06305d1c___RS_HL 4286.JPG,ebc8941fda30e326,rejected
672d786f28c5d237,223,fb778ed4ea9f8963,near_duplicate,672d786f28c5d237,18.0,0.71875,color,soybean___healthy,Soybean___healthy/1b951855-b456-4f7c-b0b1-cf663d047929___RS_HL 5482.JPG,eac2941f9ab48337,rejected
672d786f28c5d237,223,c81e6617e2aefc98,near_duplicate,672d786f28c5d237,16.0,0.75,color,soybean___healthy,Soybean___healthy/1bdfced3-dac6-420b-91e2-957f3333b69f___RS_HL 5561 1.JPG,eac1e50f941fd039,rejected
672d786f28c5d237,223,d06f7cd10f11a9b9,near_duplicate,672d786f28c5d237,22.0,0.65625,color,soybean___healthy,Soybean___healthy/1cd0339b-fc9c-401d-98a0-90bc4fe4f036___RS_HL 4009.JPG,ebcad40f9a348137,rejected
672d786f28c5d237,223,79aec29f23848ffe,near_duplicate,672d786f28c5d237,20.0,0.6875,color,soybean___healthy,Soybean___healthy/1d1d56bc-6645-493f-a6bb-4904aadc3c25___RS_HL 3292.JPG,abc8d5079e3cd033,rejected
672d786f28c5d237,223,94df0eef19082b70,near_duplicate,672d786f28c5d237,16.0,0.75,color,soybean___healthy,Soybean___healthy/1de56755-4034-4806-8d54-907c3076757a___RS_HL 4361.JPG,eee0850f9c3cd037,rejected
672d786f28c5d237,223,374bfdc6ef8d52da,near_duplicate,672d786f28c5d237,16.0,0.75,color,soybean___healthy,Soybean___healthy/1edd94a0-0f9d-4bdb-b083-78dfc250a54f___RS_HL 4630.JPG,ebc8850fdc39d033,rejected
672d786f28c5d237,223,659dc4d8ca9cd517,near_duplicate,672d786f28c5d237,24.0,0.625,color,soybean___healthy,Soybean___healthy/1f1fd324-621f-4cf4-ad27-c5796c3cc23e___RS_HL 4168.JPG,afc8d00f9e3d9036,rejected
672d786f28c5d237,223,f6b47f4f4a8ab755,near_duplicate,672d786f28c5d237,14.0,0.78125,color,soybean___healthy,Soybean___healthy/1f22efed-6dea-40b6-9597-5f6abe515095___RS_HL 4673.JPG,fac2851fb0319727,rejected
672d786f28c5d237,223,d85afa43a00619ee,near_duplicate,672d786f28c5d237,8.0,0.875,color,soybean___healthy,Soybean___healthy/1f770cd9-0e55-48e7-93e5-a93144b85f1e___RS_HL 3663.JPG,eac5851e9e789b21,rejected
672d786f28c5d237,223,44a1efc0eb31f2d2,near_duplicate,672d786f28c5d237,20.0,0.6875,color,soybean___healthy,Soybean___healthy/22ddbc54-2ed0-4f3d-8015-9d44e9b809ba___RS_HL 3686.JPG,ea4ad40f9a30d337,rejected
672d786f28c5d237,223,ef9150925570555d,near_duplicate,672d786f28c5d237,14.0,0.78125,color,soybean___healthy,Soybean___healthy/2300a855-efb4-452a-ace6-cf9c6c915a1f___RS_HL 5199.JPG,eac1a50b943fd235,rejected
672d786f28c5d237,223,adbac3b0877d507f,near_duplicate,672d786f28c5d237,12.0,0.8125,color,soybean___healthy,Soybean___healthy/23ed011c-27ac-4515-a724-eba2ea0ccff3___RS_HL 4002.JPG,eac2851f94719367,rejected
672d786f28c5d237,223,10c74599be684c53,near_duplicate,672d786f28c5d237,14.0,0.78125,color,soybean___healthy,Soybean___healthy/249d1862-fd2d-4ab0-9a6f-5e11a54b57ce___RS_HL 5328.JPG,eac0850fd531d337,rejected
672d786f28c5d237,223,537b703a8fad6830,near_duplicate,672d786f28c5d237,18.0,0.71875,color,soybean___healthy,Soybean___healthy/24f7182e-4bc8-4217-928d-83cc78bd6acb___RS_HL 3379.JPG,aacad50f9e3d9031,rejected
672d786f28c5d237,223,14e0216967009aad,near_duplicate,672d786f28c5d237,16.0,0.75,color,soybean___healthy,Soybean___healthy/25581c19-c5a1-4b88-b94f-54bdebafc331___RS_HL 5645 1.JPG,eac28d1f9831d336,rejected
672d786f28c5d237,223,88254d1a95f03e37,near_duplicate,672d786f28c5d237,14.0,0.78125,color,soybean___healthy,Soybean___healthy/26327b80-0636-4070-80fe-5b959814973d___RS_HL 4521.JPG,eac2851f9031d72f,rejected
672d786f28c5d237,223,9626ca3a036bd8a8,near_duplicate,672d786f28c5d237,10.0,0.84375,color,soybean___healthy,Soybean___healthy/26a8a48e-acc8-48f0-9259-39d900836a04___RS_HL 5068.JPG,ebc5850f943a9237,rejected
672d786f28c5d237,223,c4178406d35a1ff2,near_duplicate,672d786f28c5d237,10.0,0.84375,color,soybean___healthy,Soybean___healthy/279f1604-ed5e-4d41-a6af-6b0c07cb4528___RS_HL 5171.JPG,eac5c50f96989a71,rejected
672d786f28c5d237,223,9dd004595ca92cca,near_duplicate,672d786f28c5d237,16.0,0.75,color,soybean___healthy,Soybean___healthy/29040ffb-9de2-4d78-b5c7-ecb504c4805f___RS_HL 4536.JPG,ea4ac50f973c9ab0,rejected
672d786f28c5d237,223,4fed567020ab32e6,near_duplicate,672d786f28c5d237,22.0,0.65625,color,soybean___healthy,Soybean___healthy/29403a1c-7113-455a-b025-24144ea9da8f___RS_HL 3373.JPG,ffcad00f933c9130,rejected
672d786f28c5d237,223,8e06cf418ec26c86,near_duplicate,672d786f28c5d237,16.0,0.75,color,soybean___healthy,Soybean___healthy/2d457a27-71d9-4b38-ba4f-36b1a88bf755___RS_HL 5461.JPG,eaca950f923c9336,rejected
672d786f28c5d237,223,11360ab5f6163bd2,near_duplicate,672d786f28c5d237,18.0,0.71875,color,soybean___healthy,Soybean___healthy/2f601170-0f62-43e8-a4a5-2847cc9c67d0___RS_HL 4957.JPG,efe0a50f943e903c,rejected
672d786f28c5d237,223,b92ed3537561fceb,near_duplicate,672d786f28c5d237,18.0,0.71875,color,soybean___healthy,Soybean___healthy/340046c3-ce86-4802-8e6d-4faf88d0d77b___RS_HL 4050.JPG,ebc8951fd830c336,rejected
672d786f28c5d237,223,71f7a5b7e9c7578d,near_duplicate,672d786f28c5d237,24.0,0.625,color,soybean___healthy,Soybean___healthy/36541977-88e9-440f-bcd0-ef6e8b49f057___RS_HL 3057.JPG,ea4ad08f9b3d9930,rejected
672d786f28c5d237,223,1c4f7b43884072d2,near_duplicate,672d786f28c5d237,20.0,0.6875,color,soybean___healthy,Soybean___healthy/369b2555-d3f0-45db-a85c-728de7bbd02e___RS_HL 3531.JPG,ebcad01f9a309137,rejected
672d786f28c5d237,223,f7b4d200173f7ce9,near_duplicate,672d786f28c5d237,20.0,0.6875,color,soybean___healthy,Soybean___healthy/379b93ea-da9c-48c6-aca9-b285d39aad3d___RS_HL 5339.JPG,eac2941fb035e327,rejected
672d786f28c5d237,223,6dce25d514f82dca,near_duplicate,672d786f28c5d237,24.0,0.625,color,soybean___healthy,Soybean___healthy/37aefbb7-8016-4984-95bf-3490280b3f3e___RS_HL 3914.JPG,afcad00f9e34b132,rejected
672d786f28c5d237,223,aa7313aacd776d78,near_duplicate,672d786f28c5d237,20.0,0.6875,color,soybean___healthy,Soybean___healthy/38087690-9dde-45be-bc97-f3add32102da___RS_HL 5538 1.JPG,afc8c10f9e3cd232,rejected
672d786f28c5d237,223,b084416a116f2514,near_duplicate,672d786f28c5d237,8.0,0.875,color,soybean___healthy,Soybean___healthy/3aea0764-f638-4a34-ad67-778d0798572e___RS_HL 5698 1.JPG,eac1851f9438933f,rejected
672d786f28c5d237,223,4e4ea7be89a710f3,near_duplicate,672d786f28c5d237,12.0,0.8125,color,soybean___healthy,Soybean___healthy/3bf32201-a268-4b1e-964c-c058deba79e9___RS_HL 5250.JPG,eec0851f943dd235,rejected
672d786f28c5d237,223,cc478494ba5ae354,near_duplicate,672d786f28c5d237,16.0,0.75,color,soybean___healthy,Soybean___healthy/3e33f778-45c7-47a7-86b9-909e967cf585___RS_HL 5058.JPG,eac2951f9435d227,rejected
672d786f28c5d237,223,6a74042a69110f43,near_duplicate,672d786f28c5d237,12.0,0.8125,color,soybean___healthy,Soybean___healthy/421ba14a-e551-4a8f-a7b4-0decd9fd3123___RS_HL 3946.JPG,eac1851f9033d337,rejected
672d786f28c5d237,223,d766cf68481fd279,near_duplicate,672d786f28c5d237,24.0,0.625,color,soybean___healthy,Soybean___healthy/42f9d6af-6ef5-4c21-abfc-9aece98087e2___RS_HL 3843.JPG,afc8d00f9e34b037,rejected
672d786f28c5d237,223,4e72133b2c6cabb7,near_duplicate,672d786f28c5d237,8.0,0.875,color,soybean___healthy,Soybean___healthy/432221ce-2545-4d1f-b3e2-a19440c3ffeb___RS_HL 7037.JPG,eac9c51f95389271,rejected
672d786f28c5d237,223,dc6c66d75503481d,near_duplicate,672d786f28c5d237,18.0,0.71875,color,soybean___healthy,Soybean___healthy/44e0444a-430e-4f81-8455-eb3bda08356e___RS_HL 4665.JPG,eaca850fdc31d037,rejected
672d786f28c5d237,223,d240ea96a76a7ee6,near_duplicate,672d786f28c5d237,16.0,0.75,color,soybean___healthy,Soybean___healthy/47c5bfac-7191-40b5-9c87-394f2cd25a6e___RS_HL 5253.JPG,efc0850f953dd035,rejected
672d786f28c5d237,223,d80b37b39a54cc4f,near_duplicate,672d786f28c5d237,18.0,0.71875,color,soybean___healthy,Soybean___healthy/49caf341-6886-4861-b530-a69c40db51ae___RS_HL 3977.JPG,efc8c50b963d9a30,rejected
672d786f28c5d237,223,2eaa652194fb2b2f,near_duplicate,672d786f28c5d237,16.0,0.75,color,soybean___healthy,Soybean___healthy/4ad7c682-75c2-4ef0-a371-38833ee54d54___RS_HL 5861.JPG,ffc0a50f943cd039,rejected
672d786f28c5d237,223,1df5de15aae84a18,near_duplicate,672d786f28c5d237,20.0,0.6875,color,soybean___healthy,Soybean___healthy/4c41b75f-b094-4de6-96ed-584bd9c49001___RS_HL 4929.JPG,abcad40d9e3c9135,rejected
672d786f28c5d237,223,038c013e9857bbc2,near_duplicate,672d786f28c5d237,24.0,0.625,color,soybean___healthy,Soybean___healthy/4fc10746-5fc0-4089-b77d-ed0fe8160515___RS_HL 5693 1.JPG,aaca950f9a35d836,rejected
672d786f28c5d237,223,f9598371e63b0f25,near_duplicate,672d786f28c5d237,18.0,0.71875,color,soybean___healthy,Soybean___healthy/50e4f882-3a7b-4867-a241-a5c72a0490af___RS_HL 5577 1.JPG,efc0c50f9a3c9037,rejected
672d786f28c5d237,223,8bde481f567f766c,near_duplicate,672d786f28c5d237,26.0,0.59375,color,soybean___healthy,Soybean___healthy/50f8fa14-4c23-4168-960c-5533c4a4d35e___RS_HL 3480.JPG,efcad00d9b34b132,rejected
672d786f28c5d237,223,5c8b2827a7a6cc12,near_duplicate,672d786f28c5d237,20.0,0.6875,color,soybean___healthy,Soybean___healthy/53e709d9-4a67-4852-8948-38c4b465e95d___RS_HL 4111.JPG,efcac00f933c9b30,rejected
672d786f28c5d237,223,e47604180f33663e,near_duplicate,672d786f28c5d237,16.0,0.75,color,soybean___healthy,Soybean___healthy/54c53875-18d5-468c-a0b3-0c554149c215___RS_HL 4959.JPG,efc0a50f943cd03d,rejected
672d786f28c5d237,223,8d6178e31b567408,near_duplicate,672d786f28c5d237,10.0,0.84375,color,soybean___healthy,Soybean___healthy/5a65f68b-0260-49e5-a178-ca327c4e1020___RS_HL 4854.JPG,eac1851f9c38d23b,rejected
672d786f28c5d237,223,2384cbef2a40d311,near_duplicate,672d786f28c5d237,8.0,0.875,color,soybean___healthy,Soybean___healthy/5e0b340d-640b-4739-8bb9-0616a26449fb___RS_HL 7072.JPG,eac5851e96589b69,rejected
672d786f28c5d237,223,18f21e6fcdad8e9a,near_duplicate,672d786f28c5d237,10.0,0.84375,color,soybean___healthy,Soybean___healthy/5f01cca2-51fc-4b55-bf36-aaf034167ebe___RS_HL 3527.JPG,eae1c51f94789239,rejected
672d786f28c5d237,223,17f432ceca75d44e,near_duplicate,672d786f28c5d237,8.0,0.875,color,soybean___healthy,Soybean___healthy/607d8a03-3519-46ac-8fd9-15b4f1c63eb2___RS_HL 4685.JPG,eac1c51f9e389271,rejected
672d786f28c5d237,223,1990035bb9a2f7ba,near_duplicate,672d786f28c5d237,14.0,0.78125,color,soybean___healthy,Soybean___healthy/62f00b7e-a4bd-4455-9bc7-663569077171___RS_HL 4363.JPG,eac1853f91339336,rejected
672d786f28c5d237,223,7e58e7319838cf7f,near_duplicate,672d786f28c5d237,20.0,0.6875,color,soybean___healthy,Soybean___healthy/639d6e74-62e8-419c-b54d-a480ee986550___RS_HL 4560.JPG,aaca950f9e359037,rejected
672d786f28c5d237,223,c77a56e004b5b9e2,near_duplicate,672d786f28c5d237,26.0,0.59375,color,soybean___healthy,Soybean___healthy/63d695e5-923a-4dec-85b9-fbc83e881338___RS_HL 3306.JPG,eb4ad00f9b34cd32,rejected
672d786f28c5d237,223,accb288ae3790349,near_duplicate,672d786f28c5d237,22.0,0.65625,color,soybean___healthy,Soybean___healthy/664f9310-09a2-40d9-93ee-8761599128c8___RS_HL 3521.JPG,fac2d40d9a34d137,rejected
672d786f28c5d237,223,3d2e8ffe4d54a233,near_duplicate,672d786f28c5d237,14.0,0.78125,color,soybean___healthy,Soybean___healthy/6765c463-ce28-45c3-96c7-a82f6b25246b___RS_HL 5650 1.JPG,ebc8850f963c9336,rejected
672d786f28c5d237,223,7cf01bc1d90452a9,near_duplicate,672d786f28c5d237,16.0,0.75,color,soybean___healthy,Soybean___healthy/6802a0fd-2fe4-4cda-a665-2510611971ce___RS_HL 5542 1.JPG,efc0850fdc30d237,rejected
672d786f28c5d237,223,ee858545dd6a78be,near_duplicate,672d786f28c5d237,16.0,0.75,color,soybean___healthy,Soybean___healthy/68947ab4-60ac-4261-b1c9-42644c8a78d5___RS_HL 4193.JPG,eaca951f90359336,rejected
672d786f28c5d237,223,f0d4bd2e537a86e1,near_duplicate,672d786f28c5d237,22.0,0.65625,color,soybean___healthy,Soybean___healthy/6932f8af-9d7f-4d90-a38f-7b28cbbb7d1d___RS_HL 4358.JPG,abcad40f9a3d9035,rejected
672d786f28c5d237,223,84c6cd7a1f40e413,near_duplicate,672d786f28c5d237,12.0,0.8125,color,soybean___healthy,Soybean___healthy/69e7c833-37a8-4813-bd84-523f7d0fd9dd___RS_HL 3645.JPG,eac7851e9e689925,rejected
672d786f28c5d237,223,b545f6fae94d2389,near_duplicate,672d786f28c5d237,14.0,0.78125,color,soybean___healthy,Soybean___healthy/6bdffb57-e4c9-49c0-9072-3177c70dde25___RS_HL 3941.JPG,eac2850f9c31d2b7,rejected
672d786f28c5d237,223,77314c090ade98b0,near_duplicate,672d786f28c5d237,12.0,0.8125,color,soybean___healthy,Soybean___healthy/6e4caa3a-dda0-445a-984a-0e31508cacf0___RS_HL 5219.JPG,ebc0851f9a38d333,rejected
672d786f28c5d237,223,3cbd28e69a0d6a64,near_duplicate,672d786f28c5d237,14.0,0.78125,color,soybean___healthy,Soybean___healthy/71f9ea00-e509-4980-bba5-33f1b83575f9___RS_HL 4969.JPG,efc0851f9238c337,rejected
672d786f28c5d237,223,104ea27538b4726a,near_duplicate,672d786f28c5d237,10.0,0.84375,color,soybean___healthy,Soybean___healthy/73681496-7d02-4730-b347-ac1bf06eb3de___RS_HL 4796.JPG,eac4c51e9e7898e1,rejected
672d786f28c5d237,223,79461b3c84248833,near_duplicate,672d786f28c5d237,10.0,0.84375,color,soybean___healthy,Soybean___healthy/760ac536-6705-47e6-a21c-b7c69868092c___RS_HL 4279.JPG,ebc5851f9030d337,rejected
672d786f28c5d237,223,c71432ee2c68b7c9,near_duplicate,672d786f28c5d237,6.0,0.90625,color,soybean___healthy,Soybean___healthy/774e7a9f-b384-48ff-a642-9e9b7bcc98f8___RS_HL 5070.JPG,fac5851e943a9333,rejected
672d786f28c5d237,223,1e705feb7a4766d1,near_duplicate,672d786f28c5d237,18.0,0.71875,color,soybean___healthy,Soybean___healthy/778eac45-19fd-4c26-96ff-ca5af8892777___RS_HL 4191.JPG,eaca971d92359334,rejected
672d786f28c5d237,223,0a9248d651ec76cd,near_duplicate,672d786f28c5d237,16.0,0.75,color,soybean___healthy,Soybean___healthy/79d70c7c-5645-47a8-8725-8d29dd3bfac8___RS_HL 5049.JPG,ebc8950f9434d237,rejected
672d786f28c5d237,223,3ebf75575f4db0ca,near_duplicate,672d786f28c5d237,20.0,0.6875,color,soybean___healthy,Soybean___healthy/7e04c82b-7ed9-420d-8dee-9215751db2a1___RS_HL 4824.JPG,eacac18f9f3c9830,rejected
672d786f28c5d237,223,0555823cbbc4bcf8,near_duplicate,672d786f28c5d237,12.0,0.8125,color,soybean___healthy,Soybean___healthy/812b9b66-077f-4fd1-892f-0f0f09084439___RS_HL 4986.JPG,eac3851f9431c3b6,rejected
672d786f28c5d237,223,4a2537803f435d67,near_duplicate,672d786f28c5d237,14.0,0.78125,color,soybean___healthy,Soybean___healthy/8709eeaf-2d9f-413b-a40f-ca5ed88e2b74___RS_HL 4997.JPG,ebc1951f90339336,rejected
672d786f28c5d237,223,97a81475cf9c66f6,near_duplicate,672d786f28c5d237,18.0,0.71875,color,soybean___healthy,Soybean___healthy/8807e5ea-3854-4f19-bfa3-99b83f0d7a0f___RS_HL 5035.JPG,ebc0951f9235c336,rejected
672d786f28c5d237,223,5ca1a525b3906eaa,near_duplicate,672d786f28c5d237,12.0,0.8125,color,soybean___healthy,Soybean___healthy/881f9aa0-f506-447a-b13d-de55d06d042e___RS_HL 4749.JPG,ebc4c51f96789a21,rejected
672d786f28c5d237,223,be00f70ff6dce206,near_duplicate,672d786f28c5d237,20.0,0.6875,color,soybean___healthy,Soybean___healthy/88bce59b-21d3-4c34-95f9-4f29ee574dc3___RS_HL 2693.JPG,afe08507de38d833,rejected
672d786f28c5d237,223,2b98b618a1bf5baf,near_duplicate,672d786f28c5d237,8.0,0.875,color,soybean___healthy,Soybean___healthy/88cc7d32-1afd-407b-adfa-9a6af90a5130___RS_HL 3525.JPG,ebc4c51e9c389179,rejected
672d786f28c5d237,223,15f56ab581ca1707,near_duplicate,672d786f28c5d237,12.0,0.8125,color,soybean___healthy,Soybean___healthy/88de1f9e-f78a-4655-845b-428f5689db7f___RS_HL 5353.JPG,eb40850f9c3cd3b3,rejected
672d786f28c5d237,223,a865f487d7010386,near_duplicate,672d786f28c5d237,8.0,0.875,color,soybean___healthy,Soybean___healthy/88e453de-57a7-4fd6-bfd8-65e09384b4e5___RS_HL 3650.JPG,eac5851e9039db33,rejected
672d786f28c5d237,223,821c1114984a3d47,near_duplicate,672d786f28c5d237,16.0,0.75,color,soybean___healthy,Soybean___healthy/898a94d9-bc7c-4c66-9b33-09313b59c714___RS_HL 6906.JPG,fbe9c50d96389a30,rejected
672d786f28c5d237,223,a4194bedebdbbdcf,near_duplicate,672d786f28c5d237,26.0,0.59375,color,soybean___healthy,Soybean___healthy/8add68a5-965e-45b1-85d3-0baf4e9e4e74___RS_HL 2899.JPG,abcad00fda1cd932,rejected
672d786f28c5d237,223,3d399a36660f14da,near_duplicate,672d786f28c5d237,16.0,0.75,color,soybean___healthy,Soybean___healthy/8c778a8f-30c1-458d-9b59-12481f87023c___RS_HL 4691.JPG,fac2c00f933c9fb0,rejected
672d786f28c5d237,223,04572e1360de4b2b,near_duplicate,672d786f28c5d237,16.0,0.75,color,soybean___healthy,Soybean___healthy/8e7209a0-c837-4b22-9e6a-fa46bc925bec___RS_HL 5730 1.JPG,abc8850f9e3cd233,rejected
672d786f28c5d237,223,bf56818641d6f767,near_duplicate,672d786f28c5d237,10.0,0.84375,color,soybean___healthy,Soybean___healthy/8fae852b-7284-43b7-a62b-abc61772d6f5___RS_HL 5468.JPG,eae1851e903b9337,rejected
672d786f28c5d237,223,653f8a0d0db14195,near_duplicate,672d786f28c5d237,14.0,0.78125,color,soybean___healthy,Soybean___healthy/90079800-1e58-4ffa-9dc3-10062656fd53___RS_HL 5569 1.JPG,ebc1a50f943fd031,rejected
672d786f28c5d237,223,457e72811f270149,near_duplicate,672d786f28c5d237,24.0,0.625,color,soybean___healthy,Soybean___healthy/90b42bc1-56aa-4f15-8d2a-daf6301832cd___RS_HL 4007.JPG,ebcad00f9b34c133,rejected
672d786f28c5d237,223,aec2208cfbdcb08d,near_duplicate,672d786f28c5d237,6.0,0.90625,color,soybean___healthy,Soybean___healthy/935369be-b082-4836-ba97-81f5f8e274b9___RS_HL 4247.JPG,eec5851e92789371,rejected
672d786f28c5d237,223,b506151777ba9ead,near_duplicate,672d786f28c5d237,16.0,0.75,color,soybean___healthy,Soybean___healthy/94667f5e-1d79-4406-b41a-b64d3cfb0ff8___RS_HL 5586 1.JPG,eac2d40f9e3c9135,rejected
672d786f28c5d237,223,c9992c77cee23bf9,near_duplicate,672d786f28c5d237,14.0,0.78125,color,soybean___healthy,Soybean___healthy/94d44bfd-1f81-4570-81a8-42866a13d02c___RS_HL 5655 1.JPG,fac28d1f90319337,rejected
672d786f28c5d237,223,26d91193f67329cd,near_duplicate,672d786f28c5d237,22.0,0.65625,color,soybean___healthy,Soybean___healthy/9517b201-9852-4456-a2af-ad45944d45cf___RS_HL 3777.JPG,ebcad00f9b3c9930,rejected
672d786f28c5d237,223,7c32305c3c23b0d8,near_duplicate,672d786f28c5d237,12.0,0.8125,color,soybean___healthy,Soybean___healthy/964186af-88bb-4eba-b88b-eb961fc04786___RS_HL 5345.JPG,eac0951f9431d337,rejected
672d786f28c5d237,223,658b07b19ba905fe,near_duplicate,672d786f28c5d237,18.0,0.71875,color,soybean___healthy,Soybean___healthy/964c587c-ab35-4cb1-ab5d-af34c46e4464___RS_HL 3165.JPG,aaca850f9f3d90b4,rejected
672d786f28c5d237,223,24b3d6ebcb9f384d,near_duplicate,672d786f28c5d237,6.0,0.90625,color,soybean___healthy,Soybean___healthy/9664f7f6-4780-467e-8368-62dd94313ac8___RS_HL 4213.JPG,eac1851f96389379,rejected
672d786f28c5d237,223,3614b551d8b648ec,near_duplicate,672d786f28c5d237,16.0,0.75,color,soybean___healthy,Soybean___healthy/969b3f38-922e-4d4c-86b8-e4390d418649___RS_HL 3013.JPG,ea42c50f97399ab4,rejected
672d786f28c5d237,223,7048b4ae5dd67d2b,near_duplicate,672d786f28c5d237,10.0,0.84375,color,soybean___healthy,Soybean___healthy/97eb9c15-be05-45f5-94bd-97d5673c906a___RS_HL 7228.JPG,ebc4c51e96789aa1,rejected
672d786f28c5d237,223,5217c5ef8d1fd54b,near_duplicate,672d786f28c5d237,14.0,0.78125,color,soybean___healthy,Soybean___healthy/9898aa61-2804-4b30-a52c-bdf95cbdd013___RS_HL 4912.JPG,abc8850fdc38d333,rejected
672d786f28c5d237,223,d9f82cbf94af0d48,near_duplicate,672d786f28c5d237,24.0,0.625,color,soybean___healthy,Soybean___healthy/9bc58625-250a-46e2-9bdb-1f796b488c01___RS_HL 3539.JPG,fa4ad48b9a3d9930,rejected
672d786f28c5d237,223,128a61ea3e0330a7,near_duplicate,672d786f28c5d237,10.0,0.84375,color,soybean___healthy,Soybean___healthy/9d658393-93ae-4a80-9bb7-13d77fdf6061___RS_HL 3519.JPG,eec4c51e96389a39,rejected
672d786f28c5d237,223,ced7ce96fb4beb20,near_duplicate,672d786f28c5d237,20.0,0.6875,color,soybean___healthy,Soybean___healthy/9e65c8f4-f861-49c5-ae78-50b134ec3670___RS_HL 5716 1.JPG,efc2d40f98349137,rejected
672d786f28c5d237,223,f0ea1c221f73f1a5,near_duplicate,672d786f28c5d237,14.0,0.78125,color,soybean___healthy,Soybean___healthy/9f1eec5c-1947-4d2b-8ab2-25a4de57d01d___RS_HL 7189.JPG,eac9850f9469d237,rejected
672d786f28c5d237,223,13ae01f9fdcf7062,near_duplicate,672d786f28c5d237,16.0,0.75,color,soybean___healthy,Soybean___healthy/a28857ad-12e4-4ff7-8041-b00dba31dc57___RS_HL 5584 1.JPG,eac0871fb033d336,rejected
672d786f28c5d237,223,f35efe9913888f7c,near_duplicate,672d786f28c5d237,16.0,0.75,color,soybean___healthy,Soybean___healthy/a522afba-a47b-453e-bb3e-bcd4f8d3a411___RS_HL 3253.JPG,efc0850f9c3cd037,rejected
672d786f28c5d237,223,03605297cbf12495,near_duplicate,672d786f28c5d237,12.0,0.8125,color,soybean___healthy,Soybean___healthy/a5dc2d7d-2819-41e3-914a-2a05df01ab37___RS_HL 4568.JPG,ebc1851f9032d367,rejected
672d786f28c5d237,223,f175d4b3c2d4927a,near_duplicate,672d786f28c5d237,24.0,0.625,color,soybean___healthy,Soybean___healthy/a8e49f7b-fd02-4620-a80d-035b239f811e___RS_HL 4663.JPG,eb4ad00fda3cd132,rejected
672d786f28c5d237,223,96aecaae505ca438,near_duplicate,672d786f28c5d237,24.0,0.625,color,soybean___healthy,Soybean___healthy/ab50f101-c720-4870-b65f-2acc76e400e9___RS_HL 4295.JPG,adcbd20f9a3e9130,rejected
672d786f28c5d237,223,ecf8f1af302493ef,near_duplicate,672d786f28c5d237,18.0,0.71875,color,soybean___healthy,Soybean___healthy/afa5ace9-4b20-4250-83f0-2b2a8bc8d2a8___RS_HL 4230.JPG,abe0850f9e3cd037,rejected
672d786f28c5d237,223,6df2646a2c8ac66f,near_duplicate,672d786f28c5d237,22.0,0.65625,color,soybean___healthy,Soybean___healthy/b5bf6916-482e-42fa-83b7-63ec393db2c0___RS_HL 5293.JPG,afc8d20f9e389037,rejected
672d786f28c5d237,223,9f1d62376e89b346,near_duplicate,672d786f28c5d237,22.0,0.65625,color,soybean___healthy,Soybean___healthy/b6d3d2d3-1cc2-4d0e-8555-143068142478___RS_HL 4650.JPG,fac2951d9037e326,rejected
672d786f28c5d237,223,788d5d2930e39d09,near_duplicate,672d786f28c5d237,10.0,0.84375,color,soybean___healthy,Soybean___healthy/b7174c7a-1316-4850-92b5-a55fc8cd84bb___RS_HL 3670.JPG,ebc1851f90399337,rejected
672d786f28c5d237,223,3624650c822d7a52,near_duplicate,672d786f28c5d237,22.0,0.65625,color,soybean___healthy,Soybean___healthy/b71c6688-52cd-4b2c-b3df-3fa35c3fcbdb___RS_HL 5282.JPG,abc2953f9235c326,rejected
672d786f28c5d237,223,ad92d48e12b278fb,near_duplicate,672d786f28c5d237,12.0,0.8125,color,soybean___healthy,Soybean___healthy/b7e1aa10-0274-4d70-9d6b-9f993b727192___RS_HL 5395.JPG,abc5c51f97789221,rejected
672d786f28c5d237,223,80c068a8c7ad872d,near_duplicate,672d786f28c5d237,14.0,0.78125,color,soybean___healthy,Soybean___healthy/b84d5fcc-188e-4b73-b8a5-262600c5c944___RS_HL 3410.JPG,eec4850f96789a2d,rejected
672d786f28c5d237,223,8e026da90cc12578,near_duplicate,672d786f28c5d237,14.0,0.78125,color,soybean___healthy,Soybean___healthy/b91142eb-080a-4465-9082-c9f404e81e19___RS_HL 5451.JPG,eac0a50f943bd237,rejected
672d786f28c5d237,223,8eedbe053d536efb,near_duplicate,672d786f28c5d237,6.0,0.90625,color,soybean___healthy,Soybean___healthy/bb171f67-77ec-4025-9ff3-ea5b66be396b___RS_HL 6945.JPG,eac4851f9638d371,rejected
672d786f28c5d237,223,8c567af239d43d4d,near_duplicate,672d786f28c5d237,16.0,0.75,color,soybean___healthy,Soybean___healthy/bd99e361-f8fe-4fdd-b07d-8e17a501f710___RS_HL 3510.JPG,efe0850fd438d037,rejected
672d786f28c5d237,223,10ea864b671d0923,near_duplicate,672d786f28c5d237,14.0,0.78125,color,soybean___healthy,Soybean___healthy/be054827-d4a8-404e-a5d8-8ef3d7c62c15___RS_HL 3232.JPG,eac2951f9033d635,rejected
672d786f28c5d237,223,f9fc9bec266a347e,near_duplicate,672d786f28c5d237,14.0,0.78125,color,soybean___healthy,Soybean___healthy/c01dec35-4a1c-4c3b-95e9-e2a727978136___RS_HL 5450.JPG,eac2951f9431d237,rejected
672d786f28c5d237,223,9671d03279d0feab,near_duplicate,672d786f28c5d237,16.0,0.75,color,soybean___healthy,Soybean___healthy/c20faf5e-7487-4a7f-9579-767b9ade0164___RS_HL 4232.JPG,eaca951f9031c337,rejected
672d786f28c5d237,223,6e87100e0ce507de,near_duplicate,672d786f28c5d237,10.0,0.84375,color,soybean___healthy,Soybean___healthy/c26f8f2c-6c70-4f51-88fb-49c780e667f8___RS_HL 5426.JPG,eac9851f963c9a70,rejected
672d786f28c5d237,223,c16d4c8ad77f3425,near_duplicate,672d786f28c5d237,10.0,0.84375,color,soybean___healthy,Soybean___healthy/c27e227c-ce19-40af-8edb-d40f5f73c725___RS_HL 5424.JPG,ebc9851f9c389233,rejected
672d786f28c5d237,223,f9f110c5eb6d2818,near_duplicate,672d786f28c5d237,14.0,0.78125,color,soybean___healthy,Soybean___healthy/c3498c7b-6fd4-46c3-91c6-efebebf326e1___RS_HL 4886.JPG,eb41850f9c3cd237,rejected
672d786f28c5d237,223,59c0d2d4416f1675,near_duplicate,672d786f28c5d237,22.0,0.65625,color,soybean___healthy,Soybean___healthy/c3e1d866-47c6-4ed3-8c1a-c59328c60ba3___RS_HL 3631.JPG,ea4ad10f9a3cd136,rejected
672d786f28c5d237,223,fca9a12a3ade5ee9,near_duplicate,672d786f28c5d237,10.0,0.84375,color,soybean___healthy,Soybean___healthy/c4dd4ae6-a23c-4e18-9f7e-a93bb0cbf7dd___RS_HL 3902.JPG,eac9851f9030d3b7,rejected
672d786f28c5d237,223,f4c528958eb19d14,near_duplicate,672d786f28c5d237,6.0,0.90625,color,soybean___healthy,Soybean___healthy/c55c20a5-c529-43af-949e-cfaad2377481___RS_HL 5454.JPG,eac5851e96789b31,rejected
672d786f28c5d237,223,6ba47ff34c15cc0c,near_duplicate,672d786f28c5d237,6.0,0.90625,color,soybean___healthy,Soybean___healthy/c734a02e-694c-4f03-b268-2611d73cee33___RS_HL 5186.JPG,eac5851e9c389b33,rejected
672d786f28c5d237,223,09722a0cde527474,near_duplicate,672d786f28c5d237,24.0,0.625,color,soybean___healthy,Soybean___healthy/c89daf4e-0c70-4dee-88fa-1762278caa21___RS_HL 5291.JPG,aaca940d9a35d976,rejected
672d786f28c5d237,223,9f2bb6f2335a6fb9,near_duplicate,672d786f28c5d237,16.0,0.75,color,soybean___healthy,Soybean___healthy/d0816456-9583-4738-904b-fc696ea0a4ca___RS_HL 3928.JPG,ebc8951f98349336,rejected
672d786f28c5d237,223,ffb03a1333d6a294,near_duplicate,672d786f28c5d237,18.0,0.71875,color,soybean___healthy,Soybean___healthy/d1f81bac-3d5e-46e2-b311-ac83eb6ba43b___RS_HL 3419.JPG,eac8951fd033c336,rejected
672d786f28c5d237,223,9dfa648b9becb6db,near_duplicate,672d786f28c5d237,12.0,0.8125,color,soybean___healthy,Soybean___healthy/d24dfe8d-018b-4d71-80d7-9971014d022e___RS_HL 3784.JPG,ebc1851f9a30d3b2,rejected
672d786f28c5d237,223,790dcd2a84392f7e,near_duplicate,672d786f28c5d237,16.0,0.75,color,soybean___healthy,Soybean___healthy/d368f087-3644-4c26-8837-2be13a3105e9___RS_HL 4500.JPG,eacac00f973c9bb0,rejected
672d786f28c5d237,223,b03947a7bf8fe045,near_duplicate,672d786f28c5d237,26.0,0.59375,color,soybean___healthy,Soybean___healthy/d39b2306-9188-459e-81e2-dba01b77c0ce___RS_HL 4482.JPG,ffc2d08d9b1c9930,rejected
672d786f28c5d237,223,78e5a97257db1f68,near_duplicate,672d786f28c5d237,16.0,0.75,color,soybean___healthy,Soybean___healthy/d4a90bc6-db0f-43e2-b3ac-7b178b6fb3ec___RS_HL 4058.JPG,eac2951f9035c727,rejected
672d786f28c5d237,223,88d53dc52e3fd65b,near_duplicate,672d786f28c5d237,14.0,0.78125,color,soybean___healthy,Soybean___healthy/d4f02410-2c32-4c58-83dd-b3febe7446ad___RS_HL 5567 1.JPG,efc1a50f943ed031,rejected
672d786f28c5d237,223,f670851b8a902a40,near_duplicate,672d786f28c5d237,16.0,0.75,color,soybean___healthy,Soybean___healthy/d64feb8f-a1c3-411b-825b-8e2f05b7889e___RS_HL 3023.JPG,ea4ac50f96349bb2,rejected
672d786f28c5d237,223,2c0c30e7dedeb350,near_duplicate,672d786f28c5d237,22.0,0.65625,color,soybean___healthy,Soybean___healthy/d75d07a5-87dc-42ed-bb0e-93fdd4986cde___RS_HL 3611.JPG,eac2952d9a35d136,rejected
672d786f28c5d237,223,588783f1dab5a6e9,near_duplicate,672d786f28c5d237,22.0,0.65625,color,soybean___healthy,Soybean___healthy/d9727e36-342b-473d-bd6a-82f1eef80966___RS_HL 4783.JPG,eaca952f9835c136,rejected
672d786f28c5d237,223,6a1c8a58dbee43a0,near_duplicate,672d786f28c5d237,14.0,0.78125,color,soybean___healthy,Soybean___healthy/daa91624-f9bc-438b-b3a4-19bbdae8470b___RS_HL 7314.JPG,ebc8c51f963c98b0,rejected
672d786f28c5d237,223,92990f7a79761ad7,near_duplicate,672d786f28c5d237,22.0,0.65625,color,soybean___healthy,Soybean___healthy/dc49eeea-4d43-4705-9f69-aa7dee38226b___RS_HL 3140.JPG,eb4ad10fda3c9930,rejected
672d786f28c5d237,223,db6239cb4ed762df,near_duplicate,672d786f28c5d237,8.0,0.875,color,soybean___healthy,Soybean___healthy/e7ba78f5-d6e6-4270-868e-36131a28c109___RS_HL 4227.JPG,eae5c51e96389a31,rejected
672d786f28c5d237,223,f544187c20de638f,near_duplicate,672d786f28c5d237,10.0,0.84375,color,soybean___healthy,Soybean___healthy/e91d3d42-f796-4dba-9890-ca2dd1613e08___RS_HL 5246.JPG,ebc0c51f90399373,rejected
672d786f28c5d237,223,1b4f3c028b913269,near_duplicate,672d786f28c5d237,18.0,0.71875,color,soybean___healthy,Soybean___healthy/e9c46009-365d-4b82-8254-f31aaa6af0e7___RS_HL 5086.JPG,eacac10f97bc9a30,rejected
672d786f28c5d237,223,8b0153cb5bc09324,near_duplicate,672d786f28c5d237,20.0,0.6875,color,soybean___healthy,Soybean___healthy/eb53cf09-386e-4837-ba77-dae9c97e494b___RS_HL 5373.JPG,eaca953d9234c336,rejected
672d786f28c5d237,223,a748e5e17935c8e0,near_duplicate,672d786f28c5d237,18.0,0.71875,color,soybean___healthy,Soybean___healthy/eddf509b-db08-47ae-b836-ea3c35c0cd04___RS_HL 5523 1.JPG,ebc2950f98359137,rejected
672d786f28c5d237,223,06a3d5b54c0c6264,near_duplicate,672d786f28c5d237,20.0,0.6875,color,soybean___healthy,Soybean___healthy/ee016082-8bf6-40e9-b8fe-01fed30993e2___RS_HL 5128.JPG,abc2950f923dc366,rejected
672d786f28c5d237,223,68308009a77a79d5,near_duplicate,672d786f28c5d237,16.0,0.75,color,soybean___healthy,Soybean___healthy/ee483a3d-093a-4ab9-a279-bcb86c947c95___RS_HL 4460.JPG,ea40850f9e3dd237,rejected
672d786f28c5d237,223,e0e50935752ba92b,near_duplicate,672d786f28c5d237,10.0,0.84375,color,soybean___healthy,Soybean___healthy/f217149e-d994-433b-8518-445c57d57f40___RS_HL 7078.JPG,ea85851e94bad23b,rejected
672d786f28c5d237,223,53e8ec93419c834b,near_duplicate,672d786f28c5d237,20.0,0.6875,color,soybean___healthy,Soybean___healthy/f33280af-bb4d-441f-9b4c-fa6162d9223d___RS_HL 4856.JPG,aaea850b9f3d9035,rejected
672d786f28c5d237,223,a151d5cfdef51a03,near_duplicate,672d786f28c5d237,8.0,0.875,color,soybean___healthy,Soybean___healthy/f36b448a-003e-429a-86a3-ec30cbbebdec___RS_HL 2948.JPG,eac5851f94789267,rejected
672d786f28c5d237,223,e49dc8ce8ae16439,near_duplicate,672d786f28c5d237,22.0,0.65625,color,soybean___healthy,Soybean___healthy/f64a17dd-cbc4-49ae-8141-4ad559e9eb1d___RS_HL 2845.JPG,abcad5059f38d033,rejected
672d786f28c5d237,223,b4b34a85a0ef848d,near_duplicate,672d786f28c5d237,8.0,0.875,color,soybean___healthy,Soybean___healthy/f68b8d6d-b1dd-40ff-b341-3f7963ad7281___RS_HL 5553 1.JPG,eac1c51f96389a71,rejected
672d786f28c5d237,223,c44de7e6545b4fa0,near_duplicate,672d786f28c5d237,18.0,0.71875,color,soybean___healthy,Soybean___healthy/f71f7690-b33a-498d-9200-5d064c2f8b8c___RS_HL 3680.JPG,eac2850f9a359937,rejected
672d786f28c5d237,223,6e1d6b264432b922,near_duplicate,672d786f28c5d237,18.0,0.71875,color,soybean___healthy,Soybean___healthy/f85719d3-fe2b-4c8c-b542-4b5b29ba9daf___RS_HL 5557 1.JPG,fac2c00b97bc9ab1,rejected
672d786f28c5d237,223,e952a23d9ef88d0b,near_duplicate,672d786f28c5d237,6.0,0.90625,color,soybean___healthy,Soybean___healthy/f8770750-7952-40f8-94eb-57300636a96d___RS_HL 4301.JPG,eae1851e94789379,rejected
672d786f28c5d237,223,21ffb1751aae35bc,near_duplicate,672d786f28c5d237,14.0,0.78125,color,soybean___healthy,Soybean___healthy/f8ab1a01-10af-483e-a910-128dcd499569___RS_HL 3910.JPG,ebc0851fd830d337,rejected
672d786f28c5d237,223,ac093bbb0074ead6,near_duplicate,672d786f28c5d237,16.0,0.75,color,soybean___healthy,Soybean___healthy/f93ccd71-d207-4661-a4f0-2efa3cf157de___RS_HL 5332.JPG,eee0a507943e927c,rejected
672d786f28c5d237,223,8798b7a90605fd36,near_duplicate,672d786f28c5d237,26.0,0.59375,color,soybean___healthy,Soybean___healthy/f94d610a-3d85-4a13-bf89-66622f71c4a0___RS_HL 5301.JPG,bfcad08d9b3c9130,rejected
672d786f28c5d237,223,4f8e72605af36f7c,near_duplicate,672d786f28c5d237,20.0,0.6875,color,soybean___healthy,Soybean___healthy/f954a450-269f-4774-9a52-0224b1976ef4___RS_HL 3138.JPG,abccd5079e3cd830,rejected
672d786f28c5d237,223,7f8425750e5cef10,near_duplicate,672d786f28c5d237,14.0,0.78125,color,soybean___healthy,Soybean___healthy/faaf1977-8121-4b49-88f5-46b21b4e400e___RS_HL 4623.JPG,eaccc50f973c9a30,rejected
672d786f28c5d237,223,0a538cb9162ae092,near_duplicate,672d786f28c5d237,8.0,0.875,color,soybean___healthy,Soybean___healthy/fae54d78-acec-407e-99ff-4f54a175fd6b___RS_HL 4938.JPG,eac5c51e9e389079,rejected
672d786f28c5d237,223,6bb84d81d6051110,near_duplicate,672d786f28c5d237,16.0,0.75,color,soybean___healthy,Soybean___healthy/fb0c72a7-b8f2-458f-ae5a-0d3a6c153f52___RS_HL 5278.JPG,efc8851f9230d327,rejected
672d786f28c5d237,223,1bd1f767e21bc6db,near_duplicate,672d786f28c5d237,14.0,0.78125,color,soybean___healthy,Soybean___healthy/fd7d0d1b-7f3d-4fb9-8f3c-959595e1ece5___RS_HL 5711 1.JPG,ebc8850f9439d237,rejected
672d786f28c5d237,223,704928151126046b,near_duplicate,672d786f28c5d237,16.0,0.75,color,soybean___healthy,Soybean___healthy/fe1dd2f1-7456-4c7b-8801-66c45816ba7a___RS_HL 3912.JPG,aac2958f9e3c9135,rejected
672d786f28c5d237,223,ca1c52ed4820fc4c,near_duplicate,672d786f28c5d237,18.0,0.71875,color,soybean___healthy,Soybean___healthy/ff050cbf-3f4d-4294-b192-086d0b351c34___RS_HL 5594 1.JPG,ebe8850fdc18d037,rejected
672d786f28c5d237,223,bd9ed304472d5271,near_duplicate,672d786f28c5d237,20.0,0.6875,color,soybean___healthy,Soybean___healthy/ff5d05c7-398d-4170-a684-64552d5a5bc1___RS_HL 5463.JPG,afc8c00f9e3cd133,rejected
672d786f28c5d237,223,bd7b70a0f2e03f88,near_duplicate,672d786f28c5d237,6.0,0.90625,color,soybean___healthy,Soybean___healthy/fff606e6-7949-44cf-90d3-9507d2a97cfe___RS_HL 4083.JPG,eac5851e9438d33b,rejected
672d786f28c5d237,223,ab9f3b400f440688,near_duplicate,672d786f28c5d237,14.0,0.78125,color,tomato___bacterial_spot,Tomato___Bacterial_spot/947b3e00-f128-48a1-b130-8170ef1d7ece___GCREC_Bact.Sp 3409.JPG,fae0851f9c3ad039,rejected
672d786f28c5d237,223,40f8cc48e45219d2,near_duplicate,672d786f28c5d237,10.0,0.84375,color,tomato___bacterial_spot,Tomato___Bacterial_spot/afa683b3-63de-43c1-81c6-deb8210b0d47___GCREC_Bact.Sp 5867.JPG,ebc1c51f86389339,rejected
672d786f28c5d237,223,d20163f839ff0409,near_duplicate,672d786f28c5d237,10.0,0.84375,color,tomato___bacterial_spot,Tomato___Bacterial_spot/f8612abc-7408-451f-b6b8-89561d679bd0___GCREC_Bact.Sp 2997.JPG,eaa5851e96f89b21,rejected
672d786f28c5d237,223,dbc295710e879faf,near_duplicate,672d786f28c5d237,10.0,0.84375,color,tomato___late_blight,Tomato___Late_blight/23c5c930-6830-46c6-8353-616c0b34ae12___RS_Late.B 4947.JPG,fac4851f9238cb71,rejected
672d786f28c5d237,223,d2cec0b9d0884b05,near_duplicate,672d786f28c5d237,8.0,0.875,color,tomato___septoria_leaf_spot,Tomato___Septoria_leaf_spot/b12f3967-aa7e-4c0a-bb81-9b96a3e6587d___Matt.S_CG 1249.JPG,ebc0851f9438d379,rejected
672d786f28c5d237,223,e2ecb0ab0fc0c239,near_duplicate,672d786f28c5d237,8.0,0.875,color,tomato___septoria_leaf_spot,Tomato___Septoria_leaf_spot/c5806b61-685f-43a2-a5af-c8c9f086e7ea___Matt.S_CG 1244.JPG,eae1851f9038937b,rejected
ee5116b15ec338c7,2,ee5116b15ec338c7,representative,,,1.0,color,apple___healthy,Apple___healthy/1ab5e019-e5f0-4d8e-a252-94cb0aab8b0a___RS_HL 6269.JPG,eac2859fb22c616d,accepted
ee5116b15ec338c7,2,474bd23e96af0444,exact_duplicate,ee5116b15ec338c7,0.0,1.0,color,apple___healthy,Apple___healthy/3673d121-b5de-481c-b057-d4ee5b4959b1___RS_HL 6269.JPG,eac2859fb22c616d,rejected
8fba16ca51370369,7,6edb992e00b80d54,near_duplicate,8fba16ca51370369,6.0,0.90625,color,apple___healthy,Apple___healthy/269865f0-68b7-4046-8076-22e347b36567___RS_HL 6256.JPG,ebc2850f903db237,rejected
8fba16ca51370369,7,ad8b6d762cdd2a75,near_duplicate,8fba16ca51370369,8.0,0.875,color,soybean___healthy,Soybean___healthy/44f04573-0605-439d-b9e3-90c8651737f8___RS_HL 3524.JPG,fac2858b963d9325,rejected
8fba16ca51370369,7,8981de9d3f72623b,near_duplicate,8fba16ca51370369,4.0,0.9375,color,soybean___healthy,Soybean___healthy/459dcdba-1f87-4c2e-8a01-b0a9785bf284___RS_HL 5657 1.JPG,eac2858b963db227,rejected
8fba16ca51370369,7,8fba16ca51370369,representative,,,1.0,color,soybean___healthy,Soybean___healthy/49e54b3c-7101-44f8-ab24-99ee7e943e73___RS_HL 5672 1.JPG,eec2848f923db227,accepted
8fba16ca51370369,7,b078e41a8d1a5293,near_duplicate,8fba16ca51370369,8.0,0.875,color,soybean___healthy,Soybean___healthy/bab318a4-89b6-4ccc-a376-a2fe49ba3e5a___RS_HL 5503.JPG,eac2818f943db335,rejected
8fba16ca51370369,7,6d402f2d0078b04b,near_duplicate,8fba16ca51370369,8.0,0.875,color,soybean___healthy,Soybean___healthy/c072aed5-b91b-4d4d-a7b4-9ae81591ef08___RS_HL 4493.JPG,ebc2850f963d9235,rejected
8fba16ca51370369,7,b7c99483147aada1,near_duplicate,8fba16ca51370369,6.0,0.90625,color,soybean___healthy,Soybean___healthy/cc26489a-267e-405a-9c10-5f9cb290fcad___RS_HL 5432.JPG,eac2858f963d9325,rejected
137da69a5e1bd549,2,c95502061acdd7cb,near_duplicate,137da69a5e1bd549,4.0,0.9375,color,apple___healthy,Apple___healthy/274144ec-893c-43fb-ad9a-18f71ead2e58___RS_HL 5971.JPG,eac0859fb4313367,rejected
137da69a5e1bd549,2,137da69a5e1bd549,representative,,,1.0,color,apple___healthy,Apple___healthy/fad6efb7-4486-4c45-8b23-1b6cf2a2912a___RS_HL 6077.JPG,eac0959db431b366,accepted
fef1d87c7136340d,2,fef1d87c7136340d,representative,,,1.0,color,apple___healthy,Apple___healthy/298c8daf-43cc-4f65-b2db-65623425e5f8___RS_HL 6103.JPG,ab6ad0858d9f9499,accepted
fef1d87c7136340d,2,2e87a204b4fe36e7,near_duplicate,fef1d87c7136340d,4.0,0.9375,color,apple___healthy,Apple___healthy/9fc6acc1-0394-498d-b51c-d2e92febae55___RS_HL 6013.JPG,ab6ac28d8d9f9491,rejected
edb190b9a904f9cd,2,edb190b9a904f9cd,representative,,,1.0,color,apple___healthy,Apple___healthy/2a73c206-19c5-4f7c-80da-1bdf62354562___RS_HL 6082.JPG,fec0c50fd834c933,accepted
edb190b9a904f9cd,2,e28c7fbc6619c200,near_duplicate,edb190b9a904f9cd,4.0,0.9375,color,potato___late_blight,Potato___Late_blight/523537e5-5795-40f6-ad49-9394aeca3f2e___RS_LB 3848.JPG,fee0c50fd814c91b,rejected
332352c3a1750a8c,2,332352c3a1750a8c,representative,,,1.0,color,apple___healthy,Apple___healthy/2abb295b-31c5-4e5f-b5c7-94ca57e94305___RS_HL 6277.JPG,aec2951dd834d137,accepted
332352c3a1750a8c,2,79f4cd59009bb2f5,near_duplicate,332352c3a1750a8c,4.0,0.9375,color,soybean___healthy,Soybean___healthy/442d762d-701e-40c8-a51d-7e8604e462f7___RS_HL 4781.JPG,abca951d9834d137,rejected
b629a362dee74733,2,b629a362dee74733,representative,,,1.0,color,apple___healthy,Apple___healthy/375f1e44-235c-4ef0-a156-077b71abeed3___RS_HL 8162.JPG,eac2952d9a38c7b1,accepted
b629a362dee74733,2,44e1d4d4b4ef94aa,near_duplicate,b629a362dee74733,4.0,0.9375,color,apple___healthy,Apple___healthy/abc9f5f6-ea98-46c0-8df7-2986969318bf___RS_HL 5928.JPG,eac2952dda32c7b0,rejected
b6af7f9b21604104,2,b6af7f9b21604104,representative,,,1.0,color,apple___healthy,Apple___healthy/3d075f90-7002-4c45-abc0-4f35ee49aa79___RS_HL 6272.JPG,ad6bd21cdb92c413,accepted
b6af7f9b21604104,2,fda1e23cc947c4ff,exact_duplicate,b6af7f9b21604104,0.0,1.0,color,apple___healthy,Apple___healthy/acb21cc2-8d65-4880-a7bb-dcc1eab1564b___RS_HL 6272.JPG,ad6bd21cdb92c413,rejected
4a3bdc38548ce41e,19,3ed14dac74f9a97e,near_duplicate,4a3bdc38548ce41e,10.0,0.84375,color,apple___healthy,Apple___healthy/445d268a-415e-41d4-80de-0116fdaca73d___RS_HL 5982.JPG,fec0d10f98399137,rejected
4a3bdc38548ce41e,19,b058c037e90e1203,near_duplicate,4a3bdc38548ce41e,12.0,0.8125,color,pepper_bell___bacterial_spot,"Pepper,_bell___Bacterial_spot/aca08460-3229-47d9-9ce6-7b2bb9f1ce7f___JR_B.Spot 8901.JPG",eac2d40f94bc93b1,rejected
4a3bdc38548ce41e,19,34e275a5bd191d1f,near_duplicate,4a3bdc38548ce41e,12.0,0.8125,color,pepper_bell___healthy,"Pepper,_bell___healthy/537a12f3-7157-461c-8e15-631bc74e3b3a___JR_HL 5810.JPG",eac2950f9e31e227,rejected
4a3bdc38548ce41e,19,5e6e1b4336332cd7,near_duplicate,4a3bdc38548ce41e,12.0,0.8125,color,raspberry___healthy,Raspberry___healthy/a23af825-fd84-4605-bba9-2560a70c576f___Mary_HL 6371.JPG,eac2950f963d9932,rejected
4a3bdc38548ce41e,19,7f479590f8e2a0b5,near_duplicate,4a3bdc38548ce41e,14.0,0.78125,color,soybean___healthy,Soybean___healthy/0ca2cd1f-bd70-49f5-9e1d-fb51958aee44___RS_HL 5014.JPG,ead2850f9e35e027,rejected
4a3bdc38548ce41e,19,515ff3306f3f89d5,near_duplicate,4a3bdc38548ce41e,8.0,0.875,color,soybean___healthy,Soybean___healthy/27a2656d-1dfc-46f0-a4c8-9c706b10e631___RS_HL 4759.JPG,fac2811f9838d337,rejected
4a3bdc38548ce41e,19,9e4392f7f78c5fdc,near_duplicate,4a3bdc38548ce41e,10.0,0.84375,color,soybean___healthy,Soybean___healthy/49d5db61-ba38-49ea-9665-18f9bafeda55___RS_HL 3724.JPG,eac2c50f94bd91b1,rejected
4a3bdc38548ce41e,19,1540e22a56a4689b,near_duplicate,4a3bdc38548ce41e,10.0,0.84375,color,soybean___healthy,Soybean___healthy/64fe4099-f5d1-4c59-af2f-31d1a6349f7d___RS_HL 5183.JPG,fac2800f9c39d337,rejected
4a3bdc38548ce41e,19,4a3bdc38548ce41e,representative,,,1.0,color,soybean___healthy,Soybean___healthy/802dcff5-c90d-4f14-925e-5d7abec31d9c___RS_HL 4916.JPG,eacac51f98319333,accepted
4a3bdc38548ce41e,19,5f393f5414a8d91c,near_duplicate,4a3bdc38548ce41e,10.0,0.84375,color,soybean___healthy,Soybean___healthy/96ed0cac-7163-49ef-a9b0-26bda3a71ad0___RS_HL 5458.JPG,eac2d50f963d9330,rejected
4a3bdc38548ce41e,19,3d19a7fd78688577,near_duplicate,4a3bdc38548ce41e,8.0,0.875,color,soybean___healthy,Soybean___healthy/b0dacbcd-d641-413f-8f7b-0e34d9bae403___RS_HL 5391.JPG,fac2850f9a30d337,rejected
4a3bdc38548ce41e,19,c0c2d8c170e2fb94,near_duplicate,4a3bdc38548ce41e,12.0,0.8125,color,soybean___healthy,Soybean___healthy/b92ff029-51a7-4a2f-8dce-708b5c7f5f95___RS_HL 5072.JPG,eac2850f9635e237,rejected
4a3bdc38548ce41e,19,d847c3042555055f,near_duplicate,4a3bdc38548ce41e,10.0,0.84375,color,soybean___healthy,Soybean___healthy/babe8aca-1308-42eb-942f-1aafcdfb6570___RS_HL 4860.JPG,fec0810f9c399337,rejected
4a3bdc38548ce41e,19,951442737ea623ae,near_duplicate,4a3bdc38548ce41e,6.0,0.90625,color,soybean___healthy,Soybean___healthy/bc370e85-40b2-46ae-8937-72d6e092f0e5___RS_HL 4937.JPG,eac2c51f903d9335,rejected
4a3bdc38548ce41e,19,dfe9ae9e780b4752,near_duplicate,4a3bdc38548ce41e,6.0,0.90625,color,soybean___healthy,Soybean___healthy/cf7944eb-68cb-4d2e-ac24-4827ac0460cb___RS_HL 4067.JPG,eac2c51f943d9331,rejected
4a3bdc38548ce41e,19,f6409e2705bb0c74,near_duplicate,4a3bdc38548ce41e,4.0,0.9375,color,soybean___healthy,Soybean___healthy/d6498a4d-1725-4a1b-b327-5e89fa566b94___RS_HL 5637 1.JPG,eac2c11f98399337,rejected
4a3bdc38548ce41e,19,de5723a477b6e32b,near_duplicate,4a3bdc38548ce41e,12.0,0.8125,color,soybean___healthy,Soybean___healthy/dcd0aa31-f0f7-466c-822c-ee89ffebce3f___RS_HL 5060.JPG,eac2950f9635c137,rejected
4a3bdc38548ce41e,19,d7278a9c6c9f00b4,near_duplicate,4a3bdc38548ce41e,10.0,0.84375,color,soybean___healthy,Soybean___healthy/e88127ad-b59d-44d4-a1bc-3bccbe12bc8d___RS_HL 3979.JPG,ead2850f96359b32,rejected
4a3bdc38548ce41e,19,71cd30e9c9065100,near_duplicate,4a3bdc38548ce41e,8.0,0.875,color,soybean___healthy,Soybean___healthy/f84bd9bb-e705-4781-b83c-069cfd6f139c___RS_HL 5769 1.JPG,eac2950f9a31d327,rejected
90090806e724263f,2,90090806e724263f,representative,,,1.0,color,apple___healthy,Apple___healthy/5192db55-4aa7-421c-92d4-c2dac79e7379___RS_HL 6273.JPG,b412c90f9a69d33b,accepted
90090806e724263f,2,6f25cb3491db3158,exact_duplicate,90090806e724263f,0.0,1.0,color,apple___healthy,Apple___healthy/9b75de13-d4b0-4b3f-988c-3e9926eef957___RS_HL 6273.JPG,b412c90f9a69d33b,rejected
38e9560a46878381,2,38e9560a46878381,representative,,,1.0,color,apple___healthy,Apple___healthy/5941b857-a525-4aff-ba20-def608d63c4d___RS_HL 6119.JPG,fac287bd9834c133,accepted
38e9560a46878381,2,4c2900b265f8d01a,near_duplicate,38e9560a46878381,4.0,0.9375,color,cherry_including_sour___healthy,Cherry_(including_sour)___healthy/162dc895-00e6-4f02-ab49-a7030ec8984d___JR_HL 9445.JPG,fac287bd9832e033,rejected
7df7d64837571629,2,8b15a466dbca2b03,near_duplicate,7df7d64837571629,4.0,0.9375,color,apple___healthy,Apple___healthy/643e172f-02bf-4021-9587-6cfd21c8a344___RS_HL 6053.JPG,afc2d48d993cc932,rejected
7df7d64837571629,2,7df7d64837571629,representative,,,1.0,color,soybean___healthy,Soybean___healthy/dbed8377-f651-4b5e-8a0f-f1f3ec14e81d___RS_HL 4939.JPG,afc2940d9b3cc972,accepted
880208d457d7ef2e,5,adada3b01cc79e57,near_duplicate,880208d457d7ef2e,6.0,0.90625,color,apple___healthy,Apple___healthy/6fe99b1c-d402-4756-a21b-ff964b999adb___RS_HL 6253.JPG,fa9f85d09c4ac8e1,rejected
880208d457d7ef2e,5,3e7eac2e7125ba45,near_duplicate,880208d457d7ef2e,6.0,0.90625,color,raspberry___healthy,Raspberry___healthy/fbe55704-4329-4dd5-a336-9e315186e497___Mary_HL 6321.JPG,fa9f85d0d44ac869,rejected
880208d457d7ef2e,5,880208d457d7ef2e,representative,,,1.0,color,soybean___healthy,Soybean___healthy/1f2ebab4-829f-451d-b087-a4e01bd56822___RS_HL 5238.JPG,fa9e85d096cbc861,accepted
880208d457d7ef2e,5,483d7601c33f5456,near_duplicate,880208d457d7ef2e,4.0,0.9375,color,soybean___healthy,Soybean___healthy/3cb41f89-4e40-4fbd-9715-ce1bf3b1795b___RS_HL 4721.JPG,fa9f85d0964ac869,rejected
880208d457d7ef2e,5,bd9999405be7837e,near_duplicate,880208d457d7ef2e,6.0,0.90625,color,soybean___healthy,Soybean___healthy/97bafb3d-5b02-4bfe-8811-209a6c0b7310___RS_HL 4298.JPG,fa9f85d0d662c861,rejected
3c77d6aaa01048ad,3,2bada7dac0a2e8ed,near_duplicate,3c77d6aaa01048ad,4.0,0.9375,color,apple___healthy,Apple___healthy/7842bd80-8940-4bc3-a3b0-baebe47b6451___RS_HL 5955.JPG,abcad2859b3c9932,rejected
3c77d6aaa01048ad,3,b8d275faf314f691,near_duplicate,3c77d6aaa01048ad,4.0,0.9375,color,soybean___healthy,Soybean___healthy/15bff5bb-17b9-44e6-a878-0c119232f27c___RS_HL 4218.JPG,eacad68599bc9132,rejected
3c77d6aaa01048ad,3,3c77d6aaa01048ad,representative,,,1.0,color,soybean___healthy,Soybean___healthy/8960d72b-5887-4066-881c-5f69669ac381___RS_HL 3741.JPG,abcad28599bd9132,accepted
00cdf2e7563cc604,2,00cdf2e7563cc604,representative,,,1.0,color,apple___healthy,Apple___healthy/89ce10db-057c-4c03-9324-b512db8ca3d6___RS_HL 5797.JPG,fac2858f9c389ab1,accepted
00cdf2e7563cc604,2,0024d31e21775ebe,near_duplicate,00cdf2e7563cc604,4.0,0.9375,color,potato___late_blight,Potato___Late_blight/5e8203e5-b699-4d5a-acb5-08a5f06ee984___RS_LB 5291.JPG,fac2858f9c3c91b1,rejected
5045f14ecb2217d8,2,5045f14ecb2217d8,representative,,,1.0,color,apple___healthy,Apple___healthy/946b311a-cb67-46d4-8c8b-0d91ebd456f3___RS_HL 5809.JPG,eac0958f98b585b3,accepted
5045f14ecb2217d8,2,6fb93c2ecacd6de5,near_duplicate,5045f14ecb2217d8,4.0,0.9375,color,apple___healthy,Apple___healthy/b6808ea5-f26b-49fa-87b2-a1bbbc98d74c___RS_HL 6095.JPG,eac2878f98b581b3,rejected
e08831c529db34f8,2,e08831c529db34f8,representative,,,1.0,color,apple___healthy,Apple___healthy/b0ba7a6d-95eb-44e2-a2a5-4d9ef9b489d7___RS_HL 5896.JPG,bf68ca1684b9b2b4,accepted
e08831c529db34f8,2,ef462a05be72419d,near_duplicate,e08831c529db34f8,4.0,0.9375,color,cherry_including_sour___healthy,Cherry_(including_sour)___healthy/48476597-1b5c-4d55-bd30-80059a2356bf___JR_HL 9674.JPG,af68ca1694b9b3a4,rejected
a26ecc397dac9928,3,273c59e5b4a18db3,near_duplicate,a26ecc397dac9928,4.0,0.9375,color,apple___healthy,Apple___healthy/b68238fa-2e01-43b2-bf8c-0e9d38848b02___RS_HL 6289.JPG,aacaf10f973d9034,rejected
a26ecc397dac9928,3,98b77de3513b1160,near_duplicate,a26ecc397dac9928,4.0,0.9375,color,soybean___healthy,Soybean___healthy/c6599df4-78b4-4056-a211-9d765e8029a1___RS_HL 3446.JPG,aacae10d953f9835,rejected
a26ecc397dac9928,3,a26ecc397dac9928,representative,,,1.0,color,soybean___healthy,Soybean___healthy/c93fee6f-332c-4d0a-92c8-b0333576b038___RS_HL 5564 1.JPG,aacae10f953f9234,accepted
47210fc872a24ce1,2,47210fc872a24ce1,representative,,,1.0,color,apple___healthy,Apple___healthy/cd18fd71-59d6-4d48-8c52-d31ff68f1fe2___RS_HL 5716.JPG,bfe0a487961e9a38,accepted
47210fc872a24ce1,2,1a043c9ac962e1e4,near_duplicate,47210fc872a24ce1,4.0,0.9375,color,soybean___healthy,Soybean___healthy/ca8316a7-e0b2-4757-9d26-357e8c03c2bb___RS_HL 6388.JPG,afe09487961e9a78,rejected
68152d1579ee0249,2,68152d1579ee0249,representative,,,1.0,color,apple___healthy,Apple___healthy/ced4e27a-5eff-4190-a33a-cdc3d84c811e___RS_HL 6270.JPG,f8808547d2f29abd,accepted
68152d1579ee0249,2,99caf77f422da281,exact_duplicate,68152d1579ee0249,0.0,1.0,color,apple___healthy,Apple___healthy/dc18b924-f172-445d-8fed-61445d437aaa___RS_HL 6270.JPG,f8808547d2f29abd,rejected
b835e350f8c04494,3,da61022af81bac6d,near_duplicate,b835e350f8c04494,4.0,0.9375,color,apple___healthy,Apple___healthy/d6590bcb-cb7e-47c9-beb0-80785efb4046___RS_HL 6234.JPG,fac2858d9e38d833,rejected
b835e350f8c04494,3,e57b0983f1ea82af,near_duplicate,b835e350f8c04494,4.0,0.9375,color,soybean___healthy,Soybean___healthy/42fd9a3f-5345-48f3-94fc-8ad5d1787a6e___RS_HL 4743.JPG,eaca850d9f349837,rejected
b835e350f8c04494,3,b835e350f8c04494,representative,,,1.0,color,soybean___healthy,Soybean___healthy/59f0581c-ee87-418a-96db-2b718bd740ee___RS_HL 3614.JPG,fac2858d9f349833,accepted
630602102de81f02,3,630602102de81f02,representative,,,1.0,color,apple___healthy,Apple___healthy/dbea92a9-9473-4cb1-b181-341789de0681___RS_HL 5708.JPG,eb4ad02d9b9c99b0,accepted
630602102de81f02,3,2b96724b70561783,near_duplicate,630602102de81f02,4.0,0.9375,color,soybean___healthy,Soybean___healthy/19de8dd0-f636-4608-9c08-a6b82f7d2924___RS_HL 4164.JPG,ee4ad08d9b9c99b0,rejected
630602102de81f02,3,1227a34b46ab97be,near_duplicate,630602102de81f02,8.0,0.875,color,soybean___healthy,Soybean___healthy/7e33a8b6-8b84-40b9-b84d-70eabb365685___RS_HL 5638 1.JPG,aecad08d9a9e99b0,rejected
458f58eb3b7cb5b5,2,458f58eb3b7cb5b5,representative,,,1.0,color,apple___healthy,Apple___healthy/df61d058-fa1e-4636-97e8-3e1d567fddd9___RS_HL 6139.JPG,bf9fc2e8c460309b,accepted
458f58eb3b7cb5b5,2,4eec204988e6367f,near_duplicate,458f58eb3b7cb5b5,4.0,0.9375,color,cherry_including_sour___healthy,Cherry_(including_sour)___healthy/146525c6-e0e4-4296-b0cc-f08f41bd10b8___JR_HL 9864.JPG,bf9fc2e8c4e030d8,rejected
4dc8167c3026d6a4,3,70104e9dbbd29e35,near_duplicate,4dc8167c3026d6a4,8.0,0.875,color,apple___healthy,Apple___healthy/eb1b7162-9f7a-4bb7-b3fc-5dcaef541b55___RS_HL 6218.JPG,abcbd025c3368d9a,rejected
4dc8167c3026d6a4,3,4dc8167c3026d6a4,representative,,,1.0,color,potato___healthy,Potato___healthy/4bbccfb6-5720-4c80-9b37-0c3ed8999c9f___RS_HL 1791.JPG,af4ed021c33f8d1a,accepted
4dc8167c3026d6a4,3,b585817eebfb1aae,near_duplicate,4dc8167c3026d6a4,4.0,0.9375,color,soybean___healthy,Soybean___healthy/85d2da19-8892-4d83-9b82-bd429f050764___RS_HL 5572 1.JPG,ab4ad025c33f8d9a,rejected
a558c826b29c9f9e,2,a558c826b29c9f9e,representative,,,1.0,color,apple___healthy,Apple___healthy/f2cda910-55c7-46d7-b1a2-9a3bb9792148___RS_HL 6274.JPG,fac2861dd1378734,accepted
a558c826b29c9f9e,2,bcfd1cb4175746a8,exact_duplicate,a558c826b29c9f9e,0.0,1.0,color,apple___healthy,Apple___healthy/fdbfa6f7-f887-442d-8df1-1f0cf839fc4d___RS_HL 6274.JPG,fac2861dd1378734,rejected
21500673cf412940,12,1b5550ddbd7e9067,near_duplicate,21500673cf412940,10.0,0.84375,color,apple___healthy,Apple___healthy/f85fb3d4-c93d-4ef3-8ff2-47171f8aea77___RS_HL 6132.JPG,fa91c14acf699c25,rejected
21500673cf412940,12,bee9fcc24c9b5286,near_duplicate,21500673cf412940,10.0,0.84375,color,cherry_including_sour___healthy,Cherry_(including_sour)___healthy/3465ffb4-8097-454b-a471-f572fdc1da00___JR_HL 9664.JPG,fa91815bce698c65,rejected
21500673cf412940,12,049d4e94820c3f1b,near_duplicate,21500673cf412940,8.0,0.875,color,pepper_bell___healthy,"Pepper,_bell___healthy/71c6e89b-d7df-4ae7-87ff-d58fcef032a8___JR_HL 5836.JPG",bebc805ac7698e25,rejected
21500673cf412940,12,c24ad5f88d68c641,near_duplicate,21500673cf412940,8.0,0.875,color,soybean___healthy,Soybean___healthy/11d1c4c4-5754-4a25-9917-6c6bf2fb0756___RS_HL 3929.JPG,fe90805ac769ce65,rejected
21500673cf412940,12,21500673cf412940,representative,,,1.0,color,soybean___healthy,Soybean___healthy/185fee87-55c5-4965-81dc-ed31a238b970___RS_HL 4926.JPG,fa94a55a87698e25,accepted
21500673cf412940,12,9256f64395c3ab08,near_duplicate,21500673cf412940,6.0,0.90625,color,soybean___healthy,Soybean___healthy/44e51128-5171-47a0-b35c-990dd46904be___RS_HL 4750.JPG,fab4805ac7698e65,rejected
21500673cf412940,12,249cac6424ab65ed,near_duplicate,21500673cf412940,8.0,0.875,color,soybean___healthy,Soybean___healthy/482bb92a-9b28-4707-a266-a3fcccd0ae8c___RS_HL 5187.JPG,fa91815acf698c65,rejected
21500673cf412940,12,9d2c59286a5ddaba,near_duplicate,21500673cf412940,4.0,0.9375,color,soybean___healthy,Soybean___healthy/986a26d5-8dca-4a5e-b782-9a9f4021ddfb___RS_HL 5206.JPG,fa94855ac729ce25,rejected
21500673cf412940,12,5b66bc82d2b50233,near_duplicate,21500673cf412940,8.0,0.875,color,soybean___healthy,Soybean___healthy/b7089d25-1938-4d6e-82f8-6f504c3e26ba___RS_HL 5200.JPG,fa91815ac729ce65,rejected
21500673cf412940,12,bd3321f2294473b6,near_duplicate,21500673cf412940,8.0,0.875,color,soybean___healthy,Soybean___healthy/db599e85-8fc4-4266-8ee8-134917610bc5___RS_HL 5015.JPG,f894815ace69cf25,rejected
21500673cf412940,12,cab16d1e0cfd0677,near_duplicate,21500673cf412940,6.0,0.90625,color,soybean___healthy,Soybean___healthy/e0e643d4-9d0c-4c19-b8ce-43ca6b3e95d5___RS_HL 7260.JPG,fa94815ac669ce65,rejected
21500673cf412940,12,6afbd5600f90bc79,near_duplicate,21500673cf412940,8.0,0.875,color,soybean___healthy,Soybean___healthy/f7989458-20b9-4b08-8fb1-7cf4be78dafe___RS_HL 3447.JPG,fa91815a8f698ce5,rejected
7378953ffac41c91,3,7378953ffac41c91,representative,,,1.0,color,blueberry___healthy,Blueberry___healthy/1289b8c7-9d7d-4afd-acce-3becd99bc4f8___RS_HL 0770.JPG,bfc0d00fc3382ef1,accepted
7378953ffac41c91,3,dbd0d1e3f8c9f94f,near_duplicate,7378953ffac41c91,4.0,0.9375,color,blueberry___healthy,Blueberry___healthy/63122c0c-1a7c-4b26-b9be-b908d63c953e___RS_HL 0359.JPG,bfc0d02fc3380ff0,rejected
7378953ffac41c91,3,28abefe91630fd73,near_duplicate,7378953ffac41c91,4.0,0.9375,color,blueberry___healthy,Blueberry___healthy/a69c62a5-dcb0-4473-a524-464b77c31e50___RS_HL 0447.JPG,bfc0d01fc3381ee1,rejected
577b2517f38be1fa,2,c179a256137078d4,near_duplicate,577b2517f38be1fa,4.0,0.9375,color,blueberry___healthy,Blueberry___healthy/163fa1ca-f6b9-4ce4-8218-771750b3043f___RS_HL 5017.JPG,f3acc0968f4a9c4d,rejected
577b2517f38be1fa,2,577b2517f38be1fa,representative,,,1.0,color,blueberry___healthy,Blueberry___healthy/3b4ab949-7b1d-4127-a1d3-8f125989f495___RS_HL 5019.JPG,f3adc0928f4a9c69,accepted
58147f6abe894b05,2,58147f6abe894b05,representative,,,1.0,color,blueberry___healthy,Blueberry___healthy/17f38da5-9764-456e-9c16-436ec1d69041___RS_HL 0590.JPG,bb1ecfe3c0c661c0,accepted
58147f6abe894b05,2,4707912c144058d4,near_duplicate,58147f6abe894b05,4.0,0.9375,color,blueberry___healthy,Blueberry___healthy/fe4de3f6-ef8e-4e3f-b180-f8dd1c3d54cc___RS_HL 0591.JPG,b93ecee3c0c661d0,rejected
ad383808a10bc578,2,9c81506a149051d6,near_duplicate,ad383808a10bc578,4.0,0.9375,color,blueberry___healthy,Blueberry___healthy/201aef7f-4e1c-4197-ae37-66ca340909bc___RS_HL 0672.JPG,e1b296499be4699a,rejected
ad383808a10bc578,2,ad383808a10bc578,representative,,,1.0,color,blueberry___healthy,Blueberry___healthy/76610fbe-b5da-460e-ae69-29e89b02f1dd___RS_HL 0577.JPG,e1b396699ba4499a,accepted
ce069228f45ead51,2,ce069228f45ead51,representative,,,1.0,color,blueberry___healthy,Blueberry___healthy/39a6957f-2837-4a39-bb60-a8a3c155290f___RS_HL 5099.JPG,af32c00b8b6d9d6c,accepted
ce069228f45ead51,2,daa979294154b65b,near_duplicate,ce069228f45ead51,4.0,0.9375,color,blueberry___healthy,Blueberry___healthy/7b7ada95-0a08-4b41-a028-e4ba89ca33c4___RS_HL 5097.JPG,ad72c00b9b6d9c6c,rejected
0e9bbcbf6ed900f1,2,0e9bbcbf6ed900f1,representative,,,1.0,color,blueberry___healthy,Blueberry___healthy/5f7a4e10-8921-4eb4-ba38-27604654e6ed___RS_HL 2365.JPG,bc9ac16c8663986f,accepted
0e9bbcbf6ed900f1,2,20f46fe7da0bc356,near_duplicate,0e9bbcbf6ed900f1,4.0,0.9375,color,blueberry___healthy,Blueberry___healthy/c1a2c7e3-519d-4104-8641-acc54e2daf0c___RS_HL 0501.JPG,bc9ad06cc6639867,rejected
55cd281c99c54705,2,55cd281c99c54705,representative,,,1.0,color,blueberry___healthy,Blueberry___healthy/79967171-f958-4a4a-96a8-3c98cede2ecd___RS_HL 2349.JPG,bf1fc0e0c8e47398,accepted
55cd281c99c54705,2,ed4f04206245f67d,near_duplicate,55cd281c99c54705,4.0,0.9375,color,tomato___tomato_mosaic_virus,Tomato___Tomato_mosaic_virus/05910684-8466-4472-b520-b6f90bfc0d01___PSU_CG 2076.JPG,af1fc1e068e47398,rejected
694f6fd27c1f325b,2,694f6fd27c1f325b,representative,,,1.0,color,blueberry___healthy,Blueberry___healthy/7fe042f7-a745-4357-af74-9f48f6f6551c___RS_HL 0334.JPG,bf97c07887218e63,accepted
694f6fd27c1f325b,2,c58acd3816e30c30,near_duplicate,694f6fd27c1f325b,4.0,0.9375,color,tomato___leaf_mold,Tomato___Leaf_Mold/036d12b0-1e97-4975-bd80-a8a3c48588e7___Crnl_L.Mold 6500.JPG,bf96c07887238763,rejected
f1ca96064cce66b9,2,7ea7087f1b41048e,near_duplicate,f1ca96064cce66b9,4.0,0.9375,color,blueberry___healthy,Blueberry___healthy/8414bd37-f029-4748-baa3-373c63549003___RS_HL 5110.JPG,f9c9851686e29e39,rejected
f1ca96064cce66b9,2,f1ca96064cce66b9,representative,,,1.0,color,blueberry___healthy,Blueberry___healthy/8c220aee-d920-4f0a-9ecc-180b8edeaa12___RS_HL 5100.JPG,f9c9a11686ea9639,accepted
6579260efdfb96a7,2,6579260efdfb96a7,representative,,,1.0,color,blueberry___healthy,Blueberry___healthy/8be42030-1507-42f3-a15c-7f4058233a54___RS_HL 2406.JPG,f8a5875a8f29cc25,accepted
6579260efdfb96a7,2,d70b2fbf45caae65,near_duplicate,6579260efdfb96a7,4.0,0.9375,color,tomato___spider_mites_two_spotted_spider_mite,Tomato___Spider_mites Two-spotted_spider_mite/b1cb2b7a-afaf-4876-8fc0-25e9dce591a8___Com.G_SpM_FL 9264.JPG,f8a787588d39cc25,rejected
fca880c0d0c8bb31,3,fca880c0d0c8bb31,representative,,,1.0,color,blueberry___healthy,Blueberry___healthy/8e993b68-3e27-4289-abf5-e25a7faac9e1___RS_HL 4885.JPG,adc9c21f9b309372,accepted
fca880c0d0c8bb31,3,93ae58cdd3da2f71,near_duplicate,fca880c0d0c8bb31,4.0,0.9375,color,blueberry___healthy,Blueberry___healthy/db4a99f7-55a2-4cbb-8440-2b22b6b9c217___RS_HL 4884.JPG,edc9c21f9b30a362,rejected
fca880c0d0c8bb31,3,016388eddf315b12,near_duplicate,fca880c0d0c8bb31,4.0,0.9375,color,pepper_bell___healthy,"Pepper,_bell___healthy/8de81983-7026-47e2-a972-854af986bfc0___JR_HL 5879.JPG",ad4bc21f9a349372,rejected
d4fddb76d0b2663c,211,d4fddb76d0b2663c,representative,,,1.0,color,blueberry___healthy,Blueberry___healthy/aa57ac16-a2f7-4439-b5f6-66ae641d4bf8___RS_HL 5309.JPG,be95904ac36dc734,accepted
d4fddb76d0b2663c,211,8857da22b4cea75b,near_duplicate,d4fddb76d0b2663c,6.0,0.90625,color,cherry_including_sour___healthy,Cherry_(including_sour)___healthy/34e05c4f-6742-442e-884e-ef3191eb923b___JR_HL 4049.JPG,bf9c904ac22dc774,rejected
d4fddb76d0b2663c,211,ae73060f9d1426a5,near_duplicate,d4fddb76d0b2663c,12.0,0.8125,color,cherry_including_sour___healthy,Cherry_(including_sour)___healthy/8c1abb7e-703e-4c23-9e3e-d2893b8abe3a___JR_HL 4048.JPG,bf9fc0cac168c760,rejected
d4fddb76d0b2663c,211,4b003aafeafc902e,near_duplicate,d4fddb76d0b2663c,18.0,0.71875,color,cherry_including_sour___healthy,Cherry_(including_sour)___healthy/c4ef4ce3-b528-4cd8-8042-f23a980990c9___JR_HL 9668.JPG,ba9f855acd618466,rejected
d4fddb76d0b2663c,211,1bcf0d2ee69d74f1,near_duplicate,d4fddb76d0b2663c,20.0,0.6875,color,pepper_bell___bacterial_spot,"Pepper,_bell___Bacterial_spot/65c3a8f9-9631-4b86-9ae3-28116c869247___JR_B.Spot 9005.JPG",af1f855aca60cc65,rejected
d4fddb76d0b2663c,211,ecdbf23685d14a3b,near_duplicate,d4fddb76d0b2663c,20.0,0.6875,color,pepper_bell___healthy,"Pepper,_bell___healthy/3f3b903c-cfeb-4574-8be7-1580296d7c2f___JR_HL 5865.JPG",fa9d85d2ca68cc61,rejected
d4fddb76d0b2663c,211,899c364ba8fcded7,near_duplicate,d4fddb76d0b2663c,16.0,0.75,color,pepper_bell___healthy,"Pepper,_bell___healthy/55378a01-da83-4596-8343-8ca679c81c90___JR_HL 7573.JPG",be97d058cf60c4e2,rejected
d4fddb76d0b2663c,211,e0e865f88b409669,near_duplicate,d4fddb76d0b2663c,14.0,0.78125,color,pepper_bell___healthy,"Pepper,_bell___healthy/db39cf0e-cfe0-49d1-a5ed-5d69faa26507___JR_HL 8756.JPG",be94d04ac7669663,rejected
d4fddb76d0b2663c,211,e59dcf47f864c193,near_duplicate,d4fddb76d0b2663c,14.0,0.78125,color,pepper_bell___healthy,"Pepper,_bell___healthy/f17c87e8-fd78-48a9-8501-1b6283b14c3c___JR_HL 5841.JPG",be9f8158c669c465,rejected
d4fddb76d0b2663c,211,0640ee6b83e7445a,near_duplicate,d4fddb76d0b2663c,16.0,0.75,color,potato___healthy,Potato___healthy/468d3107-f09a-4f0d-8b9d-f08d7c49738f___RS_HL 1747.JPG,bf97d058c7608663,rejected
d4fddb76d0b2663c,211,20a229a819be6120,near_duplicate,d4fddb76d0b2663c,16.0,0.75,color,raspberry___healthy,Raspberry___healthy/020e14fb-6016-4d7f-b489-445e0021b58e___Mary_HL 6324.JPG,af9f955ac268c261,rejected
d4fddb76d0b2663c,211,4bc08ae1da5d332e,near_duplicate,d4fddb76d0b2663c,14.0,0.78125,color,raspberry___healthy,Raspberry___healthy/05dfc382-396a-4301-b940-7d1098feba11___Mary_HL 6358.JPG,bf97c14ac360b670,rejected
d4fddb76d0b2663c,211,36ce5121b0715c50,near_duplicate,d4fddb76d0b2663c,16.0,0.75,color,raspberry___healthy,Raspberry___healthy/0b504ebf-77ab-46a0-ab30-0da09d5e1c7b___Mary_HL 6389.JPG,ae97d04acd649663,rejected
d4fddb76d0b2663c,211,82a0fd3cbdd92ff3,near_duplicate,d4fddb76d0b2663c,8.0,0.875,color,raspberry___healthy,Raspberry___healthy/27ef7a65-771c-4eab-9169-03a5fa121c71___Mary_HL 9195.JPG,fe94905ac16f8764,rejected
d4fddb76d0b2663c,211,04769b3d6a9724b9,near_duplicate,d4fddb76d0b2663c,18.0,0.71875,color,raspberry___healthy,Raspberry___healthy/2acf2191-96db-4afa-bcdf-77590e0b7428___Mary_HL 6233.JPG,be9fc15a8f618462,rejected
d4fddb76d0b2663c,211,0642e5f465d940db,near_duplicate,d4fddb76d0b2663c,18.0,0.71875,color,raspberry___healthy,Raspberry___healthy/3d9757e9-7753-4d8c-8c60-d78f4522b021___Mary_HL 6352.JPG,bf9fc05ac7609462,rejected
d4fddb76d0b2663c,211,06e62e5de79a3738,near_duplicate,d4fddb76d0b2663c,16.0,0.75,color,raspberry___healthy,Raspberry___healthy/4f308cb4-ee22-4e5a-a276-71e3c095eb2d___Mary_HL 9348.JPG,bf17c05ac564f660,rejected
d4fddb76d0b2663c,211,5fd8cec1fbf209ab,near_duplicate,d4fddb76d0b2663c,8.0,0.875,color,raspberry___healthy,Raspberry___healthy/54564261-1cce-4a60-ab02-ff8b31b5e6f1___Mary_HL 6244.JPG,be95d04ac56d8762,rejected
d4fddb76d0b2663c,211,07f8ab62e6402466,near_duplicate,d4fddb76d0b2663c,8.0,0.875,color,raspberry___healthy,Raspberry___healthy/7fdeb60a-15db-4759-858a-e1118bad583a___Mary_HL 9194.JPG,fe94d05ac1698774,rejected
d4fddb76d0b2663c,211,8ae72459c1852799,near_duplicate,d4fddb76d0b2663c,10.0,0.84375,color,raspberry___healthy,Raspberry___healthy/8ad4caf7-11fe-40c5-9e56-d473f9bbf390___Mary_HL 6248.JPG,be94d05ac96cc762,rejected
d4fddb76d0b2663c,211,946e030c7fe912d4,near_duplicate,d4fddb76d0b2663c,16.0,0.75,color,raspberry___healthy,Raspberry___healthy/9f63daed-c468-4783-94c9-c703187a37ad___Mary_HL 6303.JPG,ba9f815acf618562,rejected
d4fddb76d0b2663c,211,8027a1647d3dc414,near_duplicate,d4fddb76d0b2663c,24.0,0.625,color,raspberry___healthy,Raspberry___healthy/b93108ac-bbc8-4fcd-9bae-9514ec2f3127___Mary_HL 6326.JPG,ea1f85d0c86be465,rejected
d4fddb76d0b2663c,211,91dc517e31b2d560,near_duplicate,d4fddb76d0b2663c,16.0,0.75,color,raspberry___healthy,Raspberry___healthy/bc42d851-1621-47ab-ad98-f410a474b4ca___Mary_HL 6218.JPG,fa94c04ac7669763,rejected
d4fddb76d0b2663c,211,47f72825a5f6fa6a,near_duplicate,d4fddb76d0b2663c,10.0,0.84375,color,raspberry___healthy,Raspberry___healthy/eda7f6bf-dc99-4287-a38c-f259e2f21886___Mary_HL 9323.JPG,ff9790cac168c570,rejected
d4fddb76d0b2663c,211,0d02dc3efe19da71,near_duplicate,d4fddb76d0b2663c,12.0,0.8125,color,soybean___healthy,Soybean___healthy/0010d6a1-64f1-4997-99d8-6d86fa629014___RS_HL 6967.JPG,af97d44ac16d8472,rejected
d4fddb76d0b2663c,211,3db22fee432e8cb1,near_duplicate,d4fddb76d0b2663c,14.0,0.78125,color,soybean___healthy,Soybean___healthy/01104aee-fd81-4d74-9ff3-5e793da256be___RS_HL 4502.JPG,ff9fc05ac3688560,rejected
d4fddb76d0b2663c,211,4dc2c9c2323b0206,near_duplicate,d4fddb76d0b2663c,4.0,0.9375,color,soybean___healthy,Soybean___healthy/02939fee-0408-46de-81c7-e0ecf75fb9f5___RS_HL 4664.JPG,bf97904ac32dc730,rejected
d4fddb76d0b2663c,211,b2611faa74f73672,near_duplicate,d4fddb76d0b2663c,14.0,0.78125,color,soybean___healthy,Soybean___healthy/057e2cca-5656-47ba-8381-08158319f729___RS_HL 5576 1.JPG,bf97c05ec1688761,rejected
d4fddb76d0b2663c,211,d2ce8d6ab77fefef,near_duplicate,d4fddb76d0b2663c,14.0,0.78125,color,soybean___healthy,Soybean___healthy/069aa38e-5d0b-41a9-ad40-a87b943fa209___RS_HL 4335.JPG,bf97d048c760c6e2,rejected
d4fddb76d0b2663c,211,2207fb254f769f6f,near_duplicate,d4fddb76d0b2663c,18.0,0.71875,color,soybean___healthy,Soybean___healthy/07323fc3-b155-4e0a-b4bf-8737af0bb59f___RS_HL 5191.JPG,bf97c068c570d271,rejected
d4fddb76d0b2663c,211,f4d2784a14bcb0ad,near_duplicate,d4fddb76d0b2663c,8.0,0.875,color,soybean___healthy,Soybean___healthy/07aa8b8d-763d-44e6-a07b-0fcc805bef5d___RS_HL 3127.JPG,bf94d04ac02dc776,rejected
d4fddb76d0b2663c,211,22e823197ecb2355,near_duplicate,d4fddb76d0b2663c,12.0,0.8125,color,soybean___healthy,Soybean___healthy/0a4cd545-403e-4ac2-b202-1fd78c5e835d___RS_HL 5425.JPG,be95c05acf618762,rejected
d4fddb76d0b2663c,211,a5c193a07a3bafdd,near_duplicate,d4fddb76d0b2663c,16.0,0.75,color,soybean___healthy,Soybean___healthy/0d852326-1654-4cc6-a554-735b46823135___RS_HL 4752.JPG,ef95c0d8c3e8c561,rejected
d4fddb76d0b2663c,211,5052b7b2d009695d,near_duplicate,d4fddb76d0b2663c,22.0,0.65625,color,soybean___healthy,Soybean___healthy/0edc8acf-0348-406e-a409-6a578ad8c604___RS_HL 3414.JPG,ff1f8158ce60c865,rejected
d4fddb76d0b2663c,211,467b9d5e44d49f60,near_duplicate,d4fddb76d0b2663c,12.0,0.8125,color,soybean___healthy,Soybean___healthy/0fa9a9df-dfb6-4171-a0c9-1356e4a6f011___RS_HL 5455.JPG,bf9fb45ac069c424,rejected
d4fddb76d0b2663c,211,e585ebcf11b5688a,near_duplicate,d4fddb76d0b2663c,10.0,0.84375,color,soybean___healthy,Soybean___healthy/106959ce-ef15-4725-ad2f-d4bb93d4858e___RS_HL 3552.JPG,bf9dd05ac1698760,rejected
d4fddb76d0b2663c,211,c5683ced927dab07,near_duplicate,d4fddb76d0b2663c,18.0,0.71875,color,soybean___healthy,Soybean___healthy/124c32b3-6a2e-4e8c-b16f-55d4d5773cb6___RS_HL 3288.JPG,bf9fc058c7608563,rejected
d4fddb76d0b2663c,211,fc49d2062b14fd85,near_duplicate,d4fddb76d0b2663c,22.0,0.65625,color,soybean___healthy,Soybean___healthy/12c697fc-26e6-48f9-bf0c-729f820e1e83___RS_HL 5530 1.JPG,fa9f85d0cae8c461,rejected
d4fddb76d0b2663c,211,3854f81e396c9062,near_duplicate,d4fddb76d0b2663c,8.0,0.875,color,soybean___healthy,Soybean___healthy/15925314-c2fc-4e3c-a28c-1e5e878a9bec___RS_HL 3069.JPG,be95c05ac3658772,rejected
d4fddb76d0b2663c,211,8f42fae493e586be,near_duplicate,d4fddb76d0b2663c,14.0,0.78125,color,soybean___healthy,Soybean___healthy/18075112-de5a-402b-8957-bd94525bb362___RS_HL 3378.JPG,ff9780d8c368c561,rejected
d4fddb76d0b2663c,211,68484f2fa01b3021,near_duplicate,d4fddb76d0b2663c,12.0,0.8125,color,soybean___healthy,Soybean___healthy/1917ad20-c665-40ba-88e6-36dd69133b64___RS_HL 5558 1.JPG,beb4d05ac1698d6c,rejected
d4fddb76d0b2663c,211,18b56c54d5d95c52,near_duplicate,d4fddb76d0b2663c,16.0,0.75,color,soybean___healthy,Soybean___healthy/1b2217a6-a79b-4c52-b737-392905939db1___RS_HL 5026.JPG,af97d04acd648663,rejected
d4fddb76d0b2663c,211,66bf8badb9ef7772,near_duplicate,d4fddb76d0b2663c,12.0,0.8125,color,soybean___healthy,Soybean___healthy/1ea1c1e2-fd7b-4fb5-9783-75eb882413a4___RS_HL 3389.JPG,ff97905ac068c761,rejected
d4fddb76d0b2663c,211,3a047b381d92dd0f,near_duplicate,d4fddb76d0b2663c,20.0,0.6875,color,soybean___healthy,Soybean___healthy/1ef4622e-0090-4db1-970c-9ed148496d90___RS_HL 3333.JPG,ab1f855ace61c465,rejected
d4fddb76d0b2663c,211,b2d675b985b34f9b,near_duplicate,d4fddb76d0b2663c,18.0,0.71875,color,soybean___healthy,Soybean___healthy/1fd3c85c-d83a-4fba-9211-60092d6f6004___RS_HL 5654 1.JPG,bf97c05ccb60c463,rejected
d4fddb76d0b2663c,211,12781f46c344c742,near_duplicate,d4fddb76d0b2663c,22.0,0.65625,color,soybean___healthy,Soybean___healthy/22fc8389-cc4f-44cf-8d9f-8287a3ece3b7___RS_HL 3133.JPG,fe1f8158ce628c65,rejected
d4fddb76d0b2663c,211,dbd2bf1592feb3ee,near_duplicate,d4fddb76d0b2663c,14.0,0.78125,color,soybean___healthy,Soybean___healthy/23770740-36a5-4fcf-8a43-4cf9699a7205___RS_HL 6602.JPG,ff9f90dac068c560,rejected
d4fddb76d0b2663c,211,bac6b1045eb1b718,near_duplicate,d4fddb76d0b2663c,20.0,0.6875,color,soybean___healthy,Soybean___healthy/23c94ac7-d14c-4185-8d61-82018a3ed304___RS_HL 4616.JPG,fe9f8550ca68e461,rejected
d4fddb76d0b2663c,211,89aae3a012580e6c,near_duplicate,d4fddb76d0b2663c,14.0,0.78125,color,soybean___healthy,Soybean___healthy/23f5247d-2289-4d62-b2e3-7e2dbf58ffa5___RS_HL 4572.JPG,be9f814ac560d762,rejected
d4fddb76d0b2663c,211,39c91622faac3044,near_duplicate,d4fddb76d0b2663c,16.0,0.75,color,soybean___healthy,Soybean___healthy/24509e96-271e-4991-9057-c80908de0dfa___RS_HL 5245.JPG,be9f81c8c6e1c465,rejected
d4fddb76d0b2663c,211,469b5acb5db0bd38,near_duplicate,d4fddb76d0b2663c,18.0,0.71875,color,soybean___healthy,Soybean___healthy/279b5ff1-a8dd-40dd-8d5a-ba7fce53f517___RS_HL 3752.JPG,ff9f845aca60c462,rejected
d4fddb76d0b2663c,211,1429f79f338bacbd,near_duplicate,d4fddb76d0b2663c,12.0,0.8125,color,soybean___healthy,Soybean___healthy/292661ab-3ffe-424f-8e89-722c6e03df02___RS_HL 5405.JPG,ba9dc05ac365a672,rejected
d4fddb76d0b2663c,211,86efffd9b3a1295e,near_duplicate,d4fddb76d0b2663c,14.0,0.78125,color,soybean___healthy,Soybean___healthy/29e53812-2949-4127-af2e-b80b4e967986___RS_HL 4245.JPG,bf97c04ac5709770,rejected
d4fddb76d0b2663c,211,422ed10997b5d688,near_duplicate,d4fddb76d0b2663c,20.0,0.6875,color,soybean___healthy,Soybean___healthy/2df143f3-3ab8-4a0d-8396-0b0bb1d6ef64___RS_HL 3385.JPG,aa1f8158ce6bcc65,rejected
d4fddb76d0b2663c,211,ebd4c36a86359c0c,near_duplicate,d4fddb76d0b2663c,20.0,0.6875,color,soybean___healthy,Soybean___healthy/2e229d91-8ed4-4ed1-b13b-ebb1f47087c2___RS_HL 5610 1.JPG,bf87c078c7609473,rejected
d4fddb76d0b2663c,211,1f4a1299d1674a4c,near_duplicate,d4fddb76d0b2663c,18.0,0.71875,color,soybean___healthy,Soybean___healthy/2f2b67aa-e994-4f62-b390-f0ad42ffa5d0___RS_HL 5438.JPG,be9ec04acd619663,rejected
d4fddb76d0b2663c,211,6198b3ea487856cb,near_duplicate,d4fddb76d0b2663c,14.0,0.78125,color,soybean___healthy,Soybean___healthy/2f7f7d19-da76-4299-812e-de03a316be2c___RS_HL 5114.JPG,bf9f94dac068c660,rejected
d4fddb76d0b2663c,211,c58e3a94b5a6b825,near_duplicate,d4fddb76d0b2663c,12.0,0.8125,color,soybean___healthy,Soybean___healthy/316dd4c6-6026-40cb-9167-3c51a399b423___RS_HL 3571.JPG,beb4905ac96c8d6c,rejected
d4fddb76d0b2663c,211,80015048ff4ea29e,near_duplicate,d4fddb76d0b2663c,14.0,0.78125,color,soybean___healthy,Soybean___healthy/33e8f0ce-db42-4734-992b-3e69baead37b___RS_HL 3837.JPG,be95d04a85669763,rejected
d4fddb76d0b2663c,211,934bef312137e7f5,near_duplicate,d4fddb76d0b2663c,12.0,0.8125,color,soybean___healthy,Soybean___healthy/34a470b3-d98f-4209-a0ce-c2e16505df41___RS_HL 4690.JPG,be94d05ac1698f69,rejected
d4fddb76d0b2663c,211,085450cf38abf322,near_duplicate,d4fddb76d0b2663c,22.0,0.65625,color,soybean___healthy,Soybean___healthy/36f6e9bb-fc08-41f0-ab03-a288cdc81235___RS_HL 5286.JPG,bf97c0688570927b,rejected
d4fddb76d0b2663c,211,547a17ff7a61db40,near_duplicate,d4fddb76d0b2663c,10.0,0.84375,color,soybean___healthy,Soybean___healthy/37180fad-b8c9-48e0-b1aa-2f288a5fc2c3___RS_HL 4288.JPG,bf9f945ac269c520,rejected
d4fddb76d0b2663c,211,f554d4eb5a41f26e,near_duplicate,d4fddb76d0b2663c,14.0,0.78125,color,soybean___healthy,Soybean___healthy/3758aaac-d3db-41b6-8a41-ff21fcb1657e___RS_HL 5505.JPG,bf9eb05ac068c565,rejected
d4fddb76d0b2663c,211,a4146a0879e07c3c,near_duplicate,d4fddb76d0b2663c,22.0,0.65625,color,soybean___healthy,Soybean___healthy/3be6d998-2505-42fe-be85-23feb7e22f3e___RS_HL 5094.JPG,bf9fc058ce609463,rejected
d4fddb76d0b2663c,211,95772af4a15af7a4,near_duplicate,d4fddb76d0b2663c,20.0,0.6875,color,soybean___healthy,Soybean___healthy/3d6f5842-4a38-49a0-82e4-e79315ddb7da___RS_HL 5221.JPG,bb9f8548cc61d466,rejected
d4fddb76d0b2663c,211,fbea7a822739a296,near_duplicate,d4fddb76d0b2663c,12.0,0.8125,color,soybean___healthy,Soybean___healthy/3e43261a-8265-4e65-a2dd-feda13a307fe___RS_HL 4448.JPG,bf9fd05ac3688660,rejected
d4fddb76d0b2663c,211,7aae105ded86fd2d,near_duplicate,d4fddb76d0b2663c,18.0,0.71875,color,soybean___healthy,Soybean___healthy/3eb5ce08-9ce2-4244-996d-61a08a239de7___RS_HL 4216.JPG,bf17805acf60d463,rejected
d4fddb76d0b2663c,211,4eb072a50eac8277,near_duplicate,d4fddb76d0b2663c,16.0,0.75,color,soybean___healthy,Soybean___healthy/423d88db-3db3-4437-b1b0-91c326431d94___RS_HL 4228.JPG,bf97d048cd61c4e2,rejected
d4fddb76d0b2663c,211,55d00dedfe104cd1,near_duplicate,d4fddb76d0b2663c,18.0,0.71875,color,soybean___healthy,Soybean___healthy/43af946f-7ec2-4ec3-b3ef-0d3d373b7323___RS_HL 3668.JPG,be9fc14ac5609663,rejected
d4fddb76d0b2663c,211,75126734449591fe,near_duplicate,d4fddb76d0b2663c,4.0,0.9375,color,soybean___healthy,Soybean___healthy/442d2f25-1c93-4ecc-9a55-6dc7fce1783c___RS_HL 4698.JPG,be94904bc32dcf34,rejected
d4fddb76d0b2663c,211,fc3bc7d3d18eff25,near_duplicate,d4fddb76d0b2663c,12.0,0.8125,color,soybean___healthy,Soybean___healthy/4864b136-e301-4592-8554-810ca2aebb1c___RS_HL 4826.JPG,bf96d04ac1658673,rejected
d4fddb76d0b2663c,211,7116560b48dddfbe,near_duplicate,d4fddb76d0b2663c,8.0,0.875,color,soybean___healthy,Soybean___healthy/48e31cd8-5ea2-4112-a436-4ff7d2b6e5bf___RS_HL 6893.JPG,fe98904aca2dcf34,rejected
d4fddb76d0b2663c,211,9a64acd61ceb9f7b,near_duplicate,d4fddb76d0b2663c,18.0,0.71875,color,soybean___healthy,Soybean___healthy/4b322233-469e-4595-b024-2fddb3905150___RS_HL 3090.JPG,ff9fc058c3619462,rejected
d4fddb76d0b2663c,211,f14eb8429c8fcc69,near_duplicate,d4fddb76d0b2663c,18.0,0.71875,color,soybean___healthy,Soybean___healthy/4e47537f-0dcc-42b6-824e-db0e8d0ddc18___RS_HL 4324.JPG,ba9fc14ac760b472,rejected
d4fddb76d0b2663c,211,93784466b0474765,near_duplicate,d4fddb76d0b2663c,16.0,0.75,color,soybean___healthy,Soybean___healthy/4e548c3e-2e6f-4625-971b-5955b8ee836e___RS_HL 3549.JPG,bf17c05ac761d462,rejected
d4fddb76d0b2663c,211,7c22d9ac2d5997b9,near_duplicate,d4fddb76d0b2663c,10.0,0.84375,color,soybean___healthy,Soybean___healthy/4e82d2e5-d240-4c08-88bb-5032f4094810___RS_HL 3679.JPG,be97945acb68c560,rejected
d4fddb76d0b2663c,211,4e9d28255843344c,near_duplicate,d4fddb76d0b2663c,14.0,0.78125,color,soybean___healthy,Soybean___healthy/4eedf17a-f0c8-4926-a1bb-1811331c39ac___RS_HL 5488.JPG,bf97d04ac5649661,rejected
d4fddb76d0b2663c,211,93556b3f9e466c16,near_duplicate,d4fddb76d0b2663c,16.0,0.75,color,soybean___healthy,Soybean___healthy/4f239869-9b75-46b1-9d19-44fb7f775524___RS_HL 3308.JPG,bf95e05ec06a8761,rejected
d4fddb76d0b2663c,211,51157c40654618f4,near_duplicate,d4fddb76d0b2663c,16.0,0.75,color,soybean___healthy,Soybean___healthy/51223347-49df-454c-b84c-8ff0d0796891___RS_HL 5518 1.JPG,bf97955ac068cc61,rejected
d4fddb76d0b2663c,211,4cf85cf575b05987,near_duplicate,d4fddb76d0b2663c,4.0,0.9375,color,soybean___healthy,Soybean___healthy/51449717-1551-473b-b91d-af6af1be9117___RS_HL 5224.JPG,be95914ac36dc760,rejected
d4fddb76d0b2663c,211,1046c6beaeb3fbb2,near_duplicate,d4fddb76d0b2663c,10.0,0.84375,color,soybean___healthy,Soybean___healthy/53a386fe-c021-48a2-9bf3-703a80e1c8c2___RS_HL 3515.JPG,af95d45ac368c564,rejected
d4fddb76d0b2663c,211,caa837eded9e124b,near_duplicate,d4fddb76d0b2663c,14.0,0.78125,color,soybean___healthy,Soybean___healthy/5510e8d6-d957-42f9-b8d0-6231c4b2cf4f___RS_HL 3535.JPG,af97805ec368ce61,rejected
d4fddb76d0b2663c,211,e07f72cdcb3d271f,near_duplicate,d4fddb76d0b2663c,14.0,0.78125,color,soybean___healthy,Soybean___healthy/56850055-0190-47e7-a680-df012d9d1828___RS_HL 5570 1.JPG,bf9f945ac068c561,rejected
d4fddb76d0b2663c,211,f1aa73861d48d4ee,near_duplicate,d4fddb76d0b2663c,18.0,0.71875,color,soybean___healthy,Soybean___healthy/56ad27f3-7d42-455a-8c57-5b53f94b4105___RS_HL 5778 1.JPG,fa9781d8ce69c461,rejected
d4fddb76d0b2663c,211,12f82d25ea4140f3,near_duplicate,d4fddb76d0b2663c,18.0,0.71875,color,soybean___healthy,Soybean___healthy/57d28935-9160-4428-b34f-ec0e6e1ee522___RS_HL 2844.JPG,be9f8158c6e1c463,rejected
d4fddb76d0b2663c,211,0d7f2c61efe146a7,near_duplicate,d4fddb76d0b2663c,22.0,0.65625,color,soybean___healthy,Soybean___healthy/59c35bba-a909-403d-8243-d81ae24369c2___RS_HL 5065.JPG,ea9d85d0c86ae565,rejected
d4fddb76d0b2663c,211,ec0b3a2e96f11e79,near_duplicate,d4fddb76d0b2663c,14.0,0.78125,color,soybean___healthy,Soybean___healthy/5a012e76-e633-44dd-abf3-6900e00f5e50___RS_HL 3233.JPG,bf978148c761f470,rejected
d4fddb76d0b2663c,211,59f94769ff50f386,near_duplicate,d4fddb76d0b2663c,12.0,0.8125,color,soybean___healthy,Soybean___healthy/5e9291cf-c9b5-4a3c-bf58-9bc155c4ce86___RS_HL 6796.JPG,bf9cf05ac068c764,rejected
d4fddb76d0b2663c,211,a0f0b53751e53414,near_duplicate,d4fddb76d0b2663c,10.0,0.84375,color,soybean___healthy,Soybean___healthy/62b59f90-d7bf-4f68-9a21-4c28dbe5f75f___RS_HL 3647.JPG,bf97d04ac16d8662,rejected
d4fddb76d0b2663c,211,d0a8dbad57377476,near_duplicate,d4fddb76d0b2663c,22.0,0.65625,color,soybean___healthy,Soybean___healthy/65c629ba-18d8-41d7-ad42-1a365a27e9c6___RS_HL 3169.JPG,af17c15acf609463,rejected
d4fddb76d0b2663c,211,52e471eb3b14ec4f,near_duplicate,d4fddb76d0b2663c,14.0,0.78125,color,soybean___healthy,Soybean___healthy/67d35061-cc49-46b7-ba59-0bf8cb621da1___RS_HL 3978.JPG,bf95d05acd618562,rejected
d4fddb76d0b2663c,211,9c9939cb7e31f5cf,near_duplicate,d4fddb76d0b2663c,14.0,0.78125,color,soybean___healthy,Soybean___healthy/69468e87-3c6a-48d2-9b19-912a0e6f33e1___RS_HL 4570.JPG,be9fc14ac7619470,rejected
d4fddb76d0b2663c,211,7a30ab09e6746ce3,near_duplicate,d4fddb76d0b2663c,4.0,0.9375,color,soybean___healthy,Soybean___healthy/70739c0f-e185-473b-a3b4-4ab60090d4c8___RS_HL 2807.JPG,be94905ad26dc734,rejected
d4fddb76d0b2663c,211,3eb87926d15a58ae,near_duplicate,d4fddb76d0b2663c,16.0,0.75,color,soybean___healthy,Soybean___healthy/71010ab7-e729-462b-abf3-42cc36bf507a___RS_HL 3559.JPG,bf97c048cf60d472,rejected
d4fddb76d0b2663c,211,46e2f7933b3dff6c,near_duplicate,d4fddb76d0b2663c,12.0,0.8125,color,soybean___healthy,Soybean___healthy/71185204-eff0-4bc3-914a-bb253845805a___RS_HL 5473.JPG,be9f815ac761c660,rejected
d4fddb76d0b2663c,211,d50c3de5ef0835f4,near_duplicate,d4fddb76d0b2663c,12.0,0.8125,color,soybean___healthy,Soybean___healthy/715897ce-21db-4197-89dc-68e6089976ae___RS_HL 5742 1.JPG,bb95d05ac9698566,rejected
d4fddb76d0b2663c,211,b8769d558b744218,near_duplicate,d4fddb76d0b2663c,16.0,0.75,color,soybean___healthy,Soybean___healthy/72234468-dde7-4035-a55c-da6857c4101d___RS_HL 4031.JPG,be9f814a8f65a462,rejected
d4fddb76d0b2663c,211,59144963fc761747,near_duplicate,d4fddb76d0b2663c,20.0,0.6875,color,soybean___healthy,Soybean___healthy/72a80c80-1bc8-4b5b-a509-6e7b448ea0b7___RS_HL 3479.JPG,bf97c069c5629661,rejected
d4fddb76d0b2663c,211,06f5afed8eef894b,near_duplicate,d4fddb76d0b2663c,14.0,0.78125,color,soybean___healthy,Soybean___healthy/75ceae51-b2fe-49ba-b396-6bcf86800922___RS_HL 4943.JPG,bf9fc05ac168c662,rejected
d4fddb76d0b2663c,211,027b42ade4e330bd,near_duplicate,d4fddb76d0b2663c,20.0,0.6875,color,soybean___healthy,Soybean___healthy/769a9b40-57e7-4df6-976e-1d278559844f___RS_HL 4958.JPG,ba9f8158cc63d466,rejected
d4fddb76d0b2663c,211,c8cf73ee2a399611,near_duplicate,d4fddb76d0b2663c,18.0,0.71875,color,soybean___healthy,Soybean___healthy/773b27dd-15ac-4d62-80e8-623b6571888d___RS_HL 2983.JPG,bb9f81c8ce61c465,rejected
d4fddb76d0b2663c,211,b5ae173a42b9ef20,near_duplicate,d4fddb76d0b2663c,22.0,0.65625,color,soybean___healthy,Soybean___healthy/778831a8-1955-4e68-a7ea-fb98f42f2410___RS_HL 4767.JPG,fa1f8550ce6bc461,rejected
d4fddb76d0b2663c,211,9d0ad169b4175fcd,near_duplicate,d4fddb76d0b2663c,12.0,0.8125,color,soybean___healthy,Soybean___healthy/7854a7c5-ff2b-489a-ba7b-aa3fc253b63d___RS_HL 3807.JPG,bbb1d05ac16d8666,rejected
d4fddb76d0b2663c,211,f851b6ddc6878b10,near_duplicate,d4fddb76d0b2663c,12.0,0.8125,color,soybean___healthy,Soybean___healthy/78742856-a34f-4279-ba6f-aab9f395a73f___RS_HL 5671 1.JPG,bf97d05ac168c562,rejected
d4fddb76d0b2663c,211,e80400a187cbc787,near_duplicate,d4fddb76d0b2663c,8.0,0.875,color,soybean___healthy,Soybean___healthy/79a83cc2-ad33-403b-9dc7-7f9757abf288___RS_HL 3604.JPG,be9f905ac369c560,rejected
d4fddb76d0b2663c,211,78a62d262fc2e084,near_duplicate,d4fddb76d0b2663c,20.0,0.6875,color,soybean___healthy,Soybean___healthy/7bc65ae7-0a4d-4369-8335-3737a5441bfa___RS_HL 4640.JPG,af1f855ac668c865,rejected
d4fddb76d0b2663c,211,d54abba71f44efac,near_duplicate,d4fddb76d0b2663c,16.0,0.75,color,soybean___healthy,Soybean___healthy/7c098475-8bec-4582-876b-c44945629b6d___RS_HL 5184.JPG,bf97c05ac1609673,rejected
d4fddb76d0b2663c,211,96f7eebab936e1bb,near_duplicate,d4fddb76d0b2663c,14.0,0.78125,color,soybean___healthy,Soybean___healthy/7c3dcc42-416a-4e07-ab14-354cbf0d2ae2___RS_HL 3817.JPG,bf97d44ac064a572,rejected
d4fddb76d0b2663c,211,ce37e5ff3c8fa3c3,near_duplicate,d4fddb76d0b2663c,16.0,0.75,color,soybean___healthy,Soybean___healthy/7ca2e5e5-92d1-4692-a9d7-924a3791ed61___RS_HL 3452.JPG,bf97c05ac7608663,rejected
d4fddb76d0b2663c,211,5f487038d20a57ce,near_duplicate,d4fddb76d0b2663c,18.0,0.71875,color,soybean___healthy,Soybean___healthy/7cc4e8b3-a174-4b3a-b461-8e15c306e5cf___RS_HL 2734.JPG,ba9f8158ce63c466,rejected
d4fddb76d0b2663c,211,c37dfe294f0995ec,near_duplicate,d4fddb76d0b2663c,18.0,0.71875,color,soybean___healthy,Soybean___healthy/7cf00583-b812-4a40-a655-e2ddc6d01b45___RS_HL 4507.JPG,be9fc158c5609672,rejected
d4fddb76d0b2663c,211,36cd75dc1b444da0,near_duplicate,d4fddb76d0b2663c,16.0,0.75,color,soybean___healthy,Soybean___healthy/7ef88af3-838e-413e-9028-5e83e34856a6___RS_HL 3305.JPG,ba9f955acd61c460,rejected
d4fddb76d0b2663c,211,ca87e02fc3477d02,near_duplicate,d4fddb76d0b2663c,16.0,0.75,color,soybean___healthy,Soybean___healthy/818f1327-c7b8-413e-a4b5-b2dcc0091dfd___RS_HL 5129.JPG,ba95d04a8d679663,rejected
d4fddb76d0b2663c,211,99226036c9a94b80,near_duplicate,d4fddb76d0b2663c,16.0,0.75,color,soybean___healthy,Soybean___healthy/81b414a0-bf21-4a1a-86b4-1aed66212740___RS_HL 5006.JPG,be97c148c761d463,rejected
d4fddb76d0b2663c,211,0b198d3bdb23b131,near_duplicate,d4fddb76d0b2663c,4.0,0.9375,color,soybean___healthy,Soybean___healthy/82887587-9fbc-441e-a5bd-c8e2da3099d6___RS_HL 4965.JPG,be95904ac36ccf25,rejected
d4fddb76d0b2663c,211,5a6ffc51b95114f0,near_duplicate,d4fddb76d0b2663c,14.0,0.78125,color,soybean___healthy,Soybean___healthy/8301ef4a-4e67-44db-84a6-50147c7498eb___RS_HL 2887.JPG,be9f9158cf61e420,rejected
d4fddb76d0b2663c,211,7d6a756464d1de08,near_duplicate,d4fddb76d0b2663c,22.0,0.65625,color,soybean___healthy,Soybean___healthy/840e8048-75f2-4052-95e6-c3ea28bf92f0___RS_HL 3851.JPG,ea9f8158ce63c865,rejected
d4fddb76d0b2663c,211,3b6e7a26c03d6aba,near_duplicate,d4fddb76d0b2663c,10.0,0.84375,color,soybean___healthy,Soybean___healthy/842b41f5-ae0c-4f52-a686-a26d7bb94849___RS_HL 5565 1.JPG,ba91d05ac3698f65,rejected
d4fddb76d0b2663c,211,9ee0fae500087c7e,near_duplicate,d4fddb76d0b2663c,22.0,0.65625,color,soybean___healthy,Soybean___healthy/880597df-c176-4521-a046-43f5afb99ea0___RS_HL 3838.JPG,be9fc5428d61b462,rejected
d4fddb76d0b2663c,211,4795101cd0f7e9dc,near_duplicate,d4fddb76d0b2663c,12.0,0.8125,color,soybean___healthy,Soybean___healthy/8851e67a-5530-4c9e-868c-9efa4dfcf69d___RS_HL 5412.JPG,ba95d05a896f8762,rejected
d4fddb76d0b2663c,211,1ec3fffcce4a0d4c,near_duplicate,d4fddb76d0b2663c,20.0,0.6875,color,soybean___healthy,Soybean___healthy/888e439a-f383-4b9f-9e4c-4e5ce9f54283___RS_HL 3609.JPG,be9fc158ce618463,rejected
d4fddb76d0b2663c,211,b002704553b265e5,near_duplicate,d4fddb76d0b2663c,14.0,0.78125,color,soybean___healthy,Soybean___healthy/89825f00-f926-4244-96e8-bdcd9dcf2603___RS_HL 5231.JPG,bf979158ca61c465,rejected
d4fddb76d0b2663c,211,f9ca26d719f58f09,near_duplicate,d4fddb76d0b2663c,16.0,0.75,color,soybean___healthy,Soybean___healthy/89d6848c-4bd8-425a-9988-2b076f596093___RS_HL 3835.JPG,bf9fc04a8560d371,rejected
d4fddb76d0b2663c,211,80d3c1aced784537,near_duplicate,d4fddb76d0b2663c,18.0,0.71875,color,soybean___healthy,Soybean___healthy/8a2007d8-8210-4863-bd14-bc528b5c4118___RS_HL 5479.JPG,fa9f81d8c669c461,rejected
d4fddb76d0b2663c,211,a50c39c41f280951,near_duplicate,d4fddb76d0b2663c,16.0,0.75,color,soybean___healthy,Soybean___healthy/8a9075ee-ed68-48a9-9b09-223fcd0c0b13___RS_HL 4453.JPG,be9f8158cf61c462,rejected
d4fddb76d0b2663c,211,beff1e453cb567c9,near_duplicate,d4fddb76d0b2663c,10.0,0.84375,color,soybean___healthy,Soybean___healthy/8a97850d-1861-4a69-9f44-5a53c3dea596___RS_HL 6132.JPG,af97d04ac16cd670,rejected
d4fddb76d0b2663c,211,f995dea5462f2486,near_duplicate,d4fddb76d0b2663c,10.0,0.84375,color,soybean___healthy,Soybean___healthy/8c76beff-437e-4c5a-8c6a-eed877004255___RS_HL 5331.JPG,bf9f905ac368c560,rejected
d4fddb76d0b2663c,211,bceda166f27da1c9,near_duplicate,d4fddb76d0b2663c,10.0,0.84375,color,soybean___healthy,Soybean___healthy/8ddd3695-13df-4b8e-9319-87cb30f12372___RS_HL 4463.JPG,bf9f905ac028c735,rejected
d4fddb76d0b2663c,211,0dac06be1997eddf,near_duplicate,d4fddb76d0b2663c,22.0,0.65625,color,soybean___healthy,Soybean___healthy/8fcdfc3b-b9ff-4c55-b80b-4d905680a2b1___RS_HL 3880.JPG,ab9f8548cc61f472,rejected
d4fddb76d0b2663c,211,8303dd5d44f1e322,near_duplicate,d4fddb76d0b2663c,8.0,0.875,color,soybean___healthy,Soybean___healthy/8fce3359-1cb0-4b14-b4e2-7c1433b4f5da___RS_HL 3422.JPG,bf85d05ac16cc764,rejected
d4fddb76d0b2663c,211,abae886c8c937970,near_duplicate,d4fddb76d0b2663c,12.0,0.8125,color,soybean___healthy,Soybean___healthy/8fd25130-c307-4951-8ccb-33cb63c30cfc___RS_HL 6274.JPG,feb0d058ca6dc564,rejected
d4fddb76d0b2663c,211,7dc32b42321b254b,near_duplicate,d4fddb76d0b2663c,10.0,0.84375,color,soybean___healthy,Soybean___healthy/9050f7a9-e83a-44a3-abf7-24aee0ca737a___RS_HL 3388.JPG,bf95905fc168c760,rejected
d4fddb76d0b2663c,211,6633218be08bae6b,near_duplicate,d4fddb76d0b2663c,8.0,0.875,color,soybean___healthy,Soybean___healthy/910ad222-33ca-4128-aaa0-7161653e5732___RS_HL 3054.JPG,bf97d0cac16cc630,rejected
d4fddb76d0b2663c,211,e12578a24bfad49b,near_duplicate,d4fddb76d0b2663c,22.0,0.65625,color,soybean___healthy,Soybean___healthy/951756c4-abb8-4562-a6e1-5c3cc189050c___RS_HL 3328.JPG,ff9f81d0cc68c461,rejected
d4fddb76d0b2663c,211,ce7621c64dabf65f,near_duplicate,d4fddb76d0b2663c,14.0,0.78125,color,soybean___healthy,Soybean___healthy/98a539a4-6cc9-4fe2-a240-84a658825869___RS_HL 4625.JPG,ff9f845ac268c560,rejected
d4fddb76d0b2663c,211,1be9437489afe453,near_duplicate,d4fddb76d0b2663c,12.0,0.8125,color,soybean___healthy,Soybean___healthy/9aa57fb1-88fc-407b-a655-0a5601e35404___RS_HL 5697 1.JPG,bf97d05ac1648572,rejected
d4fddb76d0b2663c,211,19a0d20a66345f43,near_duplicate,d4fddb76d0b2663c,20.0,0.6875,color,soybean___healthy,Soybean___healthy/9b0e90ff-549b-4a4e-99af-f2b0319408db___RS_HL 3628.JPG,fa9f8150ce6bc065,rejected
d4fddb76d0b2663c,211,4555e092ef1e18d4,near_duplicate,d4fddb76d0b2663c,8.0,0.875,color,soybean___healthy,Soybean___healthy/9cb7de78-0f98-4fa4-bbf5-ab2a1f6daef3___RS_HL 4913.JPG,be95b05ac3688765,rejected
d4fddb76d0b2663c,211,03f321c158a3f24d,near_duplicate,d4fddb76d0b2663c,20.0,0.6875,color,soybean___healthy,Soybean___healthy/9cbdadf8-57a6-45e9-977e-f6f124260297___RS_HL 4547.JPG,be9fc1488d61d463,rejected
d4fddb76d0b2663c,211,4972d0d394a61a9a,near_duplicate,d4fddb76d0b2663c,22.0,0.65625,color,soybean___healthy,Soybean___healthy/9d2cc46f-421b-4813-99e8-bf81f21c15e6___RS_HL 2907.JPG,aa1f8550d66bcc65,rejected
d4fddb76d0b2663c,211,a5a4524fab9e63d7,near_duplicate,d4fddb76d0b2663c,16.0,0.75,color,soybean___healthy,Soybean___healthy/9e1987ae-31e9-4e8e-bdcb-0f4dab1f4b92___RS_HL 5513.JPG,af9f945ac268cc61,rejected
d4fddb76d0b2663c,211,0a83c3a803fb846c,near_duplicate,d4fddb76d0b2663c,20.0,0.6875,color,soybean___healthy,Soybean___healthy/a19c094b-6696-4bb5-8169-783fdaf3fa8e___RS_HL 4478.JPG,bf9fc148c5619463,rejected
d4fddb76d0b2663c,211,809761384f514f40,near_duplicate,d4fddb76d0b2663c,18.0,0.71875,color,soybean___healthy,Soybean___healthy/a39f174d-6ff4-4dc4-a1fb-9c4ee0e7a92b___RS_HL 5389.JPG,bf17c05acf608663,rejected
d4fddb76d0b2663c,211,89cbb0223f6affd6,near_duplicate,d4fddb76d0b2663c,16.0,0.75,color,soybean___healthy,Soybean___healthy/a643545d-62d1-4645-8e54-2b79607d5551___RS_HL 6633.JPG,bf9fb45ac0e8c824,rejected
d4fddb76d0b2663c,211,87bb55b84e9e84d9,near_duplicate,d4fddb76d0b2663c,16.0,0.75,color,soybean___healthy,Soybean___healthy/a7aa7f74-407f-44e3-864b-7db088ebb094___RS_HL 5023.JPG,bf97c05acd60c662,rejected
d4fddb76d0b2663c,211,878a8209f2bb67e7,near_duplicate,d4fddb76d0b2663c,6.0,0.90625,color,soybean___healthy,Soybean___healthy/a7da66ee-5bb5-4227-a962-61f6bd913005___RS_HL 3771.JPG,be95d05ac3698764,rejected
d4fddb76d0b2663c,211,f19fe9374f1eda44,near_duplicate,d4fddb76d0b2663c,10.0,0.84375,color,soybean___healthy,Soybean___healthy/a8198502-a3f1-4418-9687-a3aea6638690___RS_HL 6208.JPG,bf94d0cac06dc762,rejected
d4fddb76d0b2663c,211,1a2491afcec261e8,near_duplicate,d4fddb76d0b2663c,10.0,0.84375,color,soybean___healthy,Soybean___healthy/a8da3165-bbd3-4f30-a1e3-a6c2ad168188___RS_HL 4234.JPG,bf9f905ac069c525,rejected
d4fddb76d0b2663c,211,ffe503d034cc3f64,near_duplicate,d4fddb76d0b2663c,12.0,0.8125,color,soybean___healthy,Soybean___healthy/ab66a10b-a31d-4897-8b8d-368889e3f6f7___RS_HL 6135.JPG,bf17c05ae168c770,rejected
d4fddb76d0b2663c,211,db00b4a94ed87d13,near_duplicate,d4fddb76d0b2663c,22.0,0.65625,color,soybean___healthy,Soybean___healthy/b024f5d2-f307-4bc3-8962-e309e81d2893___RS_HL 5001.JPG,fa9781d8cec8cc61,rejected
d4fddb76d0b2663c,211,13d3dafc55aecd03,near_duplicate,d4fddb76d0b2663c,10.0,0.84375,color,soybean___healthy,Soybean___healthy/b09ab269-e19c-4f53-80fe-ee7552d13a61___RS_HL 5502.JPG,bf97d05ac168c670,rejected
d4fddb76d0b2663c,211,6799b3dfdb328fc6,near_duplicate,d4fddb76d0b2663c,10.0,0.84375,color,soybean___healthy,Soybean___healthy/b1a8d1e3-48d5-4864-8ab9-be5c48afd602___RS_HL 3774.JPG,be85945ecb68c564,rejected
d4fddb76d0b2663c,211,4c0de4ed1a275630,near_duplicate,d4fddb76d0b2663c,10.0,0.84375,color,soybean___healthy,Soybean___healthy/b23bc2ab-d7f6-47dc-a0d4-03beaa7cb1a7___RS_HL 4226.JPG,bf97d05ac168c760,rejected
d4fddb76d0b2663c,211,a314fe8342bb91ee,near_duplicate,d4fddb76d0b2663c,18.0,0.71875,color,soybean___healthy,Soybean___healthy/b34093d1-010b-4fd1-b95c-ab3d9c7b7f4c___RS_HL 3743.JPG,ff9f80d0ca68c561,rejected
d4fddb76d0b2663c,211,5e3b20eda0304695,near_duplicate,d4fddb76d0b2663c,6.0,0.90625,color,soybean___healthy,Soybean___healthy/b4b751f7-7fe1-4ac9-9d43-41c5c18c4f7a___RS_HL 3291.JPG,bf97904ec16cc730,rejected
d4fddb76d0b2663c,211,3cd82f0093577b67,near_duplicate,d4fddb76d0b2663c,16.0,0.75,color,soybean___healthy,Soybean___healthy/b4f30be3-8f14-4138-8b06-9beb44b20c62___RS_HL 3764.JPG,bf97c058c7619472,rejected
d4fddb76d0b2663c,211,88a8cbc65d30c25e,near_duplicate,d4fddb76d0b2663c,18.0,0.71875,color,soybean___healthy,Soybean___healthy/b58b7d91-8ef1-4520-83f7-2de999660512___RS_HL 4455.JPG,ff9f8050ca698563,rejected
d4fddb76d0b2663c,211,35f98d752a74a4a7,near_duplicate,d4fddb76d0b2663c,14.0,0.78125,color,soybean___healthy,Soybean___healthy/b5acd86d-9165-406a-9920-9e23b2a6259f___RS_HL 3898.JPG,bf95c04ac5649763,rejected
d4fddb76d0b2663c,211,b846f7bd823c295f,near_duplicate,d4fddb76d0b2663c,14.0,0.78125,color,soybean___healthy,Soybean___healthy/b5f3d185-e709-4c81-b623-3c937d3da8a5___RS_HL 4451.JPG,bf95c05ac968e562,rejected
d4fddb76d0b2663c,211,75ae0b6cb539ca60,near_duplicate,d4fddb76d0b2663c,22.0,0.65625,color,soybean___healthy,Soybean___healthy/b61cd264-45b8-4685-b1ca-faeb13337bec___RS_HL 5690 1.JPG,fe1f8150cc6b8c65,rejected
d4fddb76d0b2663c,211,c5cd58f808c10f6a,near_duplicate,d4fddb76d0b2663c,20.0,0.6875,color,soybean___healthy,Soybean___healthy/b844568d-8ed2-41fd-a3e9-f23637487a6b___RS_HL 3125.JPG,ff97c058cf608463,rejected
d4fddb76d0b2663c,211,6582961fca748f58,near_duplicate,d4fddb76d0b2663c,10.0,0.84375,color,soybean___healthy,Soybean___healthy/b8be4887-50a7-4d7d-bed7-97c1912d9d8c___RS_HL 5069.JPG,af95d45ac16cd630,rejected
d4fddb76d0b2663c,211,27fe0d7ce05c32e5,near_duplicate,d4fddb76d0b2663c,16.0,0.75,color,soybean___healthy,Soybean___healthy/ba07dce8-e521-4670-ad69-119e835010fe___RS_HL 6206.JPG,bf9fd0dac060c562,rejected
d4fddb76d0b2663c,211,b47a4c2f2a72f1c6,near_duplicate,d4fddb76d0b2663c,18.0,0.71875,color,soybean___healthy,Soybean___healthy/ba7af1cf-c424-4e43-8611-c70b0c057ce0___RS_HL 4074.JPG,bf97c06ac5609663,rejected
d4fddb76d0b2663c,211,bcd4ca3262fcea4e,near_duplicate,d4fddb76d0b2663c,16.0,0.75,color,soybean___healthy,Soybean___healthy/bc43ac1e-c679-42bc-90c7-b1374b73775a___RS_HL 3666.JPG,bf9fc04ac564d261,rejected
d4fddb76d0b2663c,211,01a8485cd936ab94,near_duplicate,d4fddb76d0b2663c,22.0,0.65625,color,soybean___healthy,Soybean___healthy/c132a970-158f-4077-9ec3-a92c8878ad43___RS_HL 3664.JPG,fa9fc158ce619462,rejected
d4fddb76d0b2663c,211,1d0be36629ad3460,near_duplicate,d4fddb76d0b2663c,16.0,0.75,color,soybean___healthy,Soybean___healthy/c151e38b-15f8-45e3-bb9b-54a76e26ccaa___RS_HL 4326.JPG,bf95c04ac566d263,rejected
d4fddb76d0b2663c,211,9a941bd9032e7cb9,near_duplicate,d4fddb76d0b2663c,20.0,0.6875,color,soybean___healthy,Soybean___healthy/c181432c-ea5c-484f-ab1c-21b4d27cbbfb___RS_HL 3961.JPG,ba1f874acd61a466,rejected
d4fddb76d0b2663c,211,6019555a07e85909,near_duplicate,d4fddb76d0b2663c,12.0,0.8125,color,soybean___healthy,Soybean___healthy/c196bf2c-d07a-48e9-8283-a529351b1118___RS_HL 6275.JPG,beb4d05ac96c8566,rejected
d4fddb76d0b2663c,211,8b810e887b4a98c8,near_duplicate,d4fddb76d0b2663c,10.0,0.84375,color,soybean___healthy,Soybean___healthy/c2dd3f9e-8cf9-4de6-832e-27978763eeea___RS_HL 5431.JPG,be9cd05acb698564,rejected
d4fddb76d0b2663c,211,7e59fe9eeec6026a,near_duplicate,d4fddb76d0b2663c,18.0,0.71875,color,soybean___healthy,Soybean___healthy/c3cbaac6-5596-4bce-a0ea-ff149ef5bd5c___RS_HL 4636.JPG,af9f94dac260c865,rejected
d4fddb76d0b2663c,211,1037c5e41c94496d,near_duplicate,d4fddb76d0b2663c,14.0,0.78125,color,soybean___healthy,Soybean___healthy/c642c062-ebf4-4afd-b286-983a7e601347___RS_HL 3925.JPG,bf97c04ac560d671,rejected
d4fddb76d0b2663c,211,be234fffc7d42c72,near_duplicate,d4fddb76d0b2663c,18.0,0.71875,color,soybean___healthy,Soybean___healthy/cad8c48e-1f13-4eea-b7f6-b3804ffed758___RS_HL 5525 1.JPG,be1f9158ce60ca65,rejected
d4fddb76d0b2663c,211,94cd6e453d6619b1,near_duplicate,d4fddb76d0b2663c,8.0,0.875,color,soybean___healthy,Soybean___healthy/ccc39144-2922-40ab-9b8c-2af9f4e9e836___RS_HL 4622.JPG,bf95d05ac169c760,rejected
d4fddb76d0b2663c,211,4185841627339240,near_duplicate,d4fddb76d0b2663c,12.0,0.8125,color,soybean___healthy,Soybean___healthy/cd5fbde6-c830-4cb6-a90a-761bf6520013___RS_HL 5612 1.JPG,bf97c04ac164f670,rejected
d4fddb76d0b2663c,211,8b5a89d9fcc5423f,near_duplicate,d4fddb76d0b2663c,8.0,0.875,color,soybean___healthy,Soybean___healthy/ce225768-65a5-419c-9a5b-d0351bea1636___RS_HL 4190.JPG,be95945ac169c762,rejected
d4fddb76d0b2663c,211,a3f335002d202892,near_duplicate,d4fddb76d0b2663c,14.0,0.78125,color,soybean___healthy,Soybean___healthy/cf618584-36d1-4c0b-86e7-6488da883d50___RS_HL 3475.JPG,bf97c06ac160d671,rejected
d4fddb76d0b2663c,211,c66dca403031ef54,near_duplicate,d4fddb76d0b2663c,18.0,0.71875,color,soybean___healthy,Soybean___healthy/cf9ea9fa-b6c6-412a-9b65-eac52390b5ce___RS_HL 4612.JPG,be9f814a8f61b462,rejected
d4fddb76d0b2663c,211,bbe34e5c6e9ed9b3,near_duplicate,d4fddb76d0b2663c,16.0,0.75,color,soybean___healthy,Soybean___healthy/d043cf8f-761f-4bc3-aaad-ca90b976f78e___RS_HL 3067.JPG,ab97944acd64c663,rejected
d4fddb76d0b2663c,211,0b31711115e3bc8a,near_duplicate,d4fddb76d0b2663c,18.0,0.71875,color,soybean___healthy,Soybean___healthy/d0e555d9-22c5-45f2-bbc0-0e87d6190741___RS_HL 3368.JPG,ff9f8158ca68c461,rejected
d4fddb76d0b2663c,211,4fc789a21faa8b00,near_duplicate,d4fddb76d0b2663c,14.0,0.78125,color,soybean___healthy,Soybean___healthy/d2b5af34-766f-411a-b229-227ff38e1323___RS_HL 3537.JPG,af85d05fc36ac560,rejected
d4fddb76d0b2663c,211,17e262be4e82b09b,near_duplicate,d4fddb76d0b2663c,14.0,0.78125,color,soybean___healthy,Soybean___healthy/d306dd53-d4c6-4048-b1ff-e58aa9b240a5___RS_HL 4823.JPG,fe95c0d8c768c561,rejected
d4fddb76d0b2663c,211,6d8f592ecd641c19,near_duplicate,d4fddb76d0b2663c,20.0,0.6875,color,soybean___healthy,Soybean___healthy/d41726df-07b2-4588-b384-a855ea15ed83___RS_HL 3918.JPG,fa1f8550c86bc565,rejected
d4fddb76d0b2663c,211,d7f619f5c932e501,near_duplicate,d4fddb76d0b2663c,16.0,0.75,color,soybean___healthy,Soybean___healthy/d52c7953-d971-4e49-9ff6-5f3721da8a77___RS_HL 5401.JPG,ff97c058c760d470,rejected
d4fddb76d0b2663c,211,a5185e3ab9d8ec47,near_duplicate,d4fddb76d0b2663c,18.0,0.71875,color,soybean___healthy,Soybean___healthy/d573c27c-475e-4f03-b7df-554da20afed5___RS_HL 3575.JPG,fe8f8550ca69c561,rejected
d4fddb76d0b2663c,211,9b03894db986a843,near_duplicate,d4fddb76d0b2663c,12.0,0.8125,color,soybean___healthy,Soybean___healthy/d8e246bb-14ce-4d26-a069-f8ef1269217b___RS_HL 3590.JPG,af95d0dec368c560,rejected
d4fddb76d0b2663c,211,347d42a60c85594d,near_duplicate,d4fddb76d0b2663c,14.0,0.78125,color,soybean___healthy,Soybean___healthy/d9c0ef56-a1ed-4b4b-b3ac-81e8c7e6f304___RS_HL 5409.JPG,febc905ac9688566,rejected
d4fddb76d0b2663c,211,f70bc24abb9bd78e,near_duplicate,d4fddb76d0b2663c,8.0,0.875,color,soybean___healthy,Soybean___healthy/db8fc0e0-eeae-4cba-942c-6de6e3e5a134___RS_HL 5556 1.JPG,ba95d05ac16d8766,rejected
d4fddb76d0b2663c,211,da1e501c5816a2c0,near_duplicate,d4fddb76d0b2663c,4.0,0.9375,color,soybean___healthy,Soybean___healthy/dd2c720e-a184-4d25-a72e-752869d405c7___RS_HL 4461.JPG,be9c904ac32dcf34,rejected
d4fddb76d0b2663c,211,8c013038987a639a,near_duplicate,d4fddb76d0b2663c,18.0,0.71875,color,soybean___healthy,Soybean___healthy/e0bfb39b-820b-408a-a0ed-20051e8fd07d___RS_HL 4542.JPG,bf97c048c5e49663,rejected
d4fddb76d0b2663c,211,1355412d90e2c2c5,near_duplicate,d4fddb76d0b2663c,16.0,0.75,color,soybean___healthy,Soybean___healthy/e3857933-e537-4a7d-8bcc-bdcc9bcad188___RS_HL 4564.JPG,be1f8558c761c465,rejected
d4fddb76d0b2663c,211,1c6ff57527d9144a,near_duplicate,d4fddb76d0b2663c,20.0,0.6875,color,soybean___healthy,Soybean___healthy/e3b30628-2269-44c7-b2fc-43bd425a4991___RS_HL 4933.JPG,fe1f8558ca61c865,rejected
d4fddb76d0b2663c,211,8893889aed1872a1,near_duplicate,d4fddb76d0b2663c,10.0,0.84375,color,soybean___healthy,Soybean___healthy/e67b3438-c1bc-438d-aea3-10cf53b487bd___RS_HL 6273.JPG,beb4d058cb6d8564,rejected
d4fddb76d0b2663c,211,7955177c3ba9a8fd,near_duplicate,d4fddb76d0b2663c,16.0,0.75,color,soybean___healthy,Soybean___healthy/e6dfa315-08c3-4c1b-acf9-fb0d0559c58e___RS_HL 4200.JPG,be97c148c760f472,rejected
d4fddb76d0b2663c,211,d1fe0e90747b828b,near_duplicate,d4fddb76d0b2663c,12.0,0.8125,color,soybean___healthy,Soybean___healthy/e827fd08-9df7-43a3-bf10-f2011f0c834a___RS_HL 4740.JPG,ff95d0dac06cc560,rejected
d4fddb76d0b2663c,211,3ba80544fe65f075,near_duplicate,d4fddb76d0b2663c,4.0,0.9375,color,soybean___healthy,Soybean___healthy/e9dfdda7-6ae4-4586-a9a2-1d7414540a29___RS_HL 3704.JPG,be94d04ac32dc774,rejected
d4fddb76d0b2663c,211,d237de2126b3d485,near_duplicate,d4fddb76d0b2663c,10.0,0.84375,color,soybean___healthy,Soybean___healthy/eb6d0eee-eea7-45ea-9855-1282cdd263e3___RS_HL 3819.JPG,bf97805ac368c761,rejected
d4fddb76d0b2663c,211,677f27cb10866635,near_duplicate,d4fddb76d0b2663c,12.0,0.8125,color,soybean___healthy,Soybean___healthy/ecaa6e95-2748-4b58-bd8c-6c33a7639366___RS_HL 4499.JPG,be95d05ac7688663,rejected
d4fddb76d0b2663c,211,c0d13377d8420418,near_duplicate,d4fddb76d0b2663c,10.0,0.84375,color,soybean___healthy,Soybean___healthy/ecfb13fb-cbfa-4755-bc9b-c9737b830758___RS_HL 4620.JPG,bb95d44ac16dc472,rejected
d4fddb76d0b2663c,211,708c6a2b531a7584,near_duplicate,d4fddb76d0b2663c,16.0,0.75,color,soybean___healthy,Soybean___healthy/edd05ee9-bfe5-4c78-8c3d-025c4c56ed51___RS_HL 4805.JPG,bf9fd058c3619462,rejected
d4fddb76d0b2663c,211,480ea91a6a2ce845,near_duplicate,d4fddb76d0b2663c,20.0,0.6875,color,soybean___healthy,Soybean___healthy/f0ff50ed-8dd1-4b17-903c-9d7840b054cb___RS_HL 3490.JPG,ba1f8558ce61cc65,rejected
d4fddb76d0b2663c,211,583849658af52aba,near_duplicate,d4fddb76d0b2663c,22.0,0.65625,color,soybean___healthy,Soybean___healthy/f3bb5186-980e-47f6-bc70-202dc51bd0f4___RS_HL 4489.JPG,ea1f8550d669cc65,rejected
d4fddb76d0b2663c,211,dc8b083993b07d9c,near_duplicate,d4fddb76d0b2663c,8.0,0.875,color,soybean___healthy,Soybean___healthy/f52a4845-793f-4d61-a60b-cbc314b1d657___RS_HL 5017.JPG,bf95945ac269c564,rejected
d4fddb76d0b2663c,211,d856b797de96a0a6,near_duplicate,d4fddb76d0b2663c,18.0,0.71875,color,soybean___healthy,Soybean___healthy/f66edfd0-3a2d-4b10-9a64-c9f464bd989e___RS_HL 5329.JPG,bf978158cc61d466,rejected
d4fddb76d0b2663c,211,171ec294f430a364,near_duplicate,d4fddb76d0b2663c,14.0,0.78125,color,soybean___healthy,Soybean___healthy/f7fb9a56-8346-42f6-b5e4-15490350b649___RS_HL 4840.JPG,bf97c04ac570c672,rejected
d4fddb76d0b2663c,211,3cf371fdfc53a10d,near_duplicate,d4fddb76d0b2663c,14.0,0.78125,color,soybean___healthy,Soybean___healthy/f84a4ac8-730b-40f2-b796-3fbf5d464ccb___RS_HL 3458.JPG,bf87d0dae168c560,rejected
d4fddb76d0b2663c,211,c26ade98d8adc1c9,near_duplicate,d4fddb76d0b2663c,20.0,0.6875,color,soybean___healthy,Soybean___healthy/fbd3c90b-6714-4bb4-8aad-a21f681dbd10___RS_HL 3732.JPG,bb1f8558c669c865,rejected
d4fddb76d0b2663c,211,da9d4f79280edfb2,near_duplicate,d4fddb76d0b2663c,16.0,0.75,color,soybean___healthy,Soybean___healthy/fc44a847-0708-46b8-93f3-61a133d51240___RS_HL 3909.JPG,bf9f8058cf618466,rejected
d4fddb76d0b2663c,211,c6db4318c799ecc2,near_duplicate,d4fddb76d0b2663c,16.0,0.75,color,soybean___healthy,Soybean___healthy/fc60273f-9361-41d8-9af5-51aca1e8175a___RS_HL 4170.JPG,be978158ce61d465,rejected
d4fddb76d0b2663c,211,3493c715590b09f4,near_duplicate,d4fddb76d0b2663c,12.0,0.8125,color,soybean___healthy,Soybean___healthy/ffd1a614-2a6d-4584-9c1a-2e542d7cfabf___RS_HL 5656 1.JPG,bf97805cc368c565,rejected
d4fddb76d0b2663c,211,df4aa2f799027acb,near_duplicate,d4fddb76d0b2663c,20.0,0.6875,color,tomato___late_blight,Tomato___Late_blight/952aafef-3bea-457b-aebb-1c66af1f5eb0___RS_Late.B 5020.JPG,fa94c04acde69663,rejected
b8d8d5296af3023b,2,3606b7a05acdab73,near_duplicate,b8d8d5296af3023b,4.0,0.9375,color,blueberry___healthy,Blueberry___healthy/bbb5f4ac-9750-4052-854c-13ae9c892c8a___RS_HL 0507.JPG,ea95954a996d3692,rejected
b8d8d5296af3023b,2,b8d8d5296af3023b,representative,,,1.0,color,blueberry___healthy,Blueberry___healthy/dc1d0041-ddd3-4bd4-b32b-dad33610f2cc___RS_HL 0383.JPG,eab59d42896d3692,accepted
92cd8fc864d4de2a,2,92cd8fc864d4de2a,representative,,,1.0,color,blueberry___healthy,Blueberry___healthy/d794cfbc-bfa5-4f7f-8751-e4c309f1f03b___RS_HL 0430.JPG,fa92a561968e5a9c,accepted
92cd8fc864d4de2a,2,2fa8529e7e7d39f4,near_duplicate,92cd8fc864d4de2a,4.0,0.9375,color,soybean___healthy,Soybean___healthy/69afedee-adf1-4267-9dac-cbb257b0874f___RS_HL 2740.JPG,fa938571968c5a9c,rejected
2899d6f77a5d8fe1,2,2899d6f77a5d8fe1,representative,,,1.0,color,blueberry___healthy,Blueberry___healthy/de2ad47e-a619-4fce-aeed-074dc4c359f3___RS_HL 2460.JPG,e1168e499c6f3666,accepted
2899d6f77a5d8fe1,2,f0d634fc603f04d7,near_duplicate,2899d6f77a5d8fe1,4.0,0.9375,color,tomato___spider_mites_two_spotted_spider_mite,Tomato___Spider_mites Two-spotted_spider_mite/3753178e-eee8-405a-93b3-8f34728d7210___Com.G_SpM_FL 9410.JPG,e1168e4b9c6c3667,rejected
b3bd2bf195b057c0,3,b3bd2bf195b057c0,representative,,,1.0,color,blueberry___healthy,Blueberry___healthy/e1bba6b4-45e5-4d1f-b58f-01ef97525cc6___RS_HL 2324.JPG,e94b9eb491b2a68c,accepted
b3bd2bf195b057c0,3,aa3b78373124158d,near_duplicate,b3bd2bf195b057c0,4.0,0.9375,color,cherry_including_sour___healthy,Cherry_(including_sour)___healthy/3701b877-df2b-49cd-9bb9-066dd6f2f206___JR_HL 9734.JPG,e94b9eb49132a63c,rejected
b3bd2bf195b057c0,3,9a37f9fd83aebe07,near_duplicate,b3bd2bf195b057c0,4.0,0.9375,color,tomato___tomato_mosaic_virus,Tomato___Tomato_mosaic_virus/14c21616-aa9e-4d85-8aff-bdf7f4cf3720___PSU_CG 2079.JPG,e94bde9411b3a68c,rejected
630558d0443f1f90,4,630558d0443f1f90,representative,,,1.0,color,blueberry___healthy,Blueberry___healthy/e35a63f4-5fa8-40af-9e59-a63b67801bcf___RS_HL 4996.JPG,eaca963d9136a534,accepted
630558d0443f1f90,4,3583ce6ff335659f,near_duplicate,630558d0443f1f90,4.0,0.9375,color,cherry_including_sour___healthy,Cherry_(including_sour)___healthy/0a273dc4-db45-4936-aee3-59919e1df44f___JR_HL 9805.JPG,eaca973d90368734,rejected
630558d0443f1f90,4,a77618f55e9a74b2,near_duplicate,630558d0443f1f90,8.0,0.875,color,cherry_including_sour___healthy,Cherry_(including_sour)___healthy/baa49a32-a5a5-48a0-8c1c-2c599853e460___JR_HL 3970.JPG,eaca973d90318736,rejected
630558d0443f1f90,4,f511d870c5834e55,near_duplicate,630558d0443f1f90,12.0,0.8125,color,soybean___healthy,Soybean___healthy/12bdeb55-f1c1-459e-a151-e470212afdb7___RS_HL 3400.JPG,ea4a953d9a318736,rejected
b110999381899875,2,be05dc64542ab963,near_duplicate,b110999381899875,4.0,0.9375,color,cherry_including_sour___powdery_mildew,Cherry_(including_sour)___Powdery_mildew/03132cd9-1649-4de0-aa41-de6eb60d4878___FREC_Pwd.M 0372.JPG,fb13900b836d9f64,rejected
b110999381899875,2,b110999381899875,representative,,,1.0,color,cherry_including_sour___powdery_mildew,Cherry_(including_sour)___Powdery_mildew/240240b2-ab73-4831-bd3b-da01d626f346___FREC_Pwd.M 0373.JPG,fb11901bc3699f64,accepted
717cd5ecc07a67d0,4,a0afef64af60a0ab,near_duplicate,717cd5ecc07a67d0,6.0,0.90625,color,cherry_including_sour___powdery_mildew,Cherry_(including_sour)___Powdery_mildew/176d6faf-285c-4bf0-a643-cdfa9b4c741d___FREC_Pwd.M 0348.JPG,aa57b54a9268cf25,rejected
717cd5ecc07a67d0,4,99a5cfa32c359643,near_duplicate,717cd5ecc07a67d0,4.0,0.9375,color,cherry_including_sour___powdery_mildew,Cherry_(including_sour)___Powdery_mildew/341d8850-26e0-4ac5-a560-da2be3fc4b24___FREC_Pwd.M 0349.JPG,aa17b54a9269cf25,rejected
717cd5ecc07a67d0,4,f720956309450ea9,near_duplicate,717cd5ecc07a67d0,6.0,0.90625,color,cherry_including_sour___powdery_mildew,Cherry_(including_sour)___Powdery_mildew/c33d7542-45be-47a0-a9cb-93980b16ba1e___FREC_Pwd.M 0347.JPG,aa57b54ad268cb25,rejected
717cd5ecc07a67d0,4,717cd5ecc07a67d0,representative,,,1.0,color,orange___haunglongbing_citrus_greening,Orange___Haunglongbing_(Citrus_greening)/bc070003-a6bb-4cc7-8e4b-4f5d074dd408___CREC_HLB 6479.JPG,aa33b5ca9269cb25,accepted
244caffaf15dedf7,2,de1b9f70c7a57851,near_duplicate,244caffaf15dedf7,4.0,0.9375,color,cherry_including_sour___powdery_mildew,Cherry_(including_sour)___Powdery_mildew/21f36453-b011-4ac8-8156-2876561b154c___FREC_Pwd.M 0424.JPG,ff05e41e86781ac3,rejected
244caffaf15dedf7,2,244caffaf15dedf7,representative,,,1.0,color,cherry_including_sour___powdery_mildew,Cherry_(including_sour)___Powdery_mildew/8197f614-82e6-440a-bb94-74322b7c0b4c___FREC_Pwd.M 0425.JPG,fe85e41e87781a83,accepted
bc182c0bf0419810,2,bc182c0bf0419810,representative,,,1.0,color,cherry_including_sour___powdery_mildew,Cherry_(including_sour)___Powdery_mildew/2b61ad8d-5292-4ac0-aced-1c295a38e2d0___FREC_Pwd.M 0427.JPG,f649a41e95781ae3,accepted
bc182c0bf0419810,2,8ad859505c69b2a1,near_duplicate,bc182c0bf0419810,2.0,0.96875,color,cherry_including_sour___powdery_mildew,Cherry_(including_sour)___Powdery_mildew/52aea538-85d0-461c-8956-25af2d74a1ac___FREC_Pwd.M 0426.JPG,f609e41e95781ae3,rejected
e0f9b1bcc895e94d,2,739c7de695e6d5bf,near_duplicate,e0f9b1bcc895e94d,2.0,0.96875,color,cherry_including_sour___powdery_mildew,Cherry_(including_sour)___Powdery_mildew/324c0529-3992-4015-91f2-1f8c8b87940f___FREC_Pwd.M 0323.JPG,b389d5b74ec22c85,rejected
e0f9b1bcc895e94d,2,e0f9b1bcc895e94d,representative,,,1.0,color,cherry_including_sour___powdery_mildew,Cherry_(including_sour)___Powdery_mildew/3928d15a-b841-4524-a5be-b34546c358f2___FREC_Pwd.M 0324.JPG,b289d5b74ec26c85,rejected
2b8d327b94fe62dd,2,6d0882a236a12a08,near_duplicate,2b8d327b94fe62dd,4.0,0.9375,color,cherry_including_sour___powdery_mildew,Cherry_(including_sour)___Powdery_mildew/32f9b09e-963a-4724-99cc-d4b4adff9914___FREC_Pwd.M 0317.JPG,ea49a5359fc25a54,rejected
2b8d327b94fe62dd,2,2b8d327b94fe62dd,representative,,,1.0,color,cherry_including_sour___powdery_mildew,Cherry_(including_sour)___Powdery_mildew/48175408-eebb-4868-bc02-906a07a93b77___FREC_Pwd.M 0318.JPG,ea49a5b59fa25254,accepted
a9de0a9d990cec7f,2,a9de0a9d990cec7f,representative,,,1.0,color,cherry_including_sour___powdery_mildew,Cherry_(including_sour)___Powdery_mildew/38b9665e-5c2e-4f30-9909-015cf9b3a4ef___FREC_Pwd.M 0481.JPG,ab6d94465a397943,accepted
a9de0a9d990cec7f,2,dbea33952a0c8a73,near_duplicate,a9de0a9d990cec7f,4.0,0.9375,color,cherry_including_sour___powdery_mildew,Cherry_(including_sour)___Powdery_mildew/f3ca4413-77d8-4e46-8c5b-399a1d34c8f9___FREC_Pwd.M 0482.JPG,ab6d94465a997b42,rejected
6be8e6466c9811d8,2,6be8e6466c9811d8,representative,,,1.0,color,cherry_including_sour___powdery_mildew,Cherry_(including_sour)___Powdery_mildew/4a681bd1-f177-4079-a67c-890eaa1fb016___FREC_Pwd.M 5097.JPG,efb9e0c497821a39,accepted
6be8e6466c9811d8,2,69ff9008361bc6fe,near_duplicate,6be8e6466c9811d8,4.0,0.9375,color,cherry_including_sour___powdery_mildew,Cherry_(including_sour)___Powdery_mildew/693c845b-b606-4bf9-8f29-7f8ae2c7f09d___FREC_Pwd.M 5096.JPG,afb9e0c693825a39,rejected
f9d8a7f65227df1e,2,f9d8a7f65227df1e,representative,,,1.0,color,cherry_including_sour___powdery_mildew,Cherry_(including_sour)___Powdery_mildew/52fdca01-c6e8-4903-a8ff-c9825071e6d2___FREC_Pwd.M 0283.JPG,eb54c56a96455a2d,rejected
f9d8a7f65227df1e,2,7474ad1ea1097f8f,near_duplicate,f9d8a7f65227df1e,2.0,0.96875,color,cherry_including_sour___powdery_mildew,Cherry_(including_sour)___Powdery_mildew/cd6f8dee-5c38-4e3c-946d-2d79a517d76e___FREC_Pwd.M 0284.JPG,ea54c56a96455b2d,rejected
f29597711d997eaa,2,93b1b7615153af59,near_duplicate,f29597711d997eaa,2.0,0.96875,color,cherry_including_sour___powdery_mildew,Cherry_(including_sour)___Powdery_mildew/900cf5aa-c000-45d4-8e30-743c195b1ccd___FREC_Pwd.M 0516.JPG,ff62c02587149f9a,rejected
f29597711d997eaa,2,f29597711d997eaa,representative,,,1.0,color,cherry_including_sour___powdery_mildew,Cherry_(including_sour)___Powdery_mildew/afc7e0e1-0524-4de8-8409-ba6e501c8d54___FREC_Pwd.M 0515.JPG,ff62e02187149f9a,rejected
d0bdfab7e0711c2e,2,d0bdfab7e0711c2e,representative,,,1.0,color,cherry_including_sour___powdery_mildew,Cherry_(including_sour)___Powdery_mildew/98735a23-9c85-4110-a4b7-f3614a7e168d___FREC_Pwd.M 5055.JPG,814c773f9c60ccc7,accepted
d0bdfab7e0711c2e,2,32a40c448b75439d,near_duplicate,d0bdfab7e0711c2e,4.0,0.9375,color,cherry_including_sour___powdery_mildew,Cherry_(including_sour)___Powdery_mildew/af17d4b3-3193-4f16-9449-28cd5a204499___FREC_Pwd.M 5058.JPG,89c4773e9c60ccc7,rejected
9480363211b44530,2,9480363211b44530,representative,,,1.0,color,cherry_including_sour___powdery_mildew,Cherry_(including_sour)___Powdery_mildew/f7385075-b341-47bf-8521-5561918bd3cb___FREC_Pwd.M 0501.JPG,ea53b56bd0418b65,accepted
9480363211b44530,2,55f8d2e90ec90fed,near_duplicate,9480363211b44530,4.0,0.9375,color,cherry_including_sour___powdery_mildew,Cherry_(including_sour)___Powdery_mildew/f7d72dfe-0b0c-44a2-96b3-fd588eb10b12___FREC_Pwd.M 0500.JPG,eb51b54bd0498b65,rejected
f7180be887012db5,3,eac6b975701b8d73,near_duplicate,f7180be887012db5,4.0,0.9375,color,cherry_including_sour___healthy,Cherry_(including_sour)___healthy/036b575a-cbe7-45a4-8b97-15b7ecdf3dee___JR_HL 9600.JPG,bf6ac29e949833a4,rejected
f7180be887012db5,3,f7180be887012db5,representative,,,1.0,color,cherry_including_sour___healthy,Cherry_(including_sour)___healthy/2d4fa6df-452a-4697-89a6-a03dafd4104c___JR_HL 9876 copy.JPG,bf68c29eb49833e0,accepted
f7180be887012db5,3,e7e95db8dfcadcb2,near_duplicate,f7180be887012db5,4.0,0.9375,color,cherry_including_sour___healthy,Cherry_(including_sour)___healthy/771c7c63-38bb-4d7a-8db1-fda6c5d91076___JR_HL 9882 copy.JPG,bf68c29e949831e3,rejected
b00522d47a4a4f9e,3,b00522d47a4a4f9e,representative,,,1.0,color,cherry_including_sour___healthy,Cherry_(including_sour)___healthy/0de1122b-b2f0-4ae4-bd30-1893331a9ea1___JR_HL 9681.JPG,af6bc0978d98b291,accepted
b00522d47a4a4f9e,3,e922bd237718a095,near_duplicate,b00522d47a4a4f9e,4.0,0.9375,color,cherry_including_sour___healthy,Cherry_(including_sour)___healthy/4cd2bd7d-899b-40b3-b3a1-ad8e0a61fa68___JR_HL 4246.JPG,afeac0978f98b091,rejected
b00522d47a4a4f9e,3,b779a206991b3574,near_duplicate,b00522d47a4a4f9e,4.0,0.9375,color,cherry_including_sour___healthy,Cherry_(including_sour)___healthy/dbe15479-6802-4e83-850a-fff7900e0e3d___JR_HL 9854.JPG,bf68c097cd98b291,rejected
c4135f475e555f3a,2,178a65663a39f097,near_duplicate,c4135f475e555f3a,4.0,0.9375,color,cherry_including_sour___healthy,Cherry_(including_sour)___healthy/0e74a030-4b86-4c3f-8944-31e68d1911ba___JR_HL 4016.JPG,eab4a57696329293,rejected
c4135f475e555f3a,2,c4135f475e555f3a,representative,,,1.0,color,cherry_including_sour___healthy,Cherry_(including_sour)___healthy/b570727c-3764-46cd-b128-d29353da1b9d___JR_HL 4024.JPG,eb36a57296329293,accepted
18190d5f6871ed5a,2,18190d5f6871ed5a,representative,,,1.0,color,cherry_including_sour___healthy,Cherry_(including_sour)___healthy/124e5b7b-dc6a-4b5a-8f4e-b22ed738b5fc___JR_HL 9455.JPG,bf1f95c8c8e560c4,accepted
18190d5f6871ed5a,2,082bbb33b7ade9f8,near_duplicate,18190d5f6871ed5a,4.0,0.9375,color,cherry_including_sour___healthy,Cherry_(including_sour)___healthy/415fdea5-432a-449a-8071-06ff01742307___JR_HL 9798.JPG,af1f85c8cce560e4,rejected
6e429705a5ec47fd,2,6e429705a5ec47fd,representative,,,1.0,color,cherry_including_sour___healthy,Cherry_(including_sour)___healthy/25dd43a5-9a2b-4051-abdc-1f3a6311915a___JR_HL 9516.JPG,eaca963c9037e43c,accepted
6e429705a5ec47fd,2,28c7b23c35a2bdc2,near_duplicate,6e429705a5ec47fd,4.0,0.9375,color,cherry_including_sour___healthy,Cherry_(including_sour)___healthy/e681961f-9b24-4191-b3e3-2e9a5b48f3b5___JR_HL 9630.JPG,eaca9e349136e43c,rejected
1b9c9891f672d50a,3,1b9c9891f672d50a,representative,,,1.0,color,cherry_including_sour___healthy,Cherry_(including_sour)___healthy/36232566-e010-45c3-a25b-62fb7ec8bffc___JR_HL 9572.JPG,ea6a87b58d90b49c,accepted
1b9c9891f672d50a,3,a7160fc237ae9efe,near_duplicate,1b9c9891f672d50a,6.0,0.90625,color,cherry_including_sour___healthy,Cherry_(including_sour)___healthy/6383ba62-2f58-4bf0-89f0-9a9159c25aad___JR_HL 9431.JPG,e86a87bd8d903599,rejected
1b9c9891f672d50a,3,5ef378a3994cdb2d,near_duplicate,1b9c9891f672d50a,4.0,0.9375,color,cherry_including_sour___healthy,Cherry_(including_sour)___healthy/c30fb5bc-2fc0-42cd-a5db-5b4b774b9f7e___JR_HL 9574.JPG,ea6a87a58d90b599,rejected
f397e083b3181c46,2,f397e083b3181c46,representative,,,1.0,color,cherry_including_sour___healthy,Cherry_(including_sour)___healthy/3e9c21cc-c912-46fd-bec7-6ab095e33d47___JR_HL 9443.JPG,ea3d96cb41d0cc66,accepted
f397e083b3181c46,2,4903249f7fedc0d1,near_duplicate,f397e083b3181c46,4.0,0.9375,color,cherry_including_sour___healthy,Cherry_(including_sour)___healthy/8d8affc9-f724-4e95-827c-763d0e3cac90___JR_HL 9894 copy.JPG,ea3d96cb41d06ce2,rejected
15cef827ea232da1,2,8eb06558bebb11a3,near_duplicate,15cef827ea232da1,4.0,0.9375,color,cherry_including_sour___healthy,Cherry_(including_sour)___healthy/55df59e1-73fb-4feb-8099-0b832bb3fb81___JR_HL 9754.JPG,bf1dc260986ef3c0,rejected
15cef827ea232da1,2,15cef827ea232da1,representative,,,1.0,color,peach___healthy,Peach___healthy/02070622-2fd7-40d5-9470-27e513ea8a90___Rutg._HL 3636.JPG,ae1fc660986ef3c0,accepted
9d639100ebd0bbbf,2,dae9990699321a3b,near_duplicate,9d639100ebd0bbbf,4.0,0.9375,color,cherry_including_sour___healthy,Cherry_(including_sour)___healthy/6252a6cd-23cf-495c-b452-518100eb243c___JR_HL 4155.JPG,afe09503de0e983d,rejected
9d639100ebd0bbbf,2,9d639100ebd0bbbf,representative,,,1.0,color,soybean___healthy,Soybean___healthy/ae6fda7d-157f-4d4e-bdd5-317847598b88___RS_HL 3708.JPG,afe09507d60f903d,accepted
6353badf5b9a5c16,2,6353badf5b9a5c16,representative,,,1.0,color,cherry_including_sour___healthy,Cherry_(including_sour)___healthy/66864f41-25b9-43f1-9f26-bc65cd325d39___JR_HL 3971.JPG,bf1ed468cc6530c6,accepted
6353badf5b9a5c16,2,9739fc915a64e6b2,near_duplicate,6353badf5b9a5c16,4.0,0.9375,color,cherry_including_sour___healthy,Cherry_(including_sour)___healthy/89bfbe68-6d5e-40f7-82c3-49107268740d___JR_HL 3974.JPG,af1fd468ce6530c2,rejected
69af23a01012072a,3,98a59b7584432aa6,near_duplicate,69af23a01012072a,4.0,0.9375,color,cherry_including_sour___healthy,Cherry_(including_sour)___healthy/6799a92a-334c-4147-bc38-267abda01076___JR_HL 9441.JPG,ea3d97c2c1c864f2,rejected
69af23a01012072a,3,4a0ed7bd3a4e3a55,near_duplicate,69af23a01012072a,6.0,0.90625,color,cherry_including_sour___healthy,Cherry_(including_sour)___healthy/92f51e03-8792-42ea-a709-0b6fb115e1be___JR_HL 9807.JPG,ea3f95c2c1c864f2,rejected
69af23a01012072a,3,69af23a01012072a,representative,,,1.0,color,cherry_including_sour___healthy,Cherry_(including_sour)___healthy/b255bae1-b650-413d-9444-dff61de6bd33___JR_HL 9724.JPG,f83d96c2e1c864f2,accepted
cc68e6c74c10c7da,2,e60945a5c53c6ebd,near_duplicate,cc68e6c74c10c7da,4.0,0.9375,color,cherry_including_sour___healthy,Cherry_(including_sour)___healthy/705108ce-01cc-4bf5-b92b-bdd4dfd3cabd___JR_HL 4001.JPG,faca910f9835d932,rejected
cc68e6c74c10c7da,2,cc68e6c74c10c7da,representative,,,1.0,color,soybean___healthy,Soybean___healthy/2b3551c3-835f-4051-aa8e-e673c8b7dbf3___RS_HL 3867.JPG,faca810f9a34db32,accepted
7ccb74eb99aa0a5c,2,7ccb74eb99aa0a5c,representative,,,1.0,color,cherry_including_sour___healthy,Cherry_(including_sour)___healthy/92cd65f0-9866-4985-b706-733e8c53ed83___JR_HL 4007.JPG,bfe0c297dc90b033,accepted
7ccb74eb99aa0a5c,2,6fc785be6461c4a9,near_duplicate,7ccb74eb99aa0a5c,4.0,0.9375,color,cherry_including_sour___healthy,Cherry_(including_sour)___healthy/fc9a5244-238a-4e19-9e07-80819941f414___JR_HL 4006.JPG,bfe8c297cc98b031,rejected
30e6b0d3fd279234,19,cde3dbec7223f938,near_duplicate,30e6b0d3fd279234,10.0,0.84375,color,cherry_including_sour___healthy,Cherry_(including_sour)___healthy/a0816ba7-dc4a-432a-85fc-79d2aa1b8f96___JR_HL 4047.JPG,aee0940fdc3cd835,rejected
30e6b0d3fd279234,19,0318f174c97147cd,near_duplicate,30e6b0d3fd279234,12.0,0.8125,color,raspberry___healthy,Raspberry___healthy/1bc672d8-2546-4f01-9482-a97e0d6cc345___Mary_HL 9303.JPG,af40d40fde3cd870,rejected
30e6b0d3fd279234,19,e0d05d56c149bdbb,near_duplicate,30e6b0d3fd279234,8.0,0.875,color,raspberry___healthy,Raspberry___healthy/59564e0d-f4ca-450f-adef-209cbfbec0ef___Mary_HL 9241.JPG,aec0940f9a3dc937,rejected
30e6b0d3fd279234,19,0b055e77e54e6c9e,near_duplicate,30e6b0d3fd279234,6.0,0.90625,color,soybean___healthy,Soybean___healthy/5b2c683d-fdb7-4bf0-89d9-73d1b3772dae___RS_HL 4169.JPG,afe0950fda2cc03d,rejected
30e6b0d3fd279234,19,7ecf8e4877b0bd85,near_duplicate,30e6b0d3fd279234,10.0,0.84375,color,soybean___healthy,Soybean___healthy/63a5e362-672a-4dee-a673-d9258bb0ab6c___RS_HL 3560.JPG,afe0d40fda3cd830,rejected
30e6b0d3fd279234,19,7efe92006e6733a1,near_duplicate,30e6b0d3fd279234,8.0,0.875,color,soybean___healthy,Soybean___healthy/6866ee58-983b-4c67-aa7e-3b701d331167___RS_HL 4517.JPG,aee0940eda3dc935,rejected
30e6b0d3fd279234,19,f0dc5d34ad3fa753,near_duplicate,30e6b0d3fd279234,12.0,0.8125,color,soybean___healthy,Soybean___healthy/712bb093-a1b5-4170-a74a-d2150263689c___RS_HL 5166.JPG,afe4d40f9a3c9831,rejected
30e6b0d3fd279234,19,132f40f76773823b,near_duplicate,30e6b0d3fd279234,14.0,0.78125,color,soybean___healthy,Soybean___healthy/7c045ae8-6abb-4189-81f1-76e73b1b51da___RS_HL 3860.JPG,afc4d40fca3c9970,rejected
30e6b0d3fd279234,19,1b2b3d9ff7da2d8f,near_duplicate,30e6b0d3fd279234,12.0,0.8125,color,soybean___healthy,Soybean___healthy/7e5af35a-ba68-4a98-a74a-fb70dcda640e___RS_HL 5651 1.JPG,aac0b50fd23ccb3c,rejected
30e6b0d3fd279234,19,06a64f63af59bd2e,near_duplicate,30e6b0d3fd279234,8.0,0.875,color,soybean___healthy,Soybean___healthy/86408366-c846-4f1b-8088-21b9fe7ef69f___RS_HL 3908.JPG,afc0d00fda3cd833,rejected
30e6b0d3fd279234,19,30e6b0d3fd279234,representative,,,1.0,color,soybean___healthy,Soybean___healthy/b4affb22-d012-42ad-a10f-ecf03e560c9c___RS_HL 4917.JPG,bfc0900fda2dc83d,accepted
30e6b0d3fd279234,19,3a919befaa269efb,near_duplicate,30e6b0d3fd279234,8.0,0.875,color,soybean___healthy,Soybean___healthy/b93e2503-cadd-4350-912f-1888f9ea99ff___RS_HL 4662.JPG,aee0940fda3cc93c,rejected
30e6b0d3fd279234,19,0ee280510888a2f3,near_duplicate,30e6b0d3fd279234,10.0,0.84375,color,soybean___healthy,Soybean___healthy/c162ce9e-ec88-4728-b07c-319f5565fdd1___RS_HL 4842.JPG,afc1d00f9a3dd033,rejected
30e6b0d3fd279234,19,436cc3acd00befbd,near_duplicate,30e6b0d3fd279234,6.0,0.90625,color,soybean___healthy,Soybean___healthy/cede2335-bc0d-4f1b-8886-644c3c97d990___RS_HL 3727.JPG,bfc0940fda3cc931,rejected
30e6b0d3fd279234,19,f17cbcdfdc3e583c,near_duplicate,30e6b0d3fd279234,10.0,0.84375,color,soybean___healthy,Soybean___healthy/d8634477-baca-4b5b-8d79-dd673e49c2f6___RS_HL 5462.JPG,eac0950fda3cc93c,rejected
30e6b0d3fd279234,19,f3d9cde9b73d500d,near_duplicate,30e6b0d3fd279234,6.0,0.90625,color,soybean___healthy,Soybean___healthy/e0f9d06d-375d-4bb0-aec5-f25c2c2505b7___RS_HL 4766.JPG,afc0940fda3cd835,rejected
30e6b0d3fd279234,19,b05afceea8b50573,near_duplicate,30e6b0d3fd279234,4.0,0.9375,color,soybean___healthy,Soybean___healthy/f67d5091-ac83-42d4-bb1d-fb0209266760___RS_HL 4660.JPG,afc0940fda3cc83d,rejected
30e6b0d3fd279234,19,50bee8e890186e35,near_duplicate,30e6b0d3fd279234,10.0,0.84375,color,tomato___leaf_mold,Tomato___Leaf_Mold/76e5026d-dc54-4129-8250-573317cc91da___Crnl_L.Mold 6700.JPG,afe0948fca3cc934,rejected
30e6b0d3fd279234,19,2c0369c9343338d0,near_duplicate,30e6b0d3fd279234,12.0,0.8125,color,tomato___leaf_mold,Tomato___Leaf_Mold/78cfaa28-9259-4225-8641-5dfaceab2118___Crnl_L.Mold 6690.JPG,afe0d40fca3c9934,rejected
768bbde97efc24f3,2,d889dff02b860978,near_duplicate,768bbde97efc24f3,4.0,0.9375,color,cherry_including_sour___healthy,Cherry_(including_sour)___healthy/a6562ee2-b37b-4734-9bf4-75da24f34bd1___JR_HL 4153.JPG,aa958140ed67b0fe,rejected
768bbde97efc24f3,2,768bbde97efc24f3,representative,,,1.0,color,soybean___healthy,Soybean___healthy/27c225cc-f65b-4c71-8e74-74cba1ecb0ac___RS_HL 4647.JPG,aa958140cc67b5fe,accepted
dfa8755a0b0eabf0,2,daa0fda4efcdbaf0,near_duplicate,dfa8755a0b0eabf0,4.0,0.9375,color,cherry_including_sour___healthy,Cherry_(including_sour)___healthy/a684ee42-fe12-4ccb-ae9c-a55d4322a817___JR_HL 9876.JPG,be6ac0979d9832a5,rejected
dfa8755a0b0eabf0,2,dfa8755a0b0eabf0,representative,,,1.0,color,tomato___septoria_leaf_spot,Tomato___Septoria_leaf_spot/b176a644-d8ac-4bdd-9d6b-e4038ce910ac___Matt.S_CG 6914.JPG,fe6ac0971d9830b5,accepted
eef41859a012300b,2,87f95e6066578ebe,near_duplicate,eef41859a012300b,2.0,0.96875,color,cherry_including_sour___healthy,Cherry_(including_sour)___healthy/b337e8a0-958c-48e3-9368-1d68fa26a493___JR_HL 4190.JPG,eee6a516961ad219,rejected
eef41859a012300b,2,eef41859a012300b,representative,,,1.0,color,cherry_including_sour___healthy,Cherry_(including_sour)___healthy/dcd94f3c-a363-4b22-8dd8-0ae62ddc6f07___JR_HL 4192.JPG,eee4a516961ad21b,accepted
2768324e0b50462a,2,9d7934200b14870a,near_duplicate,2768324e0b50462a,4.0,0.9375,color,cherry_including_sour___healthy,Cherry_(including_sour)___healthy/dc8ada8f-338c-4428-8878-b3d91f038374___JR_HL 9545.JPG,eaca92349933e535,rejected
2768324e0b50462a,2,2768324e0b50462a,representative,,,1.0,color,soybean___healthy,Soybean___healthy/b8301cf6-7405-40ea-9899-42bb8a3a4a91___RS_HL 3901.JPG,eeca92349133e437,accepted
6e3d2830d7d5ca56,2,8e80278e24a03849,near_duplicate,6e3d2830d7d5ca56,4.0,0.9375,color,cherry_including_sour___healthy,Cherry_(including_sour)___healthy/e68b0372-4f11-4706-8473-9e99aec160ce___JR_HL 9434.JPG,ea4a963c99b38593,rejected
6e3d2830d7d5ca56,2,6e3d2830d7d5ca56,representative,,,1.0,color,tomato___septoria_leaf_spot,Tomato___Septoria_leaf_spot/b35daee2-6cd8-486b-b054-d1cc7ad0bc66___JR_Sept.L.S 8567.JPG,ea4a963c99b59592,accepted
c6911d5a79c01ae1,4,a8be71e4e15ec817,near_duplicate,c6911d5a79c01ae1,4.0,0.9375,color,cherry_including_sour___healthy,Cherry_(including_sour)___healthy/ea6eb22e-337b-4f6e-b18f-6e5633e97571___JR_HL 9741.JPG,bf3f95c0d8cd60c0,rejected
c6911d5a79c01ae1,4,528761971ec6f0f6,near_duplicate,c6911d5a79c01ae1,4.0,0.9375,color,soybean___healthy,Soybean___healthy/2f0e30c3-e2fc-4108-bb9a-c0ac42b4bb9a___RS_HL 4551.JPG,afbf96c0c8cc65c0,rejected
c6911d5a79c01ae1,4,4e1d0947511a6a21,near_duplicate,c6911d5a79c01ae1,4.0,0.9375,color,soybean___healthy,Soybean___healthy/7adac6f5-49f5-4cda-8425-e15d7d821b88___RS_HL 4395.JPG,bf3f92c0d8cc65c0,rejected
c6911d5a79c01ae1,4,c6911d5a79c01ae1,representative,,,1.0,color,soybean___healthy,Soybean___healthy/a7711242-c374-4156-a8ba-d1ad73d38f8e___RS_HL 3713.JPG,af3f96c0d8cd61c0,accepted
22dc8cfa171f3ed5,2,4bc9e27e3adfe803,near_duplicate,22dc8cfa171f3ed5,4.0,0.9375,color,cherry_including_sour___healthy,Cherry_(including_sour)___healthy/f39a9ed7-1aaf-45b6-9b4d-6a150e34cf96___JR_HL 4323.JPG,ffe0c0878d9b9419,rejected
22dc8cfa171f3ed5,2,22dc8cfa171f3ed5,representative,,,1.0,color,raspberry___healthy,Raspberry___healthy/df724307-7f4d-4a8a-a86a-24ed790cbc04___Mary_HL 9268.JPG,ffe0c207cd9b8419,accepted
c9c5f768aaeef462,2,c9c5f768aaeef462,representative,,,1.0,color,corn_maize___northern_leaf_blight,Corn_(maize)___Northern_Leaf_Blight/83327a8d-9bfd-49d6-9fc9-bc065a379bce___RS_NLB 4044 copy 2.jpg,b2f8662c3166766c,accepted
c9c5f768aaeef462,2,dd61f41ad7a94d45,near_duplicate,c9c5f768aaeef462,4.0,0.9375,color,corn_maize___northern_leaf_blight,Corn_(maize)___Northern_Leaf_Blight/b7ec2193-2a49-43b9-9962-7a13d472e668___RS_NLB 4044.JPG,b2f8666c1176762c,rejected
1ad225d28b4f5a23,2,1ad225d28b4f5a23,representative,,,1.0,color,corn_maize___healthy,Corn_(maize)___healthy/49ecc957-9ec7-45f7-a3c9-d1e63cf224df___R.S_HL 0607 copy 2.jpg,b7f4e10068f30af6,accepted
1ad225d28b4f5a23,2,57da02766200217d,near_duplicate,1ad225d28b4f5a23,4.0,0.9375,color,corn_maize___healthy,Corn_(maize)___healthy/6aaf943e-fb16-4f8f-86c5-dc36724e25e5___R.S_HL 0607.JPG,b7f4e100f8f302f4,rejected
c265671029c135c1,2,c5560173d407a70d,near_duplicate,c265671029c135c1,2.0,0.96875,color,corn_maize___healthy,Corn_(maize)___healthy/8afc9635-c5e3-41be-aac0-74109d6112ed___R.S_HL 0601 copy 2.jpg,8080a0239bbb6fff,rejected
c265671029c135c1,2,c265671029c135c1,representative,,,1.0,color,corn_maize___healthy,Corn_(maize)___healthy/94ca39a0-d4df-44c6-b5cc-a38a754506e5___R.S_HL 0601 copy 3.jpg,8080a02b9abb6fff,accepted
840fe4f13cab78ff,2,840fe4f13cab78ff,representative,,,1.0,color,corn_maize___healthy,Corn_(maize)___healthy/d2eeaaf5-97f6-4fc0-a2b5-09e98e483648___R.S_HL 0630 copy.jpg,f63c2d24d2d86d38,accepted
840fe4f13cab78ff,2,31884d176b7eb1c8,near_duplicate,840fe4f13cab78ff,4.0,0.9375,color,corn_maize___healthy,Corn_(maize)___healthy/f73f38b8-0938-44f2-a229-6baa3114fe40___R.S_HL 0630 copy 3.jpg,f6382d25d2d0ed38,rejected
361b285a81beaa9d,2,d777a86a341e8c56,near_duplicate,361b285a81beaa9d,4.0,0.9375,color,grape___black_rot,Grape___Black_rot/00090b0f-c140-4e77-8d20-d39f67b75fcc___FAM_B.Rot 0376.JPG,afe2d00d9a1bcc39,rejected
361b285a81beaa9d,2,361b285a81beaa9d,representative,,,1.0,color,grape___black_rot,Grape___Black_rot/ae42a097-ae73-4526-af1e-496bb0b50b32___FAM_B.Rot 3038.JPG,afe2d00f9a18ccb9,accepted
76c76ca3a9dd0b25,7,76c76ca3a9dd0b25,representative,,,1.0,color,grape___black_rot,Grape___Black_rot/24076a50-f715-4b02-b1fc-d5b83ab06174___FAM_B.Rot 3341.JPG,faa4a197875a9e48,accepted
76c76ca3a9dd0b25,7,aaf118a3e1e9c960,near_duplicate,76c76ca3a9dd0b25,4.0,0.9375,color,orange___haunglongbing_citrus_greening,Orange___Haunglongbing_(Citrus_greening)/11b4a4de-c43d-48ac-a5a3-00b0875f6959___CREC_HLB 5583.JPG,fbb0a097875a9e48,rejected
76c76ca3a9dd0b25,7,e9577eaccf2b3f64,near_duplicate,76c76ca3a9dd0b25,6.0,0.90625,color,orange___haunglongbing_citrus_greening,Orange___Haunglongbing_(Citrus_greening)/3ea366e1-7193-4712-9abe-ddbb04df7517___CREC_HLB 5270.JPG,ffa1a097875a8e48,rejected
76c76ca3a9dd0b25,7,54e2bab61e353abd,near_duplicate,76c76ca3a9dd0b25,4.0,0.9375,color,orange___haunglongbing_citrus_greening,Orange___Haunglongbing_(Citrus_greening)/818c1c57-e6a9-46bb-b681-06c08fe3556b___CREC_HLB 5250.JPG,faa4a196875a9e29,rejected
76c76ca3a9dd0b25,7,6649e8cda1abf4d9,near_duplicate,76c76ca3a9dd0b25,6.0,0.90625,color,orange___haunglongbing_citrus_greening,Orange___Haunglongbing_(Citrus_greening)/9229b2cd-f345-4f62-8198-09ba345ceb57___CREC_HLB 5559.JPG,fba3a097871a9e48,rejected
76c76ca3a9dd0b25,7,ada7e8dd011c950c,near_duplicate,76c76ca3a9dd0b25,8.0,0.875,color,orange___haunglongbing_citrus_greening,Orange___Haunglongbing_(Citrus_greening)/b0abaf0a-df7d-41b9-b9ad-19cfb0e2aec2___CREC_HLB 5102.JPG,fea1e01f875a8e48,rejected
76c76ca3a9dd0b25,7,daef5bf37d79df21,near_duplicate,76c76ca3a9dd0b25,10.0,0.84375,color,tomato___bacterial_spot,Tomato___Bacterial_spot/5ce7093e-2e9d-4dd9-9401-7499c26ddaf1___GCREC_Bact.Sp 5566.JPG,fea1e017c75a8e0c,rejected
4abce034224ecbf7,2,5e3e5e34b7a13355,near_duplicate,4abce034224ecbf7,4.0,0.9375,color,grape___esca_black_measles,Grape___Esca_(Black_Measles)/0753c4a8-1037-4fc2-8f5d-d442fc7c6b95___FAM_B.Msls 4085.JPG,fec4c127965a12d9,rejected
4abce034224ecbf7,2,4abce034224ecbf7,representative,,,1.0,color,grape___esca_black_measles,Grape___Esca_(Black_Measles)/1aeac161-7472-4d64-bd17-da030db1fdcb___FAM_B.Msls 1137.JPG,fae4c127965a9259,accepted
ac7c3bfeb4d6c4a5,2,ac7c3bfeb4d6c4a5,representative,,,1.0,color,grape___esca_black_measles,Grape___Esca_(Black_Measles)/2be6cf2c-439e-4db0-8331-48daf39cbe58___FAM_B.Msls 1133.JPG,eec48136961ada79,accepted
ac7c3bfeb4d6c4a5,2,5a7fdc7d62770e7f,near_duplicate,ac7c3bfeb4d6c4a5,4.0,0.9375,color,grape___esca_black_measles,Grape___Esca_(Black_Measles)/6a5b84d5-b309-4745-8655-ba6cd34f0d90___FAM_B.Msls 4077.JPG,eac58536961ada59,rejected
ca6ea21fbe6feac1,2,ca6ea21fbe6feac1,representative,,,1.0,color,grape___esca_black_measles,Grape___Esca_(Black_Measles)/4a534102-3e9e-4f82-b2c9-c6e8471f35e0___FAM_B.Msls 4300.JPG,aaf4954ade0be01d,accepted
ca6ea21fbe6feac1,2,721226e296037d13,near_duplicate,ca6ea21fbe6feac1,2.0,0.96875,color,grape___esca_black_measles,Grape___Esca_(Black_Measles)/b5a6cca1-c243-4cfd-87db-fe6146c66740___FAM_B.Msls 1215.JPG,aaf4854ade0bf01d,rejected
b4ce509a2646ff2a,2,9fdfd3b81a5ddbbe,near_duplicate,b4ce509a2646ff2a,4.0,0.9375,color,grape___esca_black_measles,Grape___Esca_(Black_Measles)/a75e0225-d002-4491-a20b-437970b49e19___FAM_B.Msls 1157.JPG,eaa5851ec878837b,rejected
b4ce509a2646ff2a,2,b4ce509a2646ff2a,representative,,,1.0,color,pepper_bell___healthy,"Pepper,_bell___healthy/4cff9a88-e36d-4c5a-aa11-9812ef5b063a___JR_HL 5940.JPG",eaa5851fc85a8373,accepted
7202112df929a2dd,2,7202112df929a2dd,representative,,,1.0,color,grape___esca_black_measles,Grape___Esca_(Black_Measles)/ab820717-e42b-490f-aa9e-a7320d3f3727___FAM_B.Msls 1335.JPG,afb1d0178d6ccc2c,accepted
7202112df929a2dd,2,afc8be329310d633,near_duplicate,7202112df929a2dd,4.0,0.9375,color,tomato___bacterial_spot,Tomato___Bacterial_spot/6d0dd572-9911-4c87-8493-7dde760c19bf___GCREC_Bact.Sp 3055.JPG,abb1d11b8d6ccc2c,rejected
6eb1cdf484fcd965,18,e88520b2cbb4a402,near_duplicate,6eb1cdf484fcd965,10.0,0.84375,color,grape___leaf_blight_isariopsis_leaf_spot,Grape___Leaf_blight_(Isariopsis_Leaf_Spot)/c2ca02ef-34b9-4d0a-bfae-11138f5e29e6___FAM_L.Blight 4571.JPG,aab3b502d34f982d,rejected
6eb1cdf484fcd965,18,dcc1349e065762e9,near_duplicate,6eb1cdf484fcd965,8.0,0.875,color,pepper_bell___healthy,"Pepper,_bell___healthy/cec3cfff-3d00-46cf-8a8e-b7438ec7901e___JR_HL 7810.JPG",aae5b542960fd82d,rejected
6eb1cdf484fcd965,18,6218c15b4a645b31,near_duplicate,6eb1cdf484fcd965,8.0,0.875,color,soybean___healthy,Soybean___healthy/187d7d82-02dc-48d2-9178-5afc2e9fa7eb___RS_HL 5947.JPG,aab1b542d32f982d,rejected
6eb1cdf484fcd965,18,8dfea6ab66cfef46,near_duplicate,6eb1cdf484fcd965,6.0,0.90625,color,soybean___healthy,Soybean___healthy/2a9719c8-df94-4f53-b7ad-ca66c99ceaed___RS_HL 6185.JPG,aaf1b542da4bc82d,rejected
6eb1cdf484fcd965,18,a1fced0486f2154b,near_duplicate,6eb1cdf484fcd965,8.0,0.875,color,soybean___healthy,Soybean___healthy/3ce813a2-6087-451d-8b8e-e7826799ba6b___RS_HL 5939.JPG,aaf5b542900fd82f,rejected
6eb1cdf484fcd965,18,018801c39dc5414b,near_duplicate,6eb1cdf484fcd965,8.0,0.875,color,soybean___healthy,Soybean___healthy/3f4e1b10-ff06-4ea4-b6ac-dd77d40cecc5___RS_HL 7054.JPG,aa71b542d32fc82d,rejected
6eb1cdf484fcd965,18,843b27210aae2f2b,near_duplicate,6eb1cdf484fcd965,10.0,0.84375,color,soybean___healthy,Soybean___healthy/42ca61af-1833-4eee-bef5-1a443410f067___RS_HL 6024.JPG,aeb1b5c2da2f882c,rejected
6eb1cdf484fcd965,18,93f94eb819010a96,near_duplicate,6eb1cdf484fcd965,12.0,0.8125,color,soybean___healthy,Soybean___healthy/61fb21f5-d1fb-44e5-9a99-2a83b74c8c5a___RS_HL 6879.JPG,aaf4b142d22fcb34,rejected
6eb1cdf484fcd965,18,4c684e74d60456f4,near_duplicate,6eb1cdf484fcd965,10.0,0.84375,color,soybean___healthy,Soybean___healthy/63f46f66-ed52-4eeb-a478-a68a403b4280___RS_HL 7052.JPG,aa71b142d22fcb2d,rejected
6eb1cdf484fcd965,18,c48a7cf02fe768b2,near_duplicate,6eb1cdf484fcd965,10.0,0.84375,color,soybean___healthy,Soybean___healthy/64c55d89-14b6-4fdd-8929-bd1463383f1a___RS_HL 6898.JPG,aee3b542d20fd80d,rejected
6eb1cdf484fcd965,18,6eb1cdf484fcd965,representative,,,1.0,color,soybean___healthy,Soybean___healthy/6eff5c15-810d-45ee-8ef1-874333f8cdaa___RS_HL 6884.JPG,aaf5b542d20b8c6d,accepted
6eb1cdf484fcd965,18,0e91a73af1d3a6ae,near_duplicate,6eb1cdf484fcd965,8.0,0.875,color,soybean___healthy,Soybean___healthy/7fe99f3e-79cd-417c-8e66-7e5aad5f420e___RS_HL 6268.JPG,aaf19542de0fc82d,rejected
6eb1cdf484fcd965,18,f227a0058460884c,near_duplicate,6eb1cdf484fcd965,12.0,0.8125,color,soybean___healthy,Soybean___healthy/9209bf0b-b8e7-48b6-a5a2-a89b29c5b163___RS_HL 7053.JPG,aae1b142d22fcb3c,rejected
6eb1cdf484fcd965,18,1e49846ff87e70cf,near_duplicate,6eb1cdf484fcd965,6.0,0.90625,color,soybean___healthy,Soybean___healthy/a853bc5c-405d-4dbf-b109-e1eef08ba983___RS_HL 6964.JPG,aaf1b543da0bc82d,rejected
6eb1cdf484fcd965,18,fbfbe1dd3fa3e87b,near_duplicate,6eb1cdf484fcd965,8.0,0.875,color,soybean___healthy,Soybean___healthy/d6bc2d7c-4c6a-4335-a1ba-2fa6bde68a51___RS_HL 5948.JPG,aaf1b542d60fd80d,rejected
6eb1cdf484fcd965,18,efa5ba8597bba60e,near_duplicate,6eb1cdf484fcd965,4.0,0.9375,color,soybean___healthy,Soybean___healthy/df6b4dc4-bf3a-44ae-96a2-0137eec1b907___RS_HL 7073.JPG,aaf5b542d20fc82d,rejected
6eb1cdf484fcd965,18,f2d4f3fa47323ba1,near_duplicate,6eb1cdf484fcd965,8.0,0.875,color,soybean___healthy,Soybean___healthy/f510a0a6-d382-4026-91c4-1cd3cd4a7e3e___RS_HL 7051.JPG,bae1b543d20bd82d,rejected
6eb1cdf484fcd965,18,de8fd29a8eab59d1,near_duplicate,6eb1cdf484fcd965,12.0,0.8125,color,soybean___healthy,Soybean___healthy/f5b46eac-a05b-4e5e-a7c8-15e552b38a44___RS_HL 6026.JPG,aeb19542db2f982c,rejected
965031edb5fdf106,2,965031edb5fdf106,representative,,,1.0,color,grape___healthy,Grape___healthy/0c1667a2-61d7-4dee-b4d9-0d141a1ceb20___Mt.N.V_HL 9127.JPG,ae30d146934bcb6d,accepted
965031edb5fdf106,2,39fa41d92b48aeff,near_duplicate,965031edb5fdf106,2.0,0.96875,color,grape___healthy,Grape___healthy/28c615fe-bb32-4003-9178-1f130c84c0a3___Mt.N.V_HL 9129.JPG,ae30f146934b4b6d,rejected
990b02d2fad144a9,2,990b02d2fad144a9,representative,,,1.0,color,orange___haunglongbing_citrus_greening,Orange___Haunglongbing_(Citrus_greening)/01ec65ac-7f38-4197-a850-c922c2c2ade2___CREC_HLB 7244.JPG,eab581529f491c6d,accepted
990b02d2fad144a9,2,47897d32bb6745f8,near_duplicate,990b02d2fad144a9,4.0,0.9375,color,potato___healthy,Potato___healthy/6f4b9acd-f34d-4771-a6bc-2001de2dd1d3___RS_HL 1898.JPG,eab580529f4a9c6d,rejected
99ff0a88ccd480e3,2,0953da5d4f774f7d,near_duplicate,99ff0a88ccd480e3,4.0,0.9375,color,orange___haunglongbing_citrus_greening,Orange___Haunglongbing_(Citrus_greening)/02fc11bb-9218-4431-b8f7-c581354cd42b___CREC_HLB 3944.JPG,aa94b45ad26b8b2d,rejected
99ff0a88ccd480e3,2,99ff0a88ccd480e3,representative,,,1.0,color,orange___haunglongbing_citrus_greening,Orange___Haunglongbing_(Citrus_greening)/e662be4c-5ad3-48c8-a250-310a4726a0b7___CREC_HLB 5581.JPG,aab4b452d2698b6d,accepted
71d64712ff577a90,2,3840f5564941baee,near_duplicate,71d64712ff577a90,4.0,0.9375,color,orange___haunglongbing_citrus_greening,Orange___Haunglongbing_(Citrus_greening)/0303f47c-acd4-4e0e-aed2-81e8774be5ae___CREC_HLB 4280.JPG,aac6954ac22ddb3c,rejected
71d64712ff577a90,2,71d64712ff577a90,representative,,,1.0,color,orange___haunglongbing_citrus_greening,Orange___Haunglongbing_(Citrus_greening)/b21337d4-4851-4366-a9b2-90c7fb89865f___CREC_HLB 5565.JPG,aad6b44ac22d9b3c,accepted
67634c4a4b6bb6b4,2,67634c4a4b6bb6b4,representative,,,1.0,color,orange___haunglongbing_citrus_greening,Orange___Haunglongbing_(Citrus_greening)/03c5b0f0-ca80-44e3-af4e-584688b4dea8___UF.Citrus_HLB_Lab 0313.JPG,d694296b312f6762,accepted
67634c4a4b6bb6b4,2,03b81d1f2f2d8e68,near_duplicate,67634c4a4b6bb6b4,4.0,0.9375,color,orange___haunglongbing_citrus_greening,Orange___Haunglongbing_(Citrus_greening)/8e69171e-28af-4be5-901e-3f697e75cc8b___UF.Citrus_HLB_Lab 0301.JPG,d694296b312b65e3,rejected
ca96980ec565996e,2,13789d2519e70237,near_duplicate,ca96980ec565996e,4.0,0.9375,color,orange___haunglongbing_citrus_greening,Orange___Haunglongbing_(Citrus_greening)/04b15fba-368c-4499-a056-5f494181c8c7___UF.Citrus_HLB_Lab 0070.JPG,c0be3fe13087239e,rejected
ca96980ec565996e,2,ca96980ec565996e,representative,,,1.0,color,orange___haunglongbing_citrus_greening,Orange___Haunglongbing_(Citrus_greening)/e7a2f124-a99e-45c5-be43-f86c3adfee56___UF.Citrus_HLB_Lab 0247.JPG,c0be3fc03097a39e,accepted
2efc3b72d5c1eee1,2,b6f6429275548458,near_duplicate,2efc3b72d5c1eee1,4.0,0.9375,color,orange___haunglongbing_citrus_greening,Orange___Haunglongbing_(Citrus_greening)/0618177f-c21e-4075-bf1c-ea3ac9cca3e4___UF.Citrus_HLB_Lab 9904.JPG,d16a2fa53596b292,rejected
2efc3b72d5c1eee1,2,2efc3b72d5c1eee1,representative,,,1.0,color,orange___haunglongbing_citrus_greening,Orange___Haunglongbing_(Citrus_greening)/36cf9442-7b86-4713-b2dd-64208f68eb8e___UF.Citrus_HLB_Lab 9905.JPG,d16a2fa53496929b,accepted
f8c93b2723d6a4f8,2,e4cafd979572b0d7,near_duplicate,f8c93b2723d6a4f8,4.0,0.9375,color,orange___haunglongbing_citrus_greening,Orange___Haunglongbing_(Citrus_greening)/08615e08-6b98-4bba-94d4-01c9d7c51b90___CREC_HLB 5420.JPG,ab2eb4b5c2d24b89,rejected
f8c93b2723d6a4f8,2,f8c93b2723d6a4f8,representative,,,1.0,color,orange___haunglongbing_citrus_greening,Orange___Haunglongbing_(Citrus_greening)/f5b8dec0-636d-4971-9640-cf1c94270e2e___CREC_HLB 5561.JPG,ab4eb4b5c2d2498b,accepted
641210d4c64b2d57,2,468ea45449472100,near_duplicate,641210d4c64b2d57,4.0,0.9375,color,orange___haunglongbing_citrus_greening,Orange___Haunglongbing_(Citrus_greening)/08e16d19-2f65-494f-b201-f0db9990c76e___CREC_HLB 5409.JPG,bf60c02fc63ccab8,rejected
641210d4c64b2d57,2,641210d4c64b2d57,representative,,,1.0,color,orange___haunglongbing_citrus_greening,Orange___Haunglongbing_(Citrus_greening)/2521fd96-1ea2-42dd-850e-60f24f9b5f6a___CREC_HLB 5413.JPG,bf42c02fd63cca38,accepted
864e6f4e15dacd03,5,7f9efb703ad564c0,near_duplicate,864e6f4e15dacd03,10.0,0.84375,color,orange___haunglongbing_citrus_greening,Orange___Haunglongbing_(Citrus_greening)/0b4118d9-903b-4883-a8e2-d802d524e1d6___CREC_HLB 4350.JPG,aab5b55a904acb2d,rejected
864e6f4e15dacd03,5,a0902c7eb87e519e,near_duplicate,864e6f4e15dacd03,4.0,0.9375,color,soybean___healthy,Soybean___healthy/0e7617e5-8ef1-45be-83ca-04465a10f5de___RS_HL 6717.JPG,babdb45ad04ac12d,rejected
864e6f4e15dacd03,5,864e6f4e15dacd03,representative,,,1.0,color,soybean___healthy,Soybean___healthy/c7c45837-d586-40ca-b0d2-37f0c05831a5___RS_HL 6715.JPG,ba3db45ad069c12d,accepted
864e6f4e15dacd03,5,15f6cc32c731d1fa,near_duplicate,864e6f4e15dacd03,6.0,0.90625,color,soybean___healthy,Soybean___healthy/c8af80df-2b9d-4751-b0c2-9112d5f67944___RS_HL 6716.JPG,aabdb55ad04bc02d,rejected
864e6f4e15dacd03,5,4475a64e12c151e2,near_duplicate,864e6f4e15dacd03,6.0,0.90625,color,soybean___healthy,Soybean___healthy/da00d784-ead9-4844-8c95-37b493a5b553___RS_HL 6718.JPG,bab5b45ad04ac92d,rejected
47a16abd95ef24ae,2,47a16abd95ef24ae,representative,,,1.0,color,orange___haunglongbing_citrus_greening,Orange___Haunglongbing_(Citrus_greening)/0d16dc39-4edb-4eca-90a8-6f0386f3f3a5___UF.Citrus_HLB_Lab 1334.JPG,93c66d3f64e43039,rejected
47a16abd95ef24ae,2,47466d8b5dd17196,near_duplicate,47a16abd95ef24ae,4.0,0.9375,color,orange___haunglongbing_citrus_greening,Orange___Haunglongbing_(Citrus_greening)/faa843e5-ee11-4741-80b1-5c46e4143ccc___UF.Citrus_HLB_Lab 1340.JPG,92c66f3f64f03039,rejected
2188963b65f575d5,2,1b5143f21061e63d,near_duplicate,2188963b65f575d5,4.0,0.9375,color,orange___haunglongbing_citrus_greening,Orange___Haunglongbing_(Citrus_greening)/0db25e1d-011b-42d7-83b5-58cb9f0c99d3___CREC_HLB 7501.JPG,bfe0d08fcb3c0d30,rejected
2188963b65f575d5,2,2188963b65f575d5,representative,,,1.0,color,soybean___healthy,Soybean___healthy/0cfd34e2-ec1c-4155-861d-33fb9e983e56___RS_HL 3615.JPG,bfc0d00fcb3c4db0,accepted
dcccdc593de85d59,2,53c33d3dd144bf21,near_duplicate,dcccdc593de85d59,4.0,0.9375,color,orange___haunglongbing_citrus_greening,Orange___Haunglongbing_(Citrus_greening)/0e380297-bda3-413b-a0c3-19dfd485d704___UF.Citrus_HLB_Lab 0994.JPG,d5b16ad225cb348d,rejected
dcccdc593de85d59,2,dcccdc593de85d59,representative,,,1.0,color,orange___haunglongbing_citrus_greening,Orange___Haunglongbing_(Citrus_greening)/221b5e57-a859-4fb5-8058-e78e21ea60e6___UF.Citrus_HLB_Lab 0167.JPG,d5b16ad125ca34cd,rejected
c8bd12bd92e759d4,2,1f54cf6e8deabddf,near_duplicate,c8bd12bd92e759d4,4.0,0.9375,color,orange___haunglongbing_citrus_greening,Orange___Haunglongbing_(Citrus_greening)/0e907573-62f5-482a-b10c-2fcbca3dc2c0___CREC_HLB 5416.JPG,ae6c95c6c2968f1a,rejected
c8bd12bd92e759d4,2,c8bd12bd92e759d4,representative,,,1.0,color,orange___haunglongbing_citrus_greening,Orange___Haunglongbing_(Citrus_greening)/52b925d9-51bf-48ce-a88d-1cbecad9b683___CREC_HLB 5184.JPG,af6c9146c2968f9a,accepted
f70f14ba44ae6a24,2,eaec97c10c8291b2,near_duplicate,f70f14ba44ae6a24,4.0,0.9375,color,orange___haunglongbing_citrus_greening,Orange___Haunglongbing_(Citrus_greening)/1018497f-4630-4491-88d2-666d45d37647___CREC_HLB 5268.JPG,aab1f552820b9f6c,rejected
f70f14ba44ae6a24,2,f70f14ba44ae6a24,representative,,,1.0,color,soybean___healthy,Soybean___healthy/2f7a95bf-abd1-4589-bff9-84fa23297705___RS_HL 4730.JPG,aab5d452820b9f6d,accepted
c220c1f55573d997,2,4fbd6375c99321d0,near_duplicate,c220c1f55573d997,2.0,0.96875,color,orange___haunglongbing_citrus_greening,Orange___Haunglongbing_(Citrus_greening)/11bdfcfd-efbc-48d1-9623-e3a91da5a3d5___UF.Citrus_HLB_Lab 1216.JPG,dab6697234cb3289,rejected
c220c1f55573d997,2,c220c1f55573d997,representative,,,1.0,color,orange___haunglongbing_citrus_greening,Orange___Haunglongbing_(Citrus_greening)/6de27421-3bfe-49b7-a21f-1a50caf7a1dc___UF.Citrus_HLB_Lab 1217.JPG,dab62d7234cb3289,rejected
1b9725b399780330,2,2b381d68048f3a3d,near_duplicate,1b9725b399780330,4.0,0.9375,color,orange___haunglongbing_citrus_greening,Orange___Haunglongbing_(Citrus_greening)/14799d69-94a0-4392-81cd-ba5c75225f47___UF.Citrus_HLB_Lab 1278.JPG,84b96be0358b72cd,rejected
1b9725b399780330,2,1b9725b399780330,representative,,,1.0,color,orange___haunglongbing_citrus_greening,Orange___Haunglongbing_(Citrus_greening)/fb78e04e-df3f-4637-8ffd-5ffe0852b4ab___UF.Citrus_HLB_Lab 1279.JPG,94b96be4358a62cd,accepted
023e23118ec4c709,2,023e23118ec4c709,representative,,,1.0,color,orange___haunglongbing_citrus_greening,Orange___Haunglongbing_(Citrus_greening)/2051d463-bfca-433c-8498-1538b1a21a85___UF.Citrus_HLB_Lab 1588.JPG,d5c23a29e1b7a586,accepted
023e23118ec4c709,2,0dc0ffb5e339db09,near_duplicate,023e23118ec4c709,4.0,0.9375,color,orange___haunglongbing_citrus_greening,Orange___Haunglongbing_(Citrus_greening)/75c67021-0fcf-4b0f-8d3c-6385b4b47baf___UF.Citrus_HLB_Lab 1587.JPG,d5c23a29e9b585c6,rejected
e5a40625336e271b,5,d7e444ae22f95447,near_duplicate,e5a40625336e271b,8.0,0.875,color,orange___haunglongbing_citrus_greening,Orange___Haunglongbing_(Citrus_greening)/23fc286e-0880-4f15-bb78-188e4717eb70___CREC_HLB 7934.JPG,ea3485da9e689c69,rejected
e5a40625336e271b,5,4231eef27d6c49cd,near_duplicate,e5a40625336e271b,12.0,0.8125,color,soybean___healthy,Soybean___healthy/213d2b88-ebeb-4849-8ee1-1acff9437c98___RS_HL 4696.JPG,aab5855a9e69c8a5,rejected
e5a40625336e271b,5,e5a40625336e271b,representative,,,1.0,color,soybean___healthy,Soybean___healthy/63e0c050-fff0-42e1-996d-9e92364618e5___RS_HL 4099.JPG,ea96c45a9e699869,accepted
e5a40625336e271b,5,8c56113225eaa282,near_duplicate,e5a40625336e271b,8.0,0.875,color,soybean___healthy,Soybean___healthy/7b64faa5-f959-4121-9f7e-3b541ac56814___RS_HL 5404.JPG,aab4855a9e6998e5,rejected
e5a40625336e271b,5,244d0415ccb8d488,near_duplicate,e5a40625336e271b,4.0,0.9375,color,soybean___healthy,Soybean___healthy/bd6b281b-11a7-4a04-91b8-aecf20b07fb9___RS_HL 7362.JPG,eab4855a9e699869,rejected
40af734b872e8f78,3,40af734b872e8f78,representative,,,1.0,color,orange___haunglongbing_citrus_greening,Orange___Haunglongbing_(Citrus_greening)/2594eb49-8ace-4ced-976c-279f589c85eb___UF.Citrus_HLB_Lab 9709.JPG,946b6aa52596769a,accepted
40af734b872e8f78,3,033a2f82b59e0895,near_duplicate,40af734b872e8f78,2.0,0.96875,color,orange___haunglongbing_citrus_greening,Orange___Haunglongbing_(Citrus_greening)/c8105c9a-6dd6-4bef-a490-59ca546a6d7a___UF.Citrus_HLB_Lab 9638.JPG,946b6aa56596669a,rejected
40af734b872e8f78,3,97db861b603c4c89,near_duplicate,40af734b872e8f78,6.0,0.90625,color,orange___haunglongbing_citrus_greening,Orange___Haunglongbing_(Citrus_greening)/d1838da6-03f1-4bea-bf95-887bbbcc224d___UF.Citrus_HLB_Lab 9639.JPG,95eb68a54596669a,rejected
d061c4618a1f327c,6,4af258065a84f8da,near_duplicate,d061c4618a1f327c,8.0,0.875,color,orange___haunglongbing_citrus_greening,Orange___Haunglongbing_(Citrus_greening)/28d1aad1-2eed-4a86-970a-aa0f19b96297___CREC_HLB 5128.JPG,aab4b54ad02fc32d,rejected
d061c4618a1f327c,6,3004687d00d93cee,near_duplicate,d061c4618a1f327c,10.0,0.84375,color,soybean___healthy,Soybean___healthy/1b1cb98e-7297-463b-995b-e536aa3b699e___RS_HL 6343.JPG,aab5b542d62b906d,rejected
d061c4618a1f327c,6,0fc1fb4430851598,near_duplicate,d061c4618a1f327c,6.0,0.90625,color,soybean___healthy,Soybean___healthy/1f92c336-18b4-491f-8783-0fdda544518b___RS_HL 6408.JPG,aab5b552d02bd06d,rejected
d061c4618a1f327c,6,3ccd2d553264c2bb,near_duplicate,d061c4618a1f327c,4.0,0.9375,color,soybean___healthy,Soybean___healthy/5bd50611-7796-43ce-85a1-9b83c266f1a8___RS_HL 6685.JPG,aab5b542d06bc32d,rejected
d061c4618a1f327c,6,d061c4618a1f327c,representative,,,1.0,color,soybean___healthy,Soybean___healthy/a821e906-0e8f-459e-bcbc-321ff0c21f3d___RS_HL 6490.JPG,aab5b550d04bc36d,accepted
d061c4618a1f327c,6,499e7f623370cb66,near_duplicate,d061c4618a1f327c,2.0,0.96875,color,soybean___healthy,Soybean___healthy/b1a2b2cc-1f8b-4700-a1a2-348f03f59482___RS_HL 6488.JPG,aab5b550d06bc16d,rejected
673cf77e79f08402,2,4b806fbe122f4335,near_duplicate,673cf77e79f08402,4.0,0.9375,color,orange___haunglongbing_citrus_greening,Orange___Haunglongbing_(Citrus_greening)/2ad33bef-7d92-4375-8457-17d94ac94f8d___CREC_HLB 7151.JPG,afe0b003da1fc93c,rejected
673cf77e79f08402,2,673cf77e79f08402,representative,,,1.0,color,soybean___healthy,Soybean___healthy/a3dc30fb-6224-45e9-a31f-92b767761c5e___RS_HL 3109.JPG,afe09403da9fc91c,accepted
c4d64d758bc9f806,2,242f028210684167,near_duplicate,c4d64d758bc9f806,4.0,0.9375,color,orange___haunglongbing_citrus_greening,Orange___Haunglongbing_(Citrus_greening)/2b9fe8b0-d287-4313-8ce2-809de5fae285___UF.Citrus_HLB_Lab 0930.JPG,83e03c8770ce339f,rejected
c4d64d758bc9f806,2,c4d64d758bc9f806,representative,,,1.0,color,orange___haunglongbing_citrus_greening,Orange___Haunglongbing_(Citrus_greening)/d5ece7d1-9725-461a-9437-6dd336749c09___UF.Citrus_HLB_Lab 0931.JPG,83f07c8670ca339f,rejected
bd8a0c5f69c89aae,2,88000a97da8f0453,near_duplicate,bd8a0c5f69c89aae,4.0,0.9375,color,orange___haunglongbing_citrus_greening,Orange___Haunglongbing_(Citrus_greening)/2f6367b2-d10a-4c58-8a6e-2773cde5245c___UF.Citrus_HLB_Lab 0092.JPG,c6b93de460d3318b,rejected
bd8a0c5f69c89aae,2,bd8a0c5f69c89aae,representative,,,1.0,color,orange___haunglongbing_citrus_greening,Orange___Haunglongbing_(Citrus_greening)/e56c447c-f265-4166-821f-b444188a2140___UF.Citrus_HLB_Lab 0090.JPG,c6b93de66092319b,accepted
169e6906f1aef716,2,1cd1d1f5078aeb44,near_duplicate,169e6906f1aef716,4.0,0.9375,color,orange___haunglongbing_citrus_greening,Orange___Haunglongbing_(Citrus_greening)/30288a78-5fa1-4b43-91bb-af203dabe675___CREC_HLB 4342.JPG,aa95b55ad068c56d,rejected
169e6906f1aef716,2,169e6906f1aef716,representative,,,1.0,color,pepper_bell___healthy,"Pepper,_bell___healthy/1663be64-8704-420b-8f9e-eb6265029f50___JR_HL 7846.JPG",aa95b55a9049c76d,accepted
420816d72dd005de,2,420816d72dd005de,representative,,,1.0,color,orange___haunglongbing_citrus_greening,Orange___Haunglongbing_(Citrus_greening)/3452c159-add9-45e5-ab94-cac754ac3a60___UF.Citrus_HLB_Lab 0628.JPG,91c0789f47b05eb3,rejected
420816d72dd005de,2,f3a0206b8e5d03e9,near_duplicate,420816d72dd005de,4.0,0.9375,color,orange___haunglongbing_citrus_greening,Orange___Haunglongbing_(Citrus_greening)/57a80c77-b938-45fc-b2c9-0216d9cced98___UF.Citrus_HLB_Lab 0636.JPG,90e0799f47b04eb3,rejected
87da72c8f92b2487,2,ae60ab5a8473cb41,near_duplicate,87da72c8f92b2487,4.0,0.9375,color,orange___haunglongbing_citrus_greening,Orange___Haunglongbing_(Citrus_greening)/356f30ca-dd34-4bbe-a598-2b563b207799___UF.Citrus_HLB_Lab 0106.JPG,84a76a952d5ab5a9,rejected
87da72c8f92b2487,2,87da72c8f92b2487,representative,,,1.0,color,orange___haunglongbing_citrus_greening,Orange___Haunglongbing_(Citrus_greening)/593c8b5b-d2b7-478a-a5d7-b2ad6796e18a___UF.Citrus_HLB_Lab 0107.JPG,94a66a952d5ab52b,accepted
58f76c7db6a4bde1,2,58f76c7db6a4bde1,representative,,,1.0,color,orange___haunglongbing_citrus_greening,Orange___Haunglongbing_(Citrus_greening)/3a01cf46-8473-4aca-a46b-8934b84610cd___CREC_HLB 7278.JPG,be1fc0f0d8c7914c,accepted
58f76c7db6a4bde1,2,535d2cbaa65541a2,near_duplicate,58f76c7db6a4bde1,4.0,0.9375,color,potato___late_blight,Potato___Late_blight/cd38f533-9b7d-4afd-bbd9-9ee5ab2aa3e8___RS_LB 2680.JPG,be1fc1f09cc79144,rejected
e80597005ce41eb7,3,684e19d4d45c1592,near_duplicate,e80597005ce41eb7,4.0,0.9375,color,orange___haunglongbing_citrus_greening,Orange___Haunglongbing_(Citrus_greening)/3f3e2a96-409e-4190-ab4f-4fa47a528d80___UF.Citrus_HLB_Lab 0980.JPG,803f3ff0300373cf,rejected
e80597005ce41eb7,3,77de9f7f7bf4fab8,near_duplicate,e80597005ce41eb7,8.0,0.875,color,orange___haunglongbing_citrus_greening,Orange___Haunglongbing_(Citrus_greening)/7dbdb991-c516-436e-80df-d03bff3f8a31___UF.Citrus_HLB_Lab 1516.JPG,803f7ff0700363c7,rejected
e80597005ce41eb7,3,e80597005ce41eb7,representative,,,1.0,color,orange___haunglongbing_citrus_greening,Orange___Haunglongbing_(Citrus_greening)/cd98c69d-885a-4558-af3b-a23aef5b83ab___UF.Citrus_HLB_Lab 9982.JPG,c03f2ff0300733cf,accepted
72d3e3be6ba1c8a8,2,72d3e3be6ba1c8a8,representative,,,1.0,color,orange___haunglongbing_citrus_greening,Orange___Haunglongbing_(Citrus_greening)/41baf96e-6ba1-43e6-a662-c29e0234843f___CREC_HLB 5101.JPG,bf60e00f873c9e38,accepted
72d3e3be6ba1c8a8,2,2029d178723172e1,near_duplicate,72d3e3be6ba1c8a8,4.0,0.9375,color,orange___haunglongbing_citrus_greening,Orange___Haunglongbing_(Citrus_greening)/8f6602d7-951d-4358-a756-cd7bfea2775e___CREC_HLB 5521.JPG,fe60e40f873c9a38,rejected
59c32d7e1eac109f,2,c23c5c5678f17e17,near_duplicate,59c32d7e1eac109f,4.0,0.9375,color,orange___haunglongbing_citrus_greening,Orange___Haunglongbing_(Citrus_greening)/44d03006-da82-48b4-964a-1822a4da3ec3___UF.Citrus_HLB_Lab 0790.JPG,d52e6ad525d2348b,rejected
59c32d7e1eac109f,2,59c32d7e1eac109f,representative,,,1.0,color,orange___haunglongbing_citrus_greening,Orange___Haunglongbing_(Citrus_greening)/fa0ec8f8-6ec7-4778-b007-d04d8632ce1b___UF.Citrus_HLB_Lab 1215.JPG,d5a26ad525d2368b,accepted
8d0647dbdc40afe5,2,915d39a366db02a8,near_duplicate,8d0647dbdc40afe5,4.0,0.9375,color,orange___haunglongbing_citrus_greening,Orange___Haunglongbing_(Citrus_greening)/4940d5f0-0ca8-495a-9bc6-bf760b8098d6___UF.Citrus_HLB_Lab 0405.JPG,848a6db7799c5a89,rejected
8d0647dbdc40afe5,2,8d0647dbdc40afe5,representative,,,1.0,color,orange___haunglongbing_citrus_greening,Orange___Haunglongbing_(Citrus_greening)/b86bb885-949b-4c0d-88c3-95cb8591cac3___UF.Citrus_HLB_Lab 0406.JPG,80ca6db77a9c5a89,rejected
06fbb52fa1203c88,2,34d94ea7d088621b,near_duplicate,06fbb52fa1203c88,4.0,0.9375,color,orange___haunglongbing_citrus_greening,Orange___Haunglongbing_(Citrus_greening)/4fd2b622-36f6-454c-ba76-d5e89a2280d1___CREC_HLB 4277.JPG,aa35b45a836b932d,rejected
06fbb52fa1203c88,2,06fbb52fa1203c88,representative,,,1.0,color,soybean___healthy,Soybean___healthy/7b1f775e-3da9-46e2-b5d7-8c54a94df2c0___RS_HL 5580.JPG,ae35b450836b972d,accepted
535081f66985ed3a,2,535081f66985ed3a,representative,,,1.0,color,orange___haunglongbing_citrus_greening,Orange___Haunglongbing_(Citrus_greening)/501e8278-3df7-4202-b772-8834abb5ceb9___UF.Citrus_HLB_Lab 1566.JPG,803e7fe0780535cf,rejected
535081f66985ed3a,2,47eaed6cb217805c,near_duplicate,535081f66985ed3a,4.0,0.9375,color,orange___haunglongbing_citrus_greening,Orange___Haunglongbing_(Citrus_greening)/c26d2d12-5107-4672-99dd-dc23458f334c___UF.Citrus_HLB_Lab 1572.JPG,803e7fd0780335cf,rejected
e7aab5ed84b4a3f4,4,e7aab5ed84b4a3f4,representative,,,1.0,color,orange___haunglongbing_citrus_greening,Orange___Haunglongbing_(Citrus_greening)/5d7a7638-3a13-4bbd-95f1-9a355facafcc___UF.Citrus_HLB_Lab 0253.JPG,80c27f1f63b04eb3,rejected
e7aab5ed84b4a3f4,4,7442f79b48b4a644,near_duplicate,e7aab5ed84b4a3f4,6.0,0.90625,color,orange___haunglongbing_citrus_greening,Orange___Haunglongbing_(Citrus_greening)/6fa5e8e9-e702-4888-9d0a-340d4c0c4989___UF.Citrus_HLB_Lab 0548.JPG,80c07c9f63b84eb7,rejected
e7aab5ed84b4a3f4,4,08f52df09f2f6b3b,near_duplicate,e7aab5ed84b4a3f4,4.0,0.9375,color,orange___haunglongbing_citrus_greening,Orange___Haunglongbing_(Citrus_greening)/a4fccae9-4f8b-4d22-903d-c9aae259ae68___UF.Citrus_HLB_Lab 1530.JPG,80c07b9f63b84eb3,rejected
e7aab5ed84b4a3f4,4,87783fce056d249f,near_duplicate,e7aab5ed84b4a3f4,6.0,0.90625,color,orange___haunglongbing_citrus_greening,Orange___Haunglongbing_(Citrus_greening)/fdf012b4-2c83-4ed2-b385-821133c34a88___UF.Citrus_HLB_Lab 0285.JPG,81c07c1f63b86eb3,rejected
4472b7e7a7f9a3c4,2,82e79370e84b22b6,near_duplicate,4472b7e7a7f9a3c4,4.0,0.9375,color,orange___haunglongbing_citrus_greening,Orange___Haunglongbing_(Citrus_greening)/5f0e4204-ee8a-4ee1-a1de-8d5854c4d0a3___CREC_HLB 4436.JPG,fecce01e87389e30,rejected
4472b7e7a7f9a3c4,2,4472b7e7a7f9a3c4,representative,,,1.0,color,tomato___bacterial_spot,Tomato___Bacterial_spot/3dbc84e0-27f1-421f-8978-82881bf846fd___GCREC_Bact.Sp 3514.JPG,fec4e01f87b89e10,accepted
6921c00225693312,10,27e607247a595048,near_duplicate,6921c00225693312,4.0,0.9375,color,orange___haunglongbing_citrus_greening,Orange___Haunglongbing_(Citrus_greening)/5fb6714a-7725-44a3-b1c2-1d59aa2e7d92___CREC_HLB 5567.JPG,fea4a017875a9e38,rejected
6921c00225693312,10,bc4e5a169714cdcc,near_duplicate,6921c00225693312,6.0,0.90625,color,orange___haunglongbing_citrus_greening,Orange___Haunglongbing_(Citrus_greening)/80305359-22cf-41bb-8641-c2dad345039b___CREC_HLB 5045.JPG,fea0e0d7875a9429,rejected
6921c00225693312,10,7ba67ff0f1ec5dc2,near_duplicate,6921c00225693312,4.0,0.9375,color,orange___haunglongbing_citrus_greening,Orange___Haunglongbing_(Citrus_greening)/ef9142a7-a600-4541-a533-0d7069414c8f___CREC_HLB 5338.JPG,fea0a0d7875a9e28,rejected
6921c00225693312,10,b5eb4e71ead15d2d,near_duplicate,6921c00225693312,2.0,0.96875,color,soybean___healthy,Soybean___healthy/02f3a559-6f7c-43d4-bd61-23951756f43e___RS_HL 5805 1.JPG,ffa0a017975a9e28,rejected
6921c00225693312,10,5be17502435f3d16,near_duplicate,6921c00225693312,2.0,0.96875,color,soybean___healthy,Soybean___healthy/23c541f5-e1f9-45a4-9e05-4a4ed0609b60___RS_HL 4832.JPG,ffa0e017875a9e60,rejected
6921c00225693312,10,81e32c0140dce553,near_duplicate,6921c00225693312,6.0,0.90625,color,soybean___healthy,Soybean___healthy/428a4250-68c8-4a4d-92f1-927cbb85410b___RS_HL 5945.JPG,ffe4e017871a9c18,rejected
6921c00225693312,10,431fdd1cfce7c4f5,near_duplicate,6921c00225693312,8.0,0.875,color,soybean___healthy,Soybean___healthy/49e224ed-5151-4e42-9612-6e24e2528b2f___RS_HL 7075.JPG,fea4a057869a9e38,rejected
6921c00225693312,10,6921c00225693312,representative,,,1.0,color,soybean___healthy,Soybean___healthy/66470940-d138-4a1c-8c96-0fcd0b6a6f7f___RS_HL 6346.JPG,ffa0e017875a9e28,accepted
6921c00225693312,10,109cc7cdff06ed55,near_duplicate,6921c00225693312,4.0,0.9375,color,soybean___healthy,Soybean___healthy/ba5c8e7a-bba3-4c6f-99c1-350104222687___RS_HL 6345.JPG,ffe0e017871a9e18,rejected
6921c00225693312,10,92e6836ce063d2f1,near_duplicate,6921c00225693312,6.0,0.90625,color,tomato___bacterial_spot,Tomato___Bacterial_spot/26cabbbf-57e1-42a5-9fdc-e819b4b02d39___GCREC_Bact.Sp 3437.JPG,ffa0c017874f9e60,rejected
44e0790d7eb99464,2,44e0790d7eb99464,representative,,,1.0,color,orange___haunglongbing_citrus_greening,Orange___Haunglongbing_(Citrus_greening)/63d9c436-08f4-4617-9286-f6a5ed70073e___UF.Citrus_HLB_Lab 0095.JPG,c1e33f3468c6c3ca,accepted
44e0790d7eb99464,2,9b6049bb7f3b4d67,near_duplicate,44e0790d7eb99464,4.0,0.9375,color,orange___haunglongbing_citrus_greening,Orange___Haunglongbing_(Citrus_greening)/f8c0e949-2dfc-4850-9978-1576b0618eac___UF.Citrus_HLB_Lab 0094.JPG,81e33f3478c6c1ce,rejected
e5c916d17999be1f,2,26b68a67aa17f8d2,near_duplicate,e5c916d17999be1f,4.0,0.9375,color,orange___haunglongbing_citrus_greening,Orange___Haunglongbing_(Citrus_greening)/64d31982-30c0-4b79-bc08-b8ffebbaf0b3___CREC_HLB 4370.JPG,aab4f55ad249c82d,rejected
e5c916d17999be1f,2,e5c916d17999be1f,representative,,,1.0,color,tomato___bacterial_spot,Tomato___Bacterial_spot/10eddc16-1127-4de1-832e-6ae55cc0f953___GCREC_Bact.Sp 6180.JPG,aab4f5dac049c92d,accepted
445fee4e2f3cf1c3,2,445fee4e2f3cf1c3,representative,,,1.0,color,orange___haunglongbing_citrus_greening,Orange___Haunglongbing_(Citrus_greening)/68d870cd-20f3-44b2-a724-fca1978c897e___UF.Citrus_HLB_Lab 0257.JPG,c0b13fd074cb32cd,rejected
445fee4e2f3cf1c3,2,ec224efd7a2f6299,near_duplicate,445fee4e2f3cf1c3,4.0,0.9375,color,orange___haunglongbing_citrus_greening,Orange___Haunglongbing_(Citrus_greening)/ba5232fb-dfd4-4e27-a46f-5d5d7e99d569___UF.Citrus_HLB_Lab 1043.JPG,cab12fd034cb32cd,rejected
1b717f2525488a56,2,1b717f2525488a56,representative,,,1.0,color,orange___haunglongbing_citrus_greening,Orange___Haunglongbing_(Citrus_greening)/744e16e7-5b57-480b-b86c-859ea1bfdd22___UF.Citrus_HLB_Lab 9973.JPG,daa469d6259a36c9,rejected
1b717f2525488a56,2,6e48fe4da38f0c3c,near_duplicate,1b717f2525488a56,4.0,0.9375,color,orange___haunglongbing_citrus_greening,Orange___Haunglongbing_(Citrus_greening)/8400d972-d764-4b09-86fe-34397c664ca0___UF.Citrus_HLB_Lab 9767.JPG,d8a62bd6259a36c9,rejected
01ff9c7b07d675b5,2,296b9fd3544f3285,near_duplicate,01ff9c7b07d675b5,4.0,0.9375,color,orange___haunglongbing_citrus_greening,Orange___Haunglongbing_(Citrus_greening)/74dc2ef2-30ab-4944-a708-3a3d4db2b5c8___CREC_HLB 4358.JPG,aa95f55ac2498b65,rejected
01ff9c7b07d675b5,2,01ff9c7b07d675b5,representative,,,1.0,color,orange___haunglongbing_citrus_greening,Orange___Haunglongbing_(Citrus_greening)/ddc06f57-48bc-4562-9903-e98b86ced53a___CREC_HLB 5396.JPG,aa16f55ac2698b65,accepted
c2377453f64e7d52,2,19009089be9bae29,near_duplicate,c2377453f64e7d52,4.0,0.9375,color,orange___haunglongbing_citrus_greening,Orange___Haunglongbing_(Citrus_greening)/76e581be-5563-4ff3-9042-185c59077feb___CREC_HLB 4100.JPG,ae94d05a836d9f64,rejected
c2377453f64e7d52,2,c2377453f64e7d52,representative,,,1.0,color,tomato___bacterial_spot,Tomato___Bacterial_spot/d504f56f-b000-438e-a81a-e95870d70bb0___GCREC_Bact.Sp 5668.JPG,be94d85a816d9764,accepted
41d9b47c14d9c6df,3,cce298b41649aa62,near_duplicate,41d9b47c14d9c6df,4.0,0.9375,color,orange___haunglongbing_citrus_greening,Orange___Haunglongbing_(Citrus_greening)/7a27f2e0-7c4e-4e1e-9a0f-152f0d141576___CREC_HLB 5580.JPG,eac6a505967c9a78,rejected
41d9b47c14d9c6df,3,41d9b47c14d9c6df,representative,,,1.0,color,soybean___healthy,Soybean___healthy/68a8ee0c-4adb-480e-8574-ad997c0cb571___RS_HL 5383.JPG,eac4a507965e9a78,accepted
41d9b47c14d9c6df,3,6254a2cdc014c135,near_duplicate,41d9b47c14d9c6df,4.0,0.9375,color,soybean___healthy,Soybean___healthy/9881cb89-fe2a-4007-b811-68e54cc7a475___RS_HL 7095.JPG,eae4a405967e9a78,rejected
b166a7593c713b44,2,36ed8dd3d2d8e9b7,near_duplicate,b166a7593c713b44,4.0,0.9375,color,orange___haunglongbing_citrus_greening,Orange___Haunglongbing_(Citrus_greening)/7a8b09cb-0978-430a-a0f1-b71529c9bd06___CREC_HLB 5345.JPG,bee0e00fc63cda38,rejected
b166a7593c713b44,2,b166a7593c713b44,representative,,,1.0,color,orange___haunglongbing_citrus_greening,Orange___Haunglongbing_(Citrus_greening)/e9eefed2-d9dd-4286-9701-7c192f8839f9___CREC_HLB 5405.JPG,bfc0e00fd63c9a38,accepted
e5220390397e624b,2,faa9a8c7a1602540,near_duplicate,e5220390397e624b,4.0,0.9375,color,orange___haunglongbing_citrus_greening,Orange___Haunglongbing_(Citrus_greening)/7c42ad79-8df0-4036-9833-a87b0507884a___UF.Citrus_HLB_Lab 0069.JPG,c4363be13086b3de,rejected
e5220390397e624b,2,e5220390397e624b,representative,,,1.0,color,orange___haunglongbing_citrus_greening,Orange___Haunglongbing_(Citrus_greening)/a0757154-32ee-4149-8efc-230b859649b7___UF.Citrus_HLB_Lab 0067.JPG,c4b63be1308e339e,rejected
7dd4b1ddc2985362,3,7dd4b1ddc2985362,representative,,,1.0,color,orange___haunglongbing_citrus_greening,Orange___Haunglongbing_(Citrus_greening)/893a66d7-3e62-4cdf-b850-a1a57e7bcd94___CREC_HLB 4462.JPG,afe09487d29e8b38,accepted
7dd4b1ddc2985362,3,fcce97dba0ed7959,near_duplicate,7dd4b1ddc2985362,6.0,0.90625,color,orange___haunglongbing_citrus_greening,Orange___Haunglongbing_(Citrus_greening)/b86bd933-ecdf-4c7e-8e94-e17387c1f2ce___CREC_HLB 4906.JPG,abe0b48fd29ac338,rejected
7dd4b1ddc2985362,3,3ce04e1063dbee59,near_duplicate,7dd4b1ddc2985362,4.0,0.9375,color,orange___haunglongbing_citrus_greening,Orange___Haunglongbing_(Citrus_greening)/ebf6d399-4b0f-4cc3-99ec-008226600aec___CREC_HLB 4622.JPG,afe0948fd09ec338,rejected
d9b95fba50ad86a2,2,d9b95fba50ad86a2,representative,,,1.0,color,orange___haunglongbing_citrus_greening,Orange___Haunglongbing_(Citrus_greening)/89b1e21b-1f98-4eee-a9ed-36aaff2f3b83___UF.Citrus_HLB_Lab 1073.JPG,ce3929e63492b29b,rejected
d9b95fba50ad86a2,2,2c8a33541e0e79d3,near_duplicate,d9b95fba50ad86a2,4.0,0.9375,color,orange___haunglongbing_citrus_greening,Orange___Haunglongbing_(Citrus_greening)/f3d84426-e66d-4957-92cf-fee64fafe1ec___UF.Citrus_HLB_Lab 1070.JPG,ce392dc63492b2cb,rejected
7f8a1d4043910b63,2,52102d085e26b3a5,near_duplicate,7f8a1d4043910b63,4.0,0.9375,color,orange___haunglongbing_citrus_greening,Orange___Haunglongbing_(Citrus_greening)/8e3ac5a1-8db7-486b-9b0a-d5823601b7a5___CREC_HLB 3931.JPG,ffa0e094879e9e18,rejected
7f8a1d4043910b63,2,7f8a1d4043910b63,representative,,,1.0,color,soybean___healthy,Soybean___healthy/ad846b67-1ef2-4567-bf42-a34584304295___RS_HL 6545.JPG,ffa4e085879e9e10,accepted
082f3e63dae84ce8,2,082f3e63dae84ce8,representative,,,1.0,color,orange___haunglongbing_citrus_greening,Orange___Haunglongbing_(Citrus_greening)/965e691c-b6b4-4b2b-9e3a-692b95c2823b___UF.Citrus_HLB_Lab 1461.JPG,c0e03f2f361a6b99,rejected
082f3e63dae84ce8,2,13d5a874489db13b,near_duplicate,082f3e63dae84ce8,4.0,0.9375,color,orange___haunglongbing_citrus_greening,Orange___Haunglongbing_(Citrus_greening)/cbb3a4f0-f268-450c-8f2f-9c498079065c___UF.Citrus_HLB_Lab 1462.JPG,80e03e2f371a7b99,rejected
b54ef08de1819ca4,2,b54ef08de1819ca4,representative,,,1.0,color,orange___haunglongbing_citrus_greening,Orange___Haunglongbing_(Citrus_greening)/9854450e-e9e8-410f-acf1-0cf52d6becaa___CREC_HLB 3870.JPG,fec0e11f87388e70,accepted
b54ef08de1819ca4,2,212da3f27d50d901,near_duplicate,b54ef08de1819ca4,4.0,0.9375,color,orange___haunglongbing_citrus_greening,Orange___Haunglongbing_(Citrus_greening)/f60b6950-4fc3-4a6a-9177-a9620250a119___CREC_HLB 4271.JPG,fec2e01787788e70,rejected
fdd1cbbe47c6a76b,2,fdd1cbbe47c6a76b,representative,,,1.0,color,orange___haunglongbing_citrus_greening,Orange___Haunglongbing_(Citrus_greening)/9ec46719-c752-4007-aedd-352a38a94b74___UF.Citrus_HLB_Lab 1206.JPG,c2b32dd9342d32ec,accepted
fdd1cbbe47c6a76b,2,bace457ef181d799,near_duplicate,fdd1cbbe47c6a76b,2.0,0.96875,color,orange___haunglongbing_citrus_greening,Orange___Haunglongbing_(Citrus_greening)/ca4f0a61-5c1e-4bbf-b0a4-dcc0adfb6b99___UF.Citrus_HLB_Lab 1207.JPG,c2b32dd9346d32cc,rejected
e4f6ed7548921564,2,1c6027ce7728ab02,near_duplicate,e4f6ed7548921564,4.0,0.9375,color,orange___haunglongbing_citrus_greening,Orange___Haunglongbing_(Citrus_greening)/9f6b0bdc-33f9-44f0-a055-a1b2d54b6fa2___CREC_HLB 5644.JPG,ff46e00f853c943c,rejected
e4f6ed7548921564,2,e4f6ed7548921564,representative,,,1.0,color,soybean___healthy,Soybean___healthy/00457581-0077-442d-b19a-0dc6027e8cfc___RS_HL 5635.JPG,ff42e00f852f943c,accepted
2af65c7ed549a7d8,2,7b5db1c77a5ef2b2,near_duplicate,2af65c7ed549a7d8,2.0,0.96875,color,orange___haunglongbing_citrus_greening,Orange___Haunglongbing_(Citrus_greening)/9fe8f6a6-c1de-4897-9e30-66125ace4a31___UF.Citrus_HLB_Lab 1136.JPG,87cce0b3314ec6e5,rejected
2af65c7ed549a7d8,2,2af65c7ed549a7d8,representative,,,1.0,color,orange___haunglongbing_citrus_greening,Orange___Haunglongbing_(Citrus_greening)/ee1cb6cb-e891-4aea-8024-695ae62527ce___UF.Citrus_HLB_Lab 1137.JPG,87cce4b3304ec6e5,accepted
65c5df58afbdad3a,3,002894818a79e8d1,near_duplicate,65c5df58afbdad3a,4.0,0.9375,color,orange___haunglongbing_citrus_greening,Orange___Haunglongbing_(Citrus_greening)/a1399e19-7c4e-4efd-b193-4d6f2c0615a0___CREC_HLB 4384.JPG,ffc0c01f87389e61,rejected
65c5df58afbdad3a,3,1eea4d1bac884113,near_duplicate,65c5df58afbdad3a,8.0,0.875,color,orange___haunglongbing_citrus_greening,Orange___Haunglongbing_(Citrus_greening)/a18221a9-8664-4b81-bf51-851f1fa7e3cf___CREC_HLB 5373.JPG,bfc0c01fc7389e70,rejected
65c5df58afbdad3a,3,65c5df58afbdad3a,representative,,,1.0,color,tomato___bacterial_spot,Tomato___Bacterial_spot/a4208fb2-ff57-41f1-bc52-30d69736076c___GCREC_Bact.Sp 3441.JPG,fee0c21b87389e61,accepted
5574d49357963303,2,974dd92a6a013447,near_duplicate,5574d49357963303,4.0,0.9375,color,orange___haunglongbing_citrus_greening,Orange___Haunglongbing_(Citrus_greening)/e338d819-222d-4acb-8361-b2415adb5f0b___CREC_HLB 6918.JPG,ffa0e09587568e1a,rejected
5574d49357963303,2,5574d49357963303,representative,,,1.0,color,orange___haunglongbing_citrus_greening,Orange___Haunglongbing_(Citrus_greening)/f17975dc-89bd-4e4f-a604-15d7440c24e6___CREC_HLB 4663.JPG,ffa8e09587568652,accepted
0343e08fee3ea720,3,c7a3934e3f08745e,near_duplicate,0343e08fee3ea720,4.0,0.9375,color,orange___haunglongbing_citrus_greening,Orange___Haunglongbing_(Citrus_greening)/e5e2cdea-35bb-4833-a48a-88bfdf0e9ab0___CREC_HLB 7571.JPG,fa85e11e87389e61,rejected
0343e08fee3ea720,3,0343e08fee3ea720,representative,,,1.0,color,soybean___healthy,Soybean___healthy/09273d3a-d9a2-4983-93ba-6aa9d9b14bca___RS_HL 5131.JPG,fa85c11e8f789c61,accepted
0343e08fee3ea720,3,c4fd520856d36bf2,near_duplicate,0343e08fee3ea720,4.0,0.9375,color,tomato___bacterial_spot,Tomato___Bacterial_spot/2cc65e15-e2ac-4a59-be59-ea7882d51638___GCREC_Bact.Sp 6018.JPG,fe84c01e8f789ce1,rejected
f51eef9ce3bbb630,2,f51eef9ce3bbb630,representative,,,1.0,color,orange___haunglongbing_citrus_greening,Orange___Haunglongbing_(Citrus_greening)/e85a3abf-a71a-4fe0-8473-8109abc37ce6___CREC_HLB 4637.JPG,fba3e09785549c58,accepted
f51eef9ce3bbb630,2,0432f60148d9a779,near_duplicate,f51eef9ce3bbb630,4.0,0.9375,color,orange___haunglongbing_citrus_greening,Orange___Haunglongbing_(Citrus_greening)/f0d185ab-2eed-4068-a78b-09a642e87f3b___CREC_HLB 5579.JPG,fab3e09687549c58,rejected
87fcb3201d561e83,2,87fcb3201d561e83,representative,,,1.0,color,orange___haunglongbing_citrus_greening,Orange___Haunglongbing_(Citrus_greening)/e96e8f2f-060c-43f6-9d3f-7a3a64ca86d5___CREC_HLB 6404.JPG,ea35b45a814b9769,accepted
87fcb3201d561e83,2,8bada24edc85a4f4,near_duplicate,87fcb3201d561e83,4.0,0.9375,color,orange___haunglongbing_citrus_greening,Orange___Haunglongbing_(Citrus_greening)/f62a5689-0b9c-4d81-8b53-b5dbf9e405e8___CREC_HLB 4273.JPG,ea35a452834b9f69,rejected
0a35565161f7ad48,2,7642bfc5b986a6d4,near_duplicate,0a35565161f7ad48,4.0,0.9375,color,orange___haunglongbing_citrus_greening,Orange___Haunglongbing_(Citrus_greening)/ecdbb1ea-804e-4b1e-98c2-2e1018177337___CREC_HLB 4285.JPG,ea948552876b9e2d,rejected
0a35565161f7ad48,2,0a35565161f7ad48,representative,,,1.0,color,soybean___healthy,Soybean___healthy/34dd4335-18a9-4e37-b5b1-8555d733a904___RS_HL 6781.JPG,ea918152876b9e6d,accepted
a1ecc458346c62c8,2,b0817e59d91a4a17,near_duplicate,a1ecc458346c62c8,4.0,0.9375,color,peach___bacterial_spot,Peach___Bacterial_spot/534ffbbe-be19-4bfb-a8ea-83f7ceaabf0a___Rut._Bact.S 0744.JPG,ffc08b1fb023a62c,rejected
a1ecc458346c62c8,2,a1ecc458346c62c8,representative,,,1.0,color,tomato___early_blight,Tomato___Early_blight/669eda4d-aa2e-4d84-9146-c96b047eb70e___RS_Erly.B 6369.JPG,ffc18b1eb222a62c,accepted
6cb34613a9a3168f,2,7989db4d407b6c6f,near_duplicate,6cb34613a9a3168f,4.0,0.9375,color,peach___bacterial_spot,Peach___Bacterial_spot/bc9590c3-1b7c-4381-a8af-2406a9b709c4___Rut._Bact.S 0820.JPG,fa3596cae5d0c864,rejected
6cb34613a9a3168f,2,6cb34613a9a3168f,representative,,,1.0,color,peach___bacterial_spot,Peach___Bacterial_spot/c49c72c2-693d-45a9-89f4-ecfcf085b549___Rut._Bact.S 0821.JPG,fa3596cae550e8c4,accepted
efb9d77b1c979d7e,2,cc2b638e2b2d1c1a,near_duplicate,efb9d77b1c979d7e,4.0,0.9375,color,pepper_bell___bacterial_spot,"Pepper,_bell___Bacterial_spot/02baf62e-11e2-4dde-97fb-e369b57d55d3___JR_B.Spot 8971.JPG",eaca951d9e348137,rejected
efb9d77b1c979d7e,2,efb9d77b1c979d7e,representative,,,1.0,color,soybean___healthy,Soybean___healthy/659a7b4e-cd46-48f8-8be0-5804652808f6___RS_HL 4076.JPG,eac2953d9a34a137,accepted
38235c95bc7bfad2,2,38235c95bc7bfad2,representative,,,1.0,color,pepper_bell___bacterial_spot,"Pepper,_bell___Bacterial_spot/21556c18-1833-43a9-86b2-8e7130b4dbce___JR_B.Spot 3230.JPG",c26527793e935899,accepted
38235c95bc7bfad2,2,984476058c4f1027,near_duplicate,38235c95bc7bfad2,4.0,0.9375,color,pepper_bell___bacterial_spot,"Pepper,_bell___Bacterial_spot/d0776882-b233-48b9-a7dc-a426ffc7cd0e___JR_B.Spot 3227.JPG",c26527793db35898,rejected
5642c32fbaec60cc,2,38f312bb0c7e6659,near_duplicate,5642c32fbaec60cc,4.0,0.9375,color,pepper_bell___bacterial_spot,"Pepper,_bell___Bacterial_spot/2cdea224-6f10-4a3d-a3f1-1debd1a42640___JR_B.Spot 8926.JPG",fa3d87c2d0ca61c5,rejected
5642c32fbaec60cc,2,5642c32fbaec60cc,representative,,,1.0,color,soybean___healthy,Soybean___healthy/39647c0d-54b3-4cb0-9acb-78f85f2459cb___RS_HL 4289.JPG,ea3d97c2d0ca61c9,accepted
677022d5d50bb543,2,33987d84d586dfd1,near_duplicate,677022d5d50bb543,4.0,0.9375,color,pepper_bell___bacterial_spot,"Pepper,_bell___Bacterial_spot/435993b8-c7f7-47fd-85ad-bdb04ab3e8bb___JR_B.Spot 8976.JPG",efcad2859b9c9130,rejected
677022d5d50bb543,2,677022d5d50bb543,representative,,,1.0,color,pepper_bell___healthy,"Pepper,_bell___healthy/4d525b16-48dc-40af-9721-024f002d5929___JR_HL 5970.JPG",afcad2859fbc9030,accepted
0b96f7eab0aed2fa,2,0b96f7eab0aed2fa,representative,,,1.0,color,pepper_bell___bacterial_spot,"Pepper,_bell___Bacterial_spot/43aa27d3-3a37-4245-8b20-984512abfc6c___JR_B.Spot 3386.JPG",aaf927c03e4b30e5,accepted
0b96f7eab0aed2fa,2,dcaf93bd1ea0d698,near_duplicate,0b96f7eab0aed2fa,4.0,0.9375,color,pepper_bell___bacterial_spot,"Pepper,_bell___Bacterial_spot/4f539b76-13f8-43ab-a630-0cc6b1461bc9___JR_B.Spot 3381.JPG",8af907c03e4b30f7,rejected
693d24a80786231d,2,693d24a80786231d,representative,,,1.0,color,pepper_bell___bacterial_spot,"Pepper,_bell___Bacterial_spot/517e3352-9e28-4b42-970b-2aa198203960___JR_B.Spot 8855.JPG",ead8d50b963d9234,accepted
693d24a80786231d,2,75eb0eb87f50ed20,near_duplicate,693d24a80786231d,4.0,0.9375,color,soybean___healthy,Soybean___healthy/492af6b1-7b42-4dc3-bd3b-965aea1af122___RS_HL 5804 1.JPG,ebd0c58b963d9234,rejected
cc22669e49f3cad1,8,45ab6bbf175b96af,near_duplicate,cc22669e49f3cad1,4.0,0.9375,color,pepper_bell___bacterial_spot,"Pepper,_bell___Bacterial_spot/656dbf3a-3aee-46a5-80b9-a86953fc82c5___JR_B.Spot 8879.JPG",eae4a507943eda38,rejected
cc22669e49f3cad1,8,e96e7f75e3b91015,near_duplicate,cc22669e49f3cad1,4.0,0.9375,color,soybean___healthy,Soybean___healthy/0f04ef1e-2a20-4986-9530-40707c70b708___RS_HL 7145.JPG,eae4a506963ada39,rejected
cc22669e49f3cad1,8,e9e3b8291d096676,near_duplicate,cc22669e49f3cad1,6.0,0.90625,color,soybean___healthy,Soybean___healthy/1f437b37-c648-45f3-a5f8-323cbb5bde35___RS_HL 7166.JPG,eae48506d63a9ab9,rejected
cc22669e49f3cad1,8,339cd32893cd3107,near_duplicate,cc22669e49f3cad1,6.0,0.90625,color,soybean___healthy,Soybean___healthy/4daea54f-0aed-4fe1-9194-74f8acc23bc1___RS_HL 5507.JPG,eae4a546963a9e38,rejected
cc22669e49f3cad1,8,b7bf62178bdc6343,near_duplicate,cc22669e49f3cad1,4.0,0.9375,color,soybean___healthy,Soybean___healthy/57ecef3d-5084-493f-8844-ec088439472b___RS_HL 5145.JPG,eae48506963e9eb8,rejected
cc22669e49f3cad1,8,cc22669e49f3cad1,representative,,,1.0,color,soybean___healthy,Soybean___healthy/c763b13c-dadc-42f3-a2af-fe2cc2d95597___RS_HL 3522.JPG,eae4a506963edab0,accepted
cc22669e49f3cad1,8,826cd1fc44c53b94,near_duplicate,cc22669e49f3cad1,6.0,0.90625,color,soybean___healthy,Soybean___healthy/ea4d9b6b-37e9-44ca-8929-10eceb80d6ff___RS_HL 7150.JPG,aae4a506963fd839,rejected
cc22669e49f3cad1,8,daff0f2b34a88c2a,near_duplicate,cc22669e49f3cad1,4.0,0.9375,color,soybean___healthy,Soybean___healthy/f2d001e7-f2b4-49ed-bd5e-119753a8293a___RS_HL 7200.JPG,eae4a506d63cda38,rejected
ce3c240bcb85073a,2,9e676de6e3b7be9a,near_duplicate,ce3c240bcb85073a,4.0,0.9375,color,pepper_bell___bacterial_spot,"Pepper,_bell___Bacterial_spot/712327ce-f01f-4398-802d-22af911de777___JR_B.Spot 9078.JPG",eec0851ed23c933b,rejected
ce3c240bcb85073a,2,ce3c240bcb85073a,representative,,,1.0,color,raspberry___healthy,Raspberry___healthy/c4893608-2543-4f6c-887a-be45f12c5bef___Mary_HL 9206.JPG,eee0851ed2389b39,accepted
f02097fa51418a9f,2,b87d40c776ec3697,near_duplicate,f02097fa51418a9f,4.0,0.9375,color,pepper_bell___bacterial_spot,"Pepper,_bell___Bacterial_spot/c869760f-5c94-4282-9e1b-a7b0f36455e4___JR_B.Spot 8929.JPG",bb95c04ae530b778,rejected
f02097fa51418a9f,2,f02097fa51418a9f,representative,,,1.0,color,soybean___healthy,Soybean___healthy/80cc4b80-0c34-4ea5-a4c4-1064cfbb47ea___RS_HL 3530.JPG,bf95c04ae570b278,accepted
2aa9d8ee1a42c4ac,2,27d0c1f52a6d6c9f,near_duplicate,2aa9d8ee1a42c4ac,4.0,0.9375,color,pepper_bell___bacterial_spot,"Pepper,_bell___Bacterial_spot/f409b53e-61e7-4aa5-8a6c-ae0f1c828099___JR_B.Spot 8955.JPG",efd0950f9a3481b6,rejected
2aa9d8ee1a42c4ac,2,2aa9d8ee1a42c4ac,representative,,,1.0,color,soybean___healthy,Soybean___healthy/c0568643-8540-477d-82d1-e17df5c404b2___RS_HL 5766 1.JPG,efc0952f9a348137,accepted
9ebcd51d88106531,3,9ebcd51d88106531,representative,,,1.0,color,pepper_bell___bacterial_spot,"Pepper,_bell___Bacterial_spot/f7b2c446-72fe-4990-91cc-8764e819ad3b___JR_B.Spot 9004.JPG",ffd0c10f963c9035,accepted
9ebcd51d88106531,3,8754f57941d076b4,near_duplicate,9ebcd51d88106531,6.0,0.90625,color,potato___healthy,Potato___healthy/1a1184f8-c414-4ead-a4c4-41ae78e29a82___RS_HL 1971.JPG,fec2c58f943c9035,rejected
9ebcd51d88106531,3,0e09edeb74e03a4f,near_duplicate,9ebcd51d88106531,4.0,0.9375,color,soybean___healthy,Soybean___healthy/cf670b61-ce62-4bf3-aad0-b7cbe6d53956___RS_HL 4538.JPG,fec2c10f963cb035,rejected
0382a192fe193274,2,2514977ecaad75c0,near_duplicate,0382a192fe193274,4.0,0.9375,color,pepper_bell___healthy,"Pepper,_bell___healthy/035746b5-cbe6-4e5d-9c3a-4bfc5c6cf5a1___JR_HL 7728.JPG",bacae0cf979c9830,rejected
0382a192fe193274,2,0382a192fe193274,representative,,,1.0,color,soybean___healthy,Soybean___healthy/f9cb2f36-523d-4061-94e3-0b385f77c1ac___RS_HL 2715.JPG,bacac08f9f9c9930,accepted
a925cb365ebe1b9d,2,a11a09ae8c4c35a7,near_duplicate,a925cb365ebe1b9d,4.0,0.9375,color,pepper_bell___healthy,"Pepper,_bell___healthy/08945f1c-9204-48d6-a5b4-bece52a18909___JR_HL 8056.JPG",ffc1e40f801ed079,rejected
a925cb365ebe1b9d,2,a925cb365ebe1b9d,representative,,,1.0,color,pepper_bell___healthy,"Pepper,_bell___healthy/c535f12e-99d3-4270-a383-3220e97a538c___JR_HL 8055.JPG",ffc1e40ec41e9079,accepted
ee687f6107da6737,3,ee687f6107da6737,representative,,,1.0,color,pepper_bell___healthy,"Pepper,_bell___healthy/0b796b7a-dfc8-47f7-9970-8373263c6408___JR_HL 5948.JPG",beb1d04b874dc62c,accepted
ee687f6107da6737,3,8a3c3466a9adfed8,near_duplicate,ee687f6107da6737,4.0,0.9375,color,pepper_bell___healthy,"Pepper,_bell___healthy/b8ea8f49-ab54-4282-81f4-7d1497b4f818___JR_HL 5949.JPG",be91d04b856dc62d,rejected
ee687f6107da6737,3,5aea313096b68317,near_duplicate,ee687f6107da6737,4.0,0.9375,color,tomato___bacterial_spot,Tomato___Bacterial_spot/b16f21dc-39eb-45b5-a588-da778fa9ac44___GCREC_Bact.Sp 6351.JPG,beb0d14b870dc63c,rejected
782f9b40b33307f5,2,18e2c9bea804c6cb,near_duplicate,782f9b40b33307f5,4.0,0.9375,color,pepper_bell___healthy,"Pepper,_bell___healthy/0dd09705-5593-4d01-9a9b-c1d5857daf92___JR_HL 8212.JPG",fdb8e2c307488d3a,rejected
782f9b40b33307f5,2,782f9b40b33307f5,representative,,,1.0,color,pepper_bell___healthy,"Pepper,_bell___healthy/253b8420-d8a7-4278-8f5c-b1a0dd709138___JR_HL 8214.JPG",fdb8c2c70f488d32,accepted
e156429c2309a5c7,2,ba8ebdd79af1a439,near_duplicate,e156429c2309a5c7,2.0,0.96875,color,pepper_bell___healthy,"Pepper,_bell___healthy/1b574484-60cd-4ae4-83ed-511a5ae07ea8___JR_HL 7849.JPG",aae0b593929bcac9,rejected
e156429c2309a5c7,2,e156429c2309a5c7,representative,,,1.0,color,pepper_bell___healthy,"Pepper,_bell___healthy/565744a9-b6ab-46c2-bc42-f92731c6ff4c___JR_HL 7850.JPG",aae0b593909bdac9,accepted
b922709364d414a6,11,baecce41693b5125,near_duplicate,b922709364d414a6,6.0,0.90625,color,pepper_bell___healthy,"Pepper,_bell___healthy/1fdbead6-97f6-4712-8c5e-2a1285e1e777___JR_HL 8681.JPG",fa9f85d0cec3c061,rejected
b922709364d414a6,11,c3c1b31c8f7cc767,near_duplicate,b922709364d414a6,8.0,0.875,color,soybean___healthy,Soybean___healthy/070105e6-0f29-4d92-8962-a6bed0c979e0___RS_HL 4174.JPG,fa9d85d0d0eac865,rejected
b922709364d414a6,11,2a2a50eb7c547d08,near_duplicate,b922709364d414a6,4.0,0.9375,color,soybean___healthy,Soybean___healthy/11ae9b43-83c6-49e5-af06-98f0e8596803___RS_HL 4518.JPG,ea1f85d0da63c865,rejected
b922709364d414a6,11,a1079f2f5ce5dc3c,near_duplicate,b922709364d414a6,4.0,0.9375,color,soybean___healthy,Soybean___healthy/2803369c-9ce5-4dd3-8cb8-d1a4a65839bd___RS_HL 3142.JPG,ea1f85d0dc63c869,rejected
b922709364d414a6,11,763cc7a80fe7a9f8,near_duplicate,b922709364d414a6,6.0,0.90625,color,soybean___healthy,Soybean___healthy/50ae30b8-6e3e-4743-ae7f-9901f229122d___RS_HL 4302.JPG,eb1f85d0ce63c864,rejected
b922709364d414a6,11,972abe614a6a4200,near_duplicate,b922709364d414a6,6.0,0.90625,color,soybean___healthy,Soybean___healthy/70431d09-acff-4898-9c19-6d994bb72f77___RS_HL 4579.JPG,ea9f85d0c4eac865,rejected
b922709364d414a6,11,e2775b308c5f1e63,near_duplicate,b922709364d414a6,6.0,0.90625,color,soybean___healthy,Soybean___healthy/99945d46-cf58-40d1-9375-1086e5a60597___RS_HL 3553.JPG,fa9f85d0ca4ac865,rejected
b922709364d414a6,11,e7278e26ad25c707,near_duplicate,b922709364d414a6,8.0,0.875,color,soybean___healthy,Soybean___healthy/beccae9f-3e65-4e7b-9eb3-f9584cbdb89d___RS_HL 4627.JPG,ea9f87d0c8c3c9e0,rejected
b922709364d414a6,11,b922709364d414a6,representative,,,1.0,color,soybean___healthy,Soybean___healthy/ee5089ad-bc36-4a5a-ae46-89302292eefe___RS_HL 4514.JPG,ea9f85d0dc43c865,accepted
b922709364d414a6,11,71a7672c3d60906c,near_duplicate,b922709364d414a6,4.0,0.9375,color,soybean___healthy,Soybean___healthy/f0dc69f7-3e5a-4d12-a86a-2f4bbf583680___RS_HL 4054.JPG,ea9f85d0cec2c865,rejected
b922709364d414a6,11,af4079424cc38f0c,near_duplicate,b922709364d414a6,6.0,0.90625,color,soybean___healthy,Soybean___healthy/fe22e33f-80de-4771-9dbe-68be9f4a21a9___RS_HL 4661.JPG,ea9f85d0ccc2c9e1,rejected
5a10b5856511afed,2,5a10b5856511afed,representative,,,1.0,color,pepper_bell___healthy,"Pepper,_bell___healthy/21d172cd-9cac-4bad-bdcb-4f72eb265f5a___JR_HL 8422.JPG",aae995c6969e9099,accepted
5a10b5856511afed,2,568446c117ff3334,near_duplicate,5a10b5856511afed,4.0,0.9375,color,pepper_bell___healthy,"Pepper,_bell___healthy/4a4478b6-4d10-4973-b884-548ff3e1b444___JR_HL 8428.JPG",aae9b58e929e9099,rejected
fd17d6fdaa0d6877,2,fd17d6fdaa0d6877,representative,,,1.0,color,pepper_bell___healthy,"Pepper,_bell___healthy/2a5eb7c8-4c8b-43a6-9448-b3983beef06c___JR_HL 8248.JPG",fec0851fd03a916b,accepted
fd17d6fdaa0d6877,2,ab8699be22c3e70c,near_duplicate,fd17d6fdaa0d6877,2.0,0.96875,color,pepper_bell___healthy,"Pepper,_bell___healthy/e7d0f9a3-f28d-4c66-aba7-ce7c831590f5___JR_HL 8249.JPG",ffc0811fd03a916b,rejected
9f81968c5628c368,4,9f81968c5628c368,representative,,,1.0,color,pepper_bell___healthy,"Pepper,_bell___healthy/2f070e21-3a24-435f-9122-10fb62f44c16___JR_HL 5824.JPG",fa1f8752dc61d064,accepted
9f81968c5628c368,4,e96612d0aa11abe1,near_duplicate,9f81968c5628c368,10.0,0.84375,color,soybean___healthy,Soybean___healthy/96d46f4a-6b65-4364-8889-33024fad0fc7___RS_HL 3600.JPG,be9f874acc65c062,rejected
9f81968c5628c368,4,165f96d18fd87cc8,near_duplicate,9f81968c5628c368,6.0,0.90625,color,soybean___healthy,Soybean___healthy/b2eb78f7-5a84-4bfe-b3a8-81bf1b63c66d___RS_HL 5365.JPG,fa9f8742cc65d062,rejected
9f81968c5628c368,4,916873b3001d90ab,near_duplicate,9f81968c5628c368,4.0,0.9375,color,soybean___healthy,Soybean___healthy/c0815e93-b1c5-4496-b1c9-d242dcbb35d5___RS_HL 4979.JPG,fa9f8742cc61d0e4,rejected
9dfafbff0c69b3e1,2,9dfafbff0c69b3e1,representative,,,1.0,color,pepper_bell___healthy,"Pepper,_bell___healthy/38a78908-7a67-47ac-9f08-43cdd3f17fc8___JR_HL 6010.JPG",ead2c50d963db033,accepted
9dfafbff0c69b3e1,2,02c3de8fe2307a2b,near_duplicate,9dfafbff0c69b3e1,4.0,0.9375,color,soybean___healthy,Soybean___healthy/42addc0c-a3d9-4c87-a563-27258b839f5c___RS_HL 5397.JPG,ead2d50d963db025,rejected
fb5da7198359461e,2,12d3e2d3ae888b7d,near_duplicate,fb5da7198359461e,2.0,0.96875,color,pepper_bell___healthy,"Pepper,_bell___healthy/432a3897-5e80-45d6-b795-4fa206a58e26___JR_HL 8595.JPG",ff91a04f9c68116d,rejected
fb5da7198359461e,2,fb5da7198359461e,representative,,,1.0,color,pepper_bell___healthy,"Pepper,_bell___healthy/f460de9c-14ab-4bac-8cb6-b25c958ae78f___JR_HL 8596.JPG",ff91a04f9c68912d,accepted
896dafc4d3a4fb21,2,896dafc4d3a4fb21,representative,,,1.0,color,pepper_bell___healthy,"Pepper,_bell___healthy/49b4fd49-ffc0-40c3-ad76-452b933d58c7___JR_HL 8267.JPG",ffb0c00f9c98b02f,accepted
896dafc4d3a4fb21,2,d0090d799d4f8b8e,near_duplicate,896dafc4d3a4fb21,4.0,0.9375,color,pepper_bell___healthy,"Pepper,_bell___healthy/b39dd01c-b297-4d3f-ad79-c06a488a99cd___JR_HL 8268.JPG",ffb0c20fbc18302f,rejected
262bf3c1a3f38778,3,262bf3c1a3f38778,representative,,,1.0,color,pepper_bell___healthy,"Pepper,_bell___healthy/4f975b18-03dc-444d-a1fd-67a4fe0143a6___JR_HL 5944.JPG",bf94f05a816cc56a,accepted
262bf3c1a3f38778,3,be69117908efcd17,near_duplicate,262bf3c1a3f38778,4.0,0.9375,color,soybean___healthy,Soybean___healthy/7519e469-b740-446e-8eb5-0085ea2e86de___RS_HL 5715 1.JPG,bf94f05ac12c857a,rejected
262bf3c1a3f38778,3,9892d5d01335f9e9,near_duplicate,262bf3c1a3f38778,4.0,0.9375,color,soybean___healthy,Soybean___healthy/7f11ac3f-4fe3-48d8-ac29-dd5fee73967b___RS_HL 6168.JPG,bf14f05ac16dc46a,rejected
3d2548b3eda2a92a,8,c54be2c3f684999b,near_duplicate,3d2548b3eda2a92a,10.0,0.84375,color,pepper_bell___healthy,"Pepper,_bell___healthy/5bb2ecb4-acf6-464c-a62e-c76a110fe22c___JR_HL 8890.JPG",ffc0a00f953cd236,rejected
3d2548b3eda2a92a,8,57e3b33007caeb02,near_duplicate,3d2548b3eda2a92a,8.0,0.875,color,soybean___healthy,Soybean___healthy/04f9ace6-096a-40ab-8e3b-2a3be9eb8464___RS_HL 5862.JPG,ff40a40fd43cd23c,rejected
3d2548b3eda2a92a,8,4e85f6a88a801cd3,near_duplicate,3d2548b3eda2a92a,4.0,0.9375,color,soybean___healthy,Soybean___healthy/3ebef44e-32d7-4dd7-9751-11430c70fa14___RS_HL 6348.JPG,ffc0a40fd63c8278,rejected
3d2548b3eda2a92a,8,24494b0b160c1f51,near_duplicate,3d2548b3eda2a92a,8.0,0.875,color,soybean___healthy,Soybean___healthy/6f8693a0-9f00-4c8d-b57b-217dac181680___RS_HL 5860.JPG,ff40a00fd53cd23c,rejected
3d2548b3eda2a92a,8,d146fad58b5bdcdc,near_duplicate,3d2548b3eda2a92a,8.0,0.875,color,soybean___healthy,Soybean___healthy/8dbe2747-b3a6-43ce-a7d3-353a202a2949___RS_HL 5943.JPG,ff40a007d71ed23c,rejected
3d2548b3eda2a92a,8,3d2548b3eda2a92a,representative,,,1.0,color,soybean___healthy,Soybean___healthy/a99084dd-d6e8-4701-8303-d9a1c9d941f4___RS_HL 6340.JPG,ffe0a00fd63e8238,accepted
3d2548b3eda2a92a,8,cc8298e9b286908e,near_duplicate,3d2548b3eda2a92a,10.0,0.84375,color,soybean___healthy,Soybean___healthy/d26e2f90-1f91-445e-97c2-0e26d90112a2___RS_HL 5941.JPG,ff48a00fd51ed03c,rejected
3d2548b3eda2a92a,8,85fbced7a0f162ee,near_duplicate,3d2548b3eda2a92a,4.0,0.9375,color,soybean___healthy,Soybean___healthy/f9a54022-6065-43f6-8017-f178630158a7___RS_HL 5982.JPG,ff40a40fd63e823c,rejected
50e2614bbf925538,2,50e2614bbf925538,representative,,,1.0,color,pepper_bell___healthy,"Pepper,_bell___healthy/5ff1097d-5e9e-40bc-8987-ccf15d465d77___JR_HL 8081.JPG",fde2e087c65c8a58,accepted
50e2614bbf925538,2,5b159af945a60fb5,near_duplicate,50e2614bbf925538,4.0,0.9375,color,soybean___healthy,Soybean___healthy/1cc9ab48-9009-418e-9b22-a2d9384cf1ce___RS_HL 6111.JPG,fde2e087c35e8a48,rejected
5319c6567b9c7e58,2,5319c6567b9c7e58,representative,,,1.0,color,pepper_bell___healthy,"Pepper,_bell___healthy/64515548-7446-4e85-b562-ec1f01acab15___JR_HL 5967.JPG",ba95d04ac564c773,accepted
5319c6567b9c7e58,2,67dd114da2cec4bd,near_duplicate,5319c6567b9c7e58,4.0,0.9375,color,soybean___healthy,Soybean___healthy/9ec816bb-0a0f-442c-ba33-563a26e1568f___RS_HL 4008.JPG,ba95d04acd64a772,rejected
5b47ba68da83011e,3,5b47ba68da83011e,representative,,,1.0,color,pepper_bell___healthy,"Pepper,_bell___healthy/64cb0648-5140-4812-90bf-467ea19f8957___JR_HL 5921.JPG",afe0f403923fd870,accepted
5b47ba68da83011e,3,cc7d7810496230d4,near_duplicate,5b47ba68da83011e,8.0,0.875,color,soybean___healthy,Soybean___healthy/3696a50b-9ff2-4da1-9ab7-1ca2cc06a462___RS_HL 5326.JPG,afc094079e3fd831,rejected
5b47ba68da83011e,3,9abd7c9b9d9aad70,near_duplicate,5b47ba68da83011e,4.0,0.9375,color,soybean___healthy,Soybean___healthy/e546a7b6-7f3d-490d-bcb5-b8026e128cb6___RS_HL 4070.JPG,afe0d4039e3fd830,rejected
d86d73a2793269f9,2,3256da1ef0b4a78c,near_duplicate,d86d73a2793269f9,2.0,0.96875,color,pepper_bell___healthy,"Pepper,_bell___healthy/79fb9f7d-f4e1-4e0e-9968-b2e3ab9f8953___JR_HL 8409.JPG",ffc0a30f905cc23d,rejected
d86d73a2793269f9,2,d86d73a2793269f9,representative,,,1.0,color,pepper_bell___healthy,"Pepper,_bell___healthy/9b2cfd07-d31c-4bc5-b055-dbb36090a4b1___JR_HL 8411.JPG",ffc0e10f905cc23d,accepted
cd2ee4a697881f07,2,cd2ee4a697881f07,representative,,,1.0,color,pepper_bell___healthy,"Pepper,_bell___healthy/828383ff-b79a-4c9d-9b24-87b8e6c73bfe___JR_HL 5965.JPG",afc4d44adb0dd03c,accepted
cd2ee4a697881f07,2,f36c395dfba2db6d,near_duplicate,cd2ee4a697881f07,4.0,0.9375,color,soybean___healthy,Soybean___healthy/261555bd-eca0-4e1b-aba9-749a08ca2459___RS_HL 4930.JPG,afc4944a9b2dd83c,rejected
74100d71c6d33563,2,74100d71c6d33563,representative,,,1.0,color,pepper_bell___healthy,"Pepper,_bell___healthy/8ba4d183-e33e-4333-b839-2626bd0f450b___JR_HL 8049.JPG",ebe4c48f9c189939,accepted
74100d71c6d33563,2,9f35f177e3de1d34,near_duplicate,74100d71c6d33563,4.0,0.9375,color,tomato___bacterial_spot,Tomato___Bacterial_spot/4f844956-b7ab-4a05-80cf-20ac61fa91c8___GCREC_Bact.Sp 3038.JPG,ebe4c48f961a9839,rejected
d408d5715fb3862b,4,d408d5715fb3862b,representative,,,1.0,color,pepper_bell___healthy,"Pepper,_bell___healthy/9afc1466-639b-4652-ac11-5ae5278922fc___JR_HL 5913.JPG",ebcad01f9634a325,accepted
d408d5715fb3862b,4,bf90060cebef6c7f,near_duplicate,d408d5715fb3862b,4.0,0.9375,color,raspberry___healthy,Raspberry___healthy/9b4b800b-ad23-435b-843e-035226811248___Mary_HL 6243.JPG,eacad41f9435a325,rejected
d408d5715fb3862b,4,bbf0e3cc79ab43d8,near_duplicate,d408d5715fb3862b,6.0,0.90625,color,soybean___healthy,Soybean___healthy/033ece65-66a6-4e75-880a-ee77220700ec___RS_HL 4613.JPG,facac41f96349325,rejected
d408d5715fb3862b,4,a44a6e579ce9fad8,near_duplicate,d408d5715fb3862b,4.0,0.9375,color,soybean___healthy,Soybean___healthy/eaf392b8-295c-40b2-bd08-a74bde0e2ff1___RS_HL 4510.JPG,eacad11f96349325,rejected
8fbb7b078618108a,2,3844bd54a1902ff9,near_duplicate,8fbb7b078618108a,4.0,0.9375,color,pepper_bell___healthy,"Pepper,_bell___healthy/9b9bf01f-e632-4bc9-a903-ba708b15d876___JR_HL 7617.JPG",eac8a11f957a9227,rejected
8fbb7b078618108a,2,8fbb7b078618108a,representative,,,1.0,color,soybean___healthy,Soybean___healthy/b160c9b7-b174-456b-a15e-ef0b0c766c05___RS_HL 6690.JPG,eac8811f957ab266,accepted
9ecbe25349fd8faa,2,9ecbe25349fd8faa,representative,,,1.0,color,pepper_bell___healthy,"Pepper,_bell___healthy/9ec19588-69dc-438b-b257-7a987ff403e2___JR_HL 8621.JPG",aae5b5d2965ad029,accepted
9ecbe25349fd8faa,2,65d4eaf5a9036218,near_duplicate,9ecbe25349fd8faa,4.0,0.9375,color,pepper_bell___healthy,"Pepper,_bell___healthy/ca1c9cb1-75e6-4937-85ec-814aaac3bc32___JR_HL 8620.JPG",aae5b592965b9039,rejected
ea281fa29fe0e559,2,ea281fa29fe0e559,representative,,,1.0,color,pepper_bell___healthy,"Pepper,_bell___healthy/a6df86ad-1d11-43f3-9a71-7aa4a9c35b8b___JR_HL 8272.JPG",fde0ca1f38903366,accepted
ea281fa29fe0e559,2,f694672473d1d1d3,near_duplicate,ea281fa29fe0e559,4.0,0.9375,color,pepper_bell___healthy,"Pepper,_bell___healthy/df911e7c-0200-4e05-9076-6c40141bcbab___JR_HL 8273.JPG",fce0c29f39903366,rejected
b698e7ab7394e255,2,b698e7ab7394e255,representative,,,1.0,color,pepper_bell___healthy,"Pepper,_bell___healthy/a75f1c24-d102-4283-8033-dade69c87c04___JR_HL 5834.JPG",eac0851fb471a72d,accepted
b698e7ab7394e255,2,1e9e3281c5c37b9e,near_duplicate,b698e7ab7394e255,4.0,0.9375,color,soybean___healthy,Soybean___healthy/17f6f0b5-e276-4fbb-9aac-f95459c06545___RS_HL 4667.JPG,fac0851fb431a32f,rejected
1611d41645186eb0,2,1611d41645186eb0,representative,,,1.0,color,pepper_bell___healthy,"Pepper,_bell___healthy/c013ccc6-b716-4945-b256-ca39c5e9a201___JR_HL 8842.JPG",ae43851fd034c3f6,accepted
1611d41645186eb0,2,0ce49b285329f804,near_duplicate,1611d41645186eb0,4.0,0.9375,color,tomato___bacterial_spot,Tomato___Bacterial_spot/e5ebe0ed-8be8-46c8-a209-32b00ad5f65e___GCREC_Bact.Sp 6033.JPG,ea43851fd03cc3b6,rejected
2ba2c719b0363b13,8,2ba2c719b0363b13,representative,,,1.0,color,pepper_bell___healthy,"Pepper,_bell___healthy/d17a8519-e2c2-4589-afdb-592063af49cf___JR_HL 8369.JPG",eae5a51a947a9079,accepted
2ba2c719b0363b13,8,d3ec40194e35467d,near_duplicate,2ba2c719b0363b13,6.0,0.90625,color,soybean___healthy,Soybean___healthy/5d0e6049-14ad-4384-9012-75706e059238___RS_HL 7085.JPG,eae4a517945a907b,rejected
2ba2c719b0363b13,8,37fe142eab5ffdaa,near_duplicate,2ba2c719b0363b13,4.0,0.9375,color,soybean___healthy,Soybean___healthy/6212b418-9d95-462d-a05a-91b88ccfd63e___RS_HL 6919.JPG,eae4a50f947a9079,rejected
2ba2c719b0363b13,8,f513f0b6949d7aea,near_duplicate,2ba2c719b0363b13,4.0,0.9375,color,soybean___healthy,Soybean___healthy/6f771b51-7c51-4d59-aeb9-153d04389540___RS_HL 6693.JPG,eaa4a51e947a9279,rejected
2ba2c719b0363b13,8,49c03572992b6ee9,near_duplicate,2ba2c719b0363b13,8.0,0.875,color,soybean___healthy,Soybean___healthy/7df90201-f50b-434c-b474-bf3320075420___RS_HL 6706.JPG,eaa4851e957a9969,rejected
2ba2c719b0363b13,8,fc381db90da31d65,near_duplicate,2ba2c719b0363b13,4.0,0.9375,color,soybean___healthy,Soybean___healthy/9945bbac-128b-4fbe-86c1-046c123b5e6d___RS_HL 6917.JPG,eae4a50e9c7a9079,rejected
2ba2c719b0363b13,8,b0d224928c2f2b06,near_duplicate,2ba2c719b0363b13,4.0,0.9375,color,soybean___healthy,Soybean___healthy/9fc65f2f-0e21-47ef-8c31-a0aaefdcece8___RS_HL 3829.JPG,eaa5a51e947a9169,rejected
2ba2c719b0363b13,8,366ac0762e430515,near_duplicate,2ba2c719b0363b13,8.0,0.875,color,soybean___healthy,Soybean___healthy/f43716bd-636f-4f02-b5b8-7b94f26822cb___RS_HL 5084.JPG,eae4851f955a9869,rejected
2069f30571e20e9e,2,2069f30571e20e9e,representative,,,1.0,color,pepper_bell___healthy,"Pepper,_bell___healthy/ec8bc198-28c5-4664-a104-ba229ba93233___JR_HL 5996.JPG",ea3d85d098ced3c8,accepted
2069f30571e20e9e,2,68c474c54fbb248d,near_duplicate,2069f30571e20e9e,4.0,0.9375,color,soybean___healthy,Soybean___healthy/9181a07b-a2a1-4425-83aa-a5cd8c4ab130___RS_HL 4196.JPG,ea3d85d09acad1c9,rejected
d6f04caced40c78a,2,1908d748ef63d507,near_duplicate,d6f04caced40c78a,4.0,0.9375,color,potato___early_blight,Potato___Early_blight/00d8f10f-5038-4e0f-bb58-0b885ddc0cc5___RS_Early.B 8722.JPG,a894975ac86de572,rejected
d6f04caced40c78a,2,d6f04caced40c78a,representative,,,1.0,color,soybean___healthy,Soybean___healthy/f67ea78b-ba17-4895-83ce-56427164437e___RS_HL 5147.JPG,aa95975ac86dc562,accepted
dd04364b2b48b243,2,dd04364b2b48b243,representative,,,1.0,color,potato___early_blight,Potato___Early_blight/1c4e0445-375a-4c5d-b6fd-6123d22f009f___RS_Early.B 7972.JPG,dfc0e84fa50f9530,accepted
dd04364b2b48b243,2,a45c0327be41de70,near_duplicate,dd04364b2b48b243,4.0,0.9375,color,potato___early_blight,Potato___Early_blight/49b24f9e-12d4-4f32-8bc8-482d66514a17___RS_Early.B 8037.JPG,dfc8e80ba50f9538,rejected
abdcce9da3224bb7,2,abdcce9da3224bb7,representative,,,1.0,color,potato___early_blight,Potato___Early_blight/5aee3e9f-0469-42e7-8ae7-56f7a1900fd5___RS_Early.B 9091.JPG,8a3dbd70e0c3c48f,accepted
abdcce9da3224bb7,2,aa6c18c5a35715a5,near_duplicate,abdcce9da3224bb7,2.0,0.96875,color,potato___early_blight,Potato___Early_blight/bc378ba0-533d-42db-a8b2-82decc73f4d5___RS_Early.B 9092.JPG,8a3dbd70f0c3c48e,rejected
1c7e79962132ff8f,2,9f18c893a96a0fcf,near_duplicate,1c7e79962132ff8f,4.0,0.9375,color,potato___early_blight,Potato___Early_blight/c47fa8ac-b2a5-4470-bda6-26dec4000409___RS_Early.B 7395.JPG,afe0f507c03f8a38,rejected
1c7e79962132ff8f,2,1c7e79962132ff8f,representative,,,1.0,color,soybean___healthy,Soybean___healthy/5924cb13-ff43-4537-82e8-eeca9943e54c___RS_HL 5514.JPG,afe0f507c03ec83c,accepted
f72ead064d81c6a9,2,6cda97dab7e6cca6,near_duplicate,f72ead064d81c6a9,4.0,0.9375,color,potato___late_blight,Potato___Late_blight/1b8ae46e-1202-4715-8ad1-fd18046c42d3___RS_LB 3880.JPG,eac295af9a34c932,rejected
f72ead064d81c6a9,2,f72ead064d81c6a9,representative,,,1.0,color,soybean___healthy,Soybean___healthy/e3fe69bd-70b4-4f08-b53e-532230692d83___RS_HL 5739 1.JPG,bac2952f9a34c933,accepted
0626ab487596d39f,2,0eb513533375b187,near_duplicate,0626ab487596d39f,4.0,0.9375,color,potato___late_blight,Potato___Late_blight/29bfc55a-8cb2-4938-b0b5-5e2748fd1a22___RS_LB 5070.JPG,aa15f55a836a8769,rejected
0626ab487596d39f,2,0626ab487596d39f,representative,,,1.0,color,soybean___healthy,Soybean___healthy/680847f2-f758-46bf-a08b-63179198eae8___RS_HL 6789.JPG,aa95f15a834b8769,accepted
554fe86d63eb5fb9,5,0b57ff0328e52b1e,near_duplicate,554fe86d63eb5fb9,4.0,0.9375,color,potato___late_blight,Potato___Late_blight/30920583-57a6-4cc2-81d6-84879ec3af46___RS_LB 4930.JPG,abf0d10bcb2dcc34,rejected
554fe86d63eb5fb9,5,554fe86d63eb5fb9,representative,,,1.0,color,soybean___healthy,Soybean___healthy/1dea8556-5d2e-4b24-a07d-83c5afae81a8___RS_HL 5464.JPG,bff0d00bc32dcc34,accepted
554fe86d63eb5fb9,5,834e4f9b77ae9e78,near_duplicate,554fe86d63eb5fb9,4.0,0.9375,color,soybean___healthy,Soybean___healthy/39b3a662-848a-4bc2-93c6-260b49eccd40___RS_HL 7383.JPG,bff0d00bc92dc534,rejected
554fe86d63eb5fb9,5,0fc1166a1f477ad7,near_duplicate,554fe86d63eb5fb9,4.0,0.9375,color,soybean___healthy,Soybean___healthy/a382f65c-bc40-4723-a553-b5d9c424d268___RS_HL 5276.JPG,bfd0d00bcb3d4c34,rejected
554fe86d63eb5fb9,5,f588a60612e1122a,near_duplicate,554fe86d63eb5fb9,4.0,0.9375,color,tomato___spider_mites_two_spotted_spider_mite,Tomato___Spider_mites Two-spotted_spider_mite/bdb1071d-586d-4cdf-a792-a15af76ed9cf___Com.G_SpM_FL 8670.JPG,bf60d00bc32fcc3c,rejected
a8886f198b7cfabd,2,070e96916a0edc66,near_duplicate,a8886f198b7cfabd,4.0,0.9375,color,potato___late_blight,Potato___Late_blight/8cd26c99-237b-4910-98ae-3e930c760f56___RS_LB 4061.JPG,fec0858f983cb136,rejected
a8886f198b7cfabd,2,a8886f198b7cfabd,representative,,,1.0,color,soybean___healthy,Soybean___healthy/8c9a3b00-bdaa-4e90-969f-0675c597a71a___RS_HL 3456.JPG,fec0c78f9834b134,accepted
857cec542bf3c307,4,18af400a9678b461,near_duplicate,857cec542bf3c307,4.0,0.9375,color,potato___late_blight,Potato___Late_blight/b03529cf-21fd-4c94-a948-461a8d17e01c___RS_LB 4828.JPG,fbc0c50f983c9335,rejected
857cec542bf3c307,4,f165025d4e26345d,near_duplicate,857cec542bf3c307,4.0,0.9375,color,soybean___healthy,Soybean___healthy/1f3b733b-d794-4a39-8efb-e89fc1395598___RS_HL 3363.JPG,facac51f9a3c9130,rejected
857cec542bf3c307,4,2970606d5593e09a,near_duplicate,857cec542bf3c307,4.0,0.9375,color,soybean___healthy,Soybean___healthy/710747b3-8e3c-47c8-b3ce-056ab63959d6___RS_HL 3150.JPG,fa4ad50f9a3c9330,rejected
857cec542bf3c307,4,857cec542bf3c307,representative,,,1.0,color,soybean___healthy,Soybean___healthy/b8288d31-a161-496e-b290-abe1a332bb58___RS_HL 3750.JPG,fac2c50f9a3c9334,accepted
4cd089f453fe6981,2,3a46ca2e248ec9b4,near_duplicate,4cd089f453fe6981,4.0,0.9375,color,potato___late_blight,Potato___Late_blight/c89d5a2a-2c1e-496e-84b8-b7a844a97ac9___RS_LB 4920.JPG,eac8850f9cb193b6,rejected
4cd089f453fe6981,2,4cd089f453fe6981,representative,,,1.0,color,potato___late_blight,Potato___Late_blight/f528b00d-99a6-41db-8d96-9eed58b519c1___RS_LB 4544.JPG,eac1850f9c3193f6,accepted
126a6f1d2abb7af7,2,dbc6efefadfad003,near_duplicate,126a6f1d2abb7af7,4.0,0.9375,color,potato___late_blight,Potato___Late_blight/e2d4d58b-8754-4c63-b888-8355ddbcb989___RS_LB 4863.JPG,fe1f80d8cb698c64,rejected
126a6f1d2abb7af7,2,126a6f1d2abb7af7,representative,,,1.0,color,soybean___healthy,Soybean___healthy/a747b147-0ca8-4973-9232-7ca47ea3c1eb___RS_HL 3228.JPG,fe9f8158c9698c64,accepted
273fec2f96d921ef,2,273fec2f96d921ef,representative,,,1.0,color,potato___late_blight,Potato___Late_blight/e47b3a9a-24ea-460a-8a8f-4fc9814a072e___RS_LB 3314.JPG,fb36f118c6618f21,accepted
273fec2f96d921ef,2,a52ef16fc3b52429,near_duplicate,273fec2f96d921ef,4.0,0.9375,color,strawberry___leaf_scorch,Strawberry___Leaf_scorch/1f2420de-a55f-4538-934a-ed289da7a953___RS_L.Scorch 1145.JPG,fb36f158c2619e21,rejected
bf5c1e6625d1d786,2,a7227a49fc193938,near_duplicate,bf5c1e6625d1d786,4.0,0.9375,color,raspberry___healthy,Raspberry___healthy/06959ec3-a76b-4968-b64b-ad874b958fc7___Mary_HL 6323.JPG,efc0850f923c927b,rejected
bf5c1e6625d1d786,2,bf5c1e6625d1d786,representative,,,1.0,color,soybean___healthy,Soybean___healthy/c6407954-3412-456c-abec-6af975921f3d___RS_HL 4964.JPG,efc0a50f943c9273,accepted
9e6563934eecb12c,2,9e6563934eecb12c,representative,,,1.0,color,raspberry___healthy,Raspberry___healthy/0f973c31-b338-438e-8162-e005738c659e___Mary_HL 9257.JPG,fa85845a9f389969,accepted
9e6563934eecb12c,2,70ef7eb0c4c1f9b6,near_duplicate,9e6563934eecb12c,2.0,0.96875,color,raspberry___healthy,Raspberry___healthy/7f771790-da66-43db-a051-5900affecc6e___Mary_HL 9261.JPG,fa85c45a9f389961,rejected
9a6556627b1b8054,2,9a6556627b1b8054,representative,,,1.0,color,raspberry___healthy,Raspberry___healthy/11eb28ed-0d05-46c9-a2a8-e325d8bf2b38___Mary_HL 9265.JPG,ae94c45a8f6c9569,accepted
9a6556627b1b8054,2,a8631f508066eb79,near_duplicate,9a6556627b1b8054,4.0,0.9375,color,raspberry___healthy,Raspberry___healthy/b00a6846-c092-4461-8b52-da94e81d960d___Mary_HL 9266.JPG,ae96c05a8f6c9d68,rejected
bf3e4607021a79eb,3,bf3e4607021a79eb,representative,,,1.0,color,raspberry___healthy,Raspberry___healthy/141f4953-4e0d-4e5d-bb1b-e3a880cd7bf6___Mary_HL 9192.JPG,eee0850fd2a8993d,accepted
bf3e4607021a79eb,3,f97e1cc76fb9b188,near_duplicate,bf3e4607021a79eb,6.0,0.90625,color,raspberry___healthy,Raspberry___healthy/6f4c7d33-4f72-44e7-9354-2e8e86fcd304___Mary_HL 9191.JPG,fee0840fd26c991d,rejected
bf3e4607021a79eb,3,c5961fccf9d6beed,near_duplicate,bf3e4607021a79eb,4.0,0.9375,color,raspberry___healthy,Raspberry___healthy/b4e5bed9-5737-4903-b30a-3d3b88c91f4f___Mary_HL 9190.JPG,fee0850fd22c983d,rejected
806fbbb94a0531af,2,ed49344decda3206,near_duplicate,806fbbb94a0531af,4.0,0.9375,color,raspberry___healthy,Raspberry___healthy/1588fdc0-3aa4-4c75-b813-7a62780136ad___Mary_HL 9186.JPG,fce4a2b696925a51,rejected
806fbbb94a0531af,2,806fbbb94a0531af,representative,,,1.0,color,raspberry___healthy,Raspberry___healthy/eb8b3204-11d3-4a9b-b7b8-b24a60ef3d57___Mary_HL 9187.JPG,f0e4a2b697925a59,accepted
ffa380d4266c6524,3,91658dca1ca52e3e,near_duplicate,ffa380d4266c6524,8.0,0.875,color,raspberry___healthy,Raspberry___healthy/17e50337-1fc7-413d-a9e5-2825b1b8e7bb___Mary_HL 6390.JPG,ef4bd0259b3698b0,rejected
ffa380d4266c6524,3,326713d064fcd82e,near_duplicate,ffa380d4266c6524,4.0,0.9375,color,soybean___healthy,Soybean___healthy/bee17ace-696f-42e9-9f59-b16b13d2e537___RS_HL 3096.JPG,ef4ad00d9b3699b0,rejected
ffa380d4266c6524,3,ffa380d4266c6524,representative,,,1.0,color,soybean___healthy,Soybean___healthy/edd09edd-862f-42dd-82d8-24552f169584___RS_HL 3739.JPG,ef4ad20d9b3a91b0,accepted
3555a18e9fd81774,3,3555a18e9fd81774,representative,,,1.0,color,raspberry___healthy,Raspberry___healthy/1b2fb65b-bfe9-43dc-940a-50a32b9a421f___Mary_HL 6317.JPG,bf90d04bc56c8676,accepted
3555a18e9fd81774,3,957373c0fcbdf0d4,near_duplicate,3555a18e9fd81774,4.0,0.9375,color,soybean___healthy,Soybean___healthy/058d647e-b0e3-4a26-8fa5-21f5357909e4___RS_HL 5302.JPG,bf90d04bc56ec670,rejected
3555a18e9fd81774,3,ed52f8246be0c17b,near_duplicate,3555a18e9fd81774,4.0,0.9375,color,tomato___bacterial_spot,Tomato___Bacterial_spot/841ea726-5c4a-4447-9f56-0eda38f002d2___GCREC_Bact.Sp 3388.JPG,bf10d04bc76c8e66,rejected
75c8550f8f79e5c2,3,f327adaffe20c123,near_duplicate,75c8550f8f79e5c2,4.0,0.9375,color,raspberry___healthy,Raspberry___healthy/2d98e51f-8702-4309-944b-e196c2ec5275___Mary_HL 6241.JPG,fa9f8752c861b464,rejected
75c8550f8f79e5c2,3,247de92d339224e6,near_duplicate,75c8550f8f79e5c2,4.0,0.9375,color,soybean___healthy,Soybean___healthy/08f5b052-40a8-4bbb-b6c9-0a1d1c338952___RS_HL 4504.JPG,fe9f8540cc61b0e6,rejected
75c8550f8f79e5c2,3,75c8550f8f79e5c2,representative,,,1.0,color,soybean___healthy,Soybean___healthy/2b876fda-8f73-4000-9bbb-3752922608b5___RS_HL 4512.JPG,fe9f8740c861b466,accepted
41ec4523d0cf6bd7,2,f98816dd56da3d76,near_duplicate,41ec4523d0cf6bd7,4.0,0.9375,color,raspberry___healthy,Raspberry___healthy/46f86acd-452f-4965-b7b2-45206fc6c785___Mary_HL 9285.JPG,fe94904a876d9770,rejected
41ec4523d0cf6bd7,2,41ec4523d0cf6bd7,representative,,,1.0,color,raspberry___healthy,Raspberry___healthy/72f3a2a3-41c8-46ea-9621-c249c4eaf75f___Mary_HL 9290.JPG,fa94904ac76f8770,accepted
e6e05c512988e08c,2,e6e05c512988e08c,representative,,,1.0,color,raspberry___healthy,Raspberry___healthy/4c3285d2-1ba0-4147-afd9-1869ee19ec4c___Mary_HL 6229.JPG,fe9f8152c368cc61,accepted
e6e05c512988e08c,2,0c77ce643ef54441,near_duplicate,e6e05c512988e08c,4.0,0.9375,color,soybean___healthy,Soybean___healthy/c4ac992c-9d87-4637-b683-472967805c81___RS_HL 2778.JPG,be9f855ac368c461,rejected
318044cef300d54f,2,318044cef300d54f,representative,,,1.0,color,raspberry___healthy,Raspberry___healthy/59305710-b9c7-4482-afff-1b3446f351c7___Mary_HL 9338.JPG,fac4c41a9939d333,accepted
318044cef300d54f,2,691792522461c999,near_duplicate,318044cef300d54f,4.0,0.9375,color,raspberry___healthy,Raspberry___healthy/f942155e-54d8-4724-a509-92745205d414___Mary_HL 9345.JPG,bac4c41ab939c33b,rejected
e171d0090510292a,2,497ee805b52ecd31,near_duplicate,e171d0090510292a,4.0,0.9375,color,raspberry___healthy,Raspberry___healthy/63423c9f-f5c7-4d38-be89-391cbc9ecab9___Mary_HL 6231.JPG,af6ad085819f8d3a,rejected
e171d0090510292a,2,e171d0090510292a,representative,,,1.0,color,soybean___healthy,Soybean___healthy/aec7d915-84c5-401f-89c7-d84fe7855622___RS_HL 4440.JPG,afcad085819f8db8,accepted
9f1e375864ed7760,2,4d205bb1247543ef,near_duplicate,9f1e375864ed7760,4.0,0.9375,color,raspberry___healthy,Raspberry___healthy/6c23e00e-1d59-4958-9eba-91023e6ddaed___Mary_HL 9325.JPG,ff9590cac02fc570,rejected
9f1e375864ed7760,2,9f1e375864ed7760,representative,,,1.0,color,raspberry___healthy,Raspberry___healthy/ae5a17be-bbf6-47dd-a04d-7fdaa7703a74___Mary_HL 9324.JPG,ff9790c2c06fc560,accepted
f0fc514fcca5f73d,2,d42d3e37ffb77ad0,near_duplicate,f0fc514fcca5f73d,4.0,0.9375,color,raspberry___healthy,Raspberry___healthy/733631a5-c883-4e9f-946f-950edc90477a___Mary_HL 6284.JPG,fa9f85508c6bb06c,rejected
f0fc514fcca5f73d,2,f0fc514fcca5f73d,representative,,,1.0,color,soybean___healthy,Soybean___healthy/8c01ceab-28ce-4b5c-bb2e-c779217d525f___RS_HL 3688.JPG,fa9f8550cc6bb460,accepted
9efd56ab662a0306,2,9efd56ab662a0306,representative,,,1.0,color,raspberry___healthy,Raspberry___healthy/75f56384-1805-4f7f-8ad8-a2871d344bff___Mary_HL 9144.JPG,ee1f85f0d6c1d884,accepted
9efd56ab662a0306,2,da7c07866326a47a,near_duplicate,9efd56ab662a0306,4.0,0.9375,color,soybean___healthy,Soybean___healthy/db399cba-aeb5-49d8-ab69-0632158a65c6___RS_HL 4180.JPG,ea1f85f0d6c1d8c1,rejected
605dacbf94d07fbb,2,605dacbf94d07fbb,representative,,,1.0,color,raspberry___healthy,Raspberry___healthy/837ce07f-c8df-42c6-8b24-a6d93b6e60dc___Mary_HL 9332.JPG,eff0840ed838897d,accepted
605dacbf94d07fbb,2,62b5003e63bfdac1,near_duplicate,605dacbf94d07fbb,2.0,0.96875,color,raspberry___healthy,Raspberry___healthy/dc625fd1-1e66-4b78-882a-9be38921e30f___Mary_HL 9333.JPG,eff0840ed838c17d,rejected
a4b52a012f0efa46,2,a4b52a012f0efa46,representative,,,1.0,color,raspberry___healthy,Raspberry___healthy/895bd284-30aa-4d2b-a5a8-1a021fd4e96f___Mary_HL 6328.JPG,eac3811f953a9665,accepted
a4b52a012f0efa46,2,6acb89a96e6c1f9b,near_duplicate,a4b52a012f0efa46,4.0,0.9375,color,soybean___healthy,Soybean___healthy/84e457cc-02e8-45f2-be2d-5e412315ade8___RS_HL 5476.JPG,eac1811f953e9267,rejected
65cb6a29abbbcb74,4,65cb6a29abbbcb74,representative,,,1.0,color,raspberry___healthy,Raspberry___healthy/8dd015bb-bceb-41f6-9b6e-40d66cb8ad4e___Mary_HL 6329.JPG,feb880558f4a8f61,accepted
65cb6a29abbbcb74,4,2f107ff43684447e,near_duplicate,65cb6a29abbbcb74,4.0,0.9375,color,soybean___healthy,Soybean___healthy/9732b287-2175-4eb0-ba41-1c3d9b6c8891___RS_HL 4692.JPG,ffb8a055834a8f61,rejected
65cb6a29abbbcb74,4,373944e6a557b1b0,near_duplicate,65cb6a29abbbcb74,6.0,0.90625,color,soybean___healthy,Soybean___healthy/e9a290dd-0101-41dd-b732-7f1862b52840___RS_HL 6085.JPG,ffb8e055834a8b61,rejected
65cb6a29abbbcb74,4,a9eca0472dc99817,near_duplicate,65cb6a29abbbcb74,6.0,0.90625,color,soybean___healthy,Soybean___healthy/f61cc5fe-968b-4a9e-881d-e2325b4a3b63___RS_HL 6086.JPG,ffb9c055834a8f41,rejected
b93c34eeb3697b13,3,7956c9338b937d7f,near_duplicate,b93c34eeb3697b13,6.0,0.90625,color,raspberry___healthy,Raspberry___healthy/9b55c870-8479-4d3a-9c71-07c828de6f18___Mary_HL 6357.JPG,efc8d21f9834e126,rejected
b93c34eeb3697b13,3,b93c34eeb3697b13,representative,,,1.0,color,soybean___healthy,Soybean___healthy/45146abd-0134-4c2c-bbb5-0bc2deaf666d___RS_HL 4992.JPG,afc8941f9a34e127,accepted
b93c34eeb3697b13,3,71f98226fd153ee6,near_duplicate,b93c34eeb3697b13,4.0,0.9375,color,soybean___healthy,Soybean___healthy/cf57bc73-b087-475f-a5a4-abd3f18d8bea___RS_HL 5185.JPG,afc0d21f9a34e127,rejected
9ae3ddad91e66b22,2,d7ef1bbba75177fa,near_duplicate,9ae3ddad91e66b22,2.0,0.96875,color,raspberry___healthy,Raspberry___healthy/9fef3df4-201a-4c35-ba56-1142ccebeba0___Mary_HL 9230.JPG,aee0c40fda3dd131,rejected
9ae3ddad91e66b22,2,9ae3ddad91e66b22,representative,,,1.0,color,raspberry___healthy,Raspberry___healthy/e1b5fa88-4c95-4845-a422-20c96d77b384___Mary_HL 9229.JPG,aee0c40fda3cd331,accepted
b2b5492d77306e5b,2,d682b3900101009f,near_duplicate,b2b5492d77306e5b,4.0,0.9375,color,raspberry___healthy,Raspberry___healthy/a37f34f7-022d-461a-8a3d-95f5cd774e35___Mary_HL 9155.JPG,faa5815e96789869,rejected
b2b5492d77306e5b,2,b2b5492d77306e5b,representative,,,1.0,color,soybean___healthy,Soybean___healthy/d7908cc7-6551-4892-be01-7dd4d4f7f7b2___RS_HL 3534.JPG,eaa5815e9f689869,accepted
7343bb1bbf1aaaf0,2,98a18788825db69e,near_duplicate,7343bb1bbf1aaaf0,4.0,0.9375,color,raspberry___healthy,Raspberry___healthy/b1291c35-66cd-4720-a9d3-c81ab4c87235___Mary_HL 6290.JPG,eabd9743984ae168,rejected
7343bb1bbf1aaaf0,2,7343bb1bbf1aaaf0,representative,,,1.0,color,soybean___healthy,Soybean___healthy/fe6bec2f-a83c-4635-accd-85537417a3e8___RS_HL 3945.JPG,ea3d87c3d84ae168,accepted
e6de83c48ab8553b,2,e6de83c48ab8553b,representative,,,1.0,color,raspberry___healthy,Raspberry___healthy/b3231913-b0e1-4209-8fcb-77d9855eced1___Mary_HL 6306.JPG,fa9f8750ca638564,accepted
e6de83c48ab8553b,2,2169727f7eca9527,near_duplicate,e6de83c48ab8553b,4.0,0.9375,color,soybean___healthy,Soybean___healthy/2f5e2a9a-399e-4dbe-917a-41d405cef14c___RS_HL 4330.JPG,fabd87528a638564,rejected
ca4edb35ff64288c,5,ca4edb35ff64288c,representative,,,1.0,color,raspberry___healthy,Raspberry___healthy/c73d5925-2835-49f3-8c62-8cc37f608ad0___Mary_HL 6313.JPG,eee4841ed839c179,accepted
ca4edb35ff64288c,5,08ffd192f2a3257f,near_duplicate,ca4edb35ff64288c,4.0,0.9375,color,soybean___healthy,Soybean___healthy/1f15bd54-6576-4521-98f6-a12b8bd1c4e6___RS_HL 4585.JPG,eec4941ed839c939,rejected
ca4edb35ff64288c,5,acdcc4869bf55288,near_duplicate,ca4edb35ff64288c,10.0,0.84375,color,soybean___healthy,Soybean___healthy/286327e5-7bd0-4e6d-9fec-7a39861a3821___RS_HL 4578.JPG,eee4940e9a3cd929,rejected
ca4edb35ff64288c,5,439a32bcbd1d436b,near_duplicate,ca4edb35ff64288c,8.0,0.875,color,soybean___healthy,Soybean___healthy/aa41bf8a-dd9d-42bb-ae62-fff4c02523dc___RS_HL 7306.JPG,eec4941e9a38d939,rejected
ca4edb35ff64288c,5,62ea742b35d770d3,near_duplicate,ca4edb35ff64288c,8.0,0.875,color,soybean___healthy,Soybean___healthy/cb14875a-e0a9-48e1-9747-0d35b4ddcad8___RS_HL 7304.JPG,eee4941e9a389939,rejected
b0d8c181525e3446,3,4a305b69c3cfd717,near_duplicate,b0d8c181525e3446,6.0,0.90625,color,raspberry___healthy,Raspberry___healthy/e0466bdf-6da6-4dbe-8558-9fa04e13f319___Mary_HL 9284.JPG,ba95c05a8f688d67,rejected
b0d8c181525e3446,3,1da0a9814705b55e,near_duplicate,b0d8c181525e3446,4.0,0.9375,color,soybean___healthy,Soybean___healthy/6a37877c-41bf-4f7a-9e3d-f882d9b7bf62___RS_HL 4537.JPG,ba95c05a8b698d67,rejected
b0d8c181525e3446,3,b0d8c181525e3446,representative,,,1.0,color,soybean___healthy,Soybean___healthy/ba914ac9-2408-4836-acf8-71045474609c___RS_HL 5152.JPG,fa9dc0588b698c67,accepted
e720df297256c791,2,37d9f2208dc589aa,near_duplicate,e720df297256c791,4.0,0.9375,color,raspberry___healthy,Raspberry___healthy/e340b2c7-6658-482f-b424-25ef4ae877a3___Mary_HL 9242.JPG,ecc4961eda39c932,rejected
e720df297256c791,2,e720df297256c791,representative,,,1.0,color,soybean___healthy,Soybean___healthy/f9198ceb-ffc3-4317-85ce-42ad400d3a10___RS_HL 5368.JPG,ecc4970ed839c933,accepted
f3e1e07c2edb58db,2,771372c50bf11b74,near_duplicate,f3e1e07c2edb58db,4.0,0.9375,color,raspberry___healthy,Raspberry___healthy/f900ec33-0b1d-4f4e-b38f-fdd9f34a2a5e___Mary_HL 6250.JPG,ff978152cb61c462,rejected
f3e1e07c2edb58db,2,f3e1e07c2edb58db,representative,,,1.0,color,soybean___healthy,Soybean___healthy/e7bf17d2-fff8-4ac0-aeed-6226e03d26df___RS_HL 4444.JPG,ff97815a8b698462,accepted
c8d83d445c822d7d,2,8314dffa60456e19,near_duplicate,c8d83d445c822d7d,4.0,0.9375,color,raspberry___healthy,Raspberry___healthy/f9a17672-1988-4d21-be88-a47880d56e44___Mary_HL 6365.JPG,aa95815acf61f466,rejected
c8d83d445c822d7d,2,c8d83d445c822d7d,representative,,,1.0,color,soybean___healthy,Soybean___healthy/1b92986a-c2f5-4394-9d4d-9f240b4dbec4___RS_HL 4922.JPG,ba95915acf619466,accepted
bd0a7356b333fd7a,3,a163931d6589764e,near_duplicate,bd0a7356b333fd7a,4.0,0.9375,color,soybean___healthy,Soybean___healthy/0029bef1-201b-4dcc-9f84-d01dfc24785d___RS_HL 6484.JPG,ffe09003da1f885d,rejected
bd0a7356b333fd7a,3,bd0a7356b333fd7a,representative,,,1.0,color,soybean___healthy,Soybean___healthy/090ce827-c5bb-4353-ae69-3d1a2c9c0814___RS_HL 6470.JPG,ffe09007da1f886c,accepted
bd0a7356b333fd7a,3,6d57faaf6dbe2b56,near_duplicate,bd0a7356b333fd7a,6.0,0.90625,color,soybean___healthy,Soybean___healthy/b6dd3896-b46d-46cd-a89b-8d015dc3c38e___RS_HL 6483.JPG,ffe0f003da1f881c,rejected
25658419eb4a3fdf,4,9216ae95d93ddf38,near_duplicate,25658419eb4a3fdf,4.0,0.9375,color,soybean___healthy,Soybean___healthy/021fd775-de0f-4583-ade1-ebfe61f2ae6f___RS_HL 6075.JPG,ff40e007857e9678,rejected
25658419eb4a3fdf,4,a1e41dc08c7af9e5,near_duplicate,25658419eb4a3fdf,4.0,0.9375,color,soybean___healthy,Soybean___healthy/9c8de7b9-7618-4274-8f0f-3efd16984267___RS_HL 6803.JPG,efe4e015853e9478,rejected
25658419eb4a3fdf,4,ce63b0845bfb7ed4,near_duplicate,25658419eb4a3fdf,6.0,0.90625,color,soybean___healthy,Soybean___healthy/f563dc05-1779-4cc5-8778-be6840989ae6___RS_HL 6076.JPG,ff64e007857c9670,rejected
25658419eb4a3fdf,4,25658419eb4a3fdf,representative,,,1.0,color,soybean___healthy,Soybean___healthy/f7800cef-542e-4c6d-8c69-78fb88ccc276___RS_HL 6417.JPG,efe0e007857e9478,accepted
dc4e4b17731c0bc7,2,dc4e4b17731c0bc7,representative,,,1.0,color,soybean___healthy,Soybean___healthy/029201ad-36b4-41ad-ba0e-2a4b1c8f79ad___RS_HL 4814.JPG,afc4d00f9b389971,accepted
dc4e4b17731c0bc7,2,79c4d0dfc7264388,near_duplicate,dc4e4b17731c0bc7,4.0,0.9375,color,soybean___healthy,Soybean___healthy/68852af6-4946-48a4-a9d2-4875ffc22698___RS_HL 4797.JPG,adc4c01f9b389b71,rejected
bea67e8d0baa6937,3,158f54a68afdeb70,near_duplicate,bea67e8d0baa6937,6.0,0.90625,color,soybean___healthy,Soybean___healthy/03215c62-cd81-4e62-8934-a210550c085b___RS_HL 4468.JPG,af97c068cd61b472,rejected
bea67e8d0baa6937,3,6dca5f37bdba595f,near_duplicate,bea67e8d0baa6937,4.0,0.9375,color,soybean___healthy,Soybean___healthy/33593194-35ad-45d1-bc89-d56a6b1151b1___RS_HL 3896.JPG,af9fc068cc65b072,rejected
bea67e8d0baa6937,3,bea67e8d0baa6937,representative,,,1.0,color,soybean___healthy,Soybean___healthy/756244a1-64a2-4ced-a034-921fc52a9d4e___RS_HL 4411.JPG,bf17c068cc65b07a,accepted
4ee0e68cfb4fa130,12,c9f69e229c384b65,near_duplicate,4ee0e68cfb4fa130,8.0,0.875,color,soybean___healthy,Soybean___healthy/03708cf0-36e2-4c92-9ec9-2972f121bc0d___RS_HL 6193.JPG,ffc0e00f8f3c9530,rejected
4ee0e68cfb4fa130,12,00f45287ec663898,near_duplicate,4ee0e68cfb4fa130,4.0,0.9375,color,soybean___healthy,Soybean___healthy/20e8780c-1dac-426b-aa9d-e2e4621ef7a4___RS_HL 6081.JPG,ff40e00f8d3cd538,rejected
4ee0e68cfb4fa130,12,3c3b2d144ed10978,near_duplicate,4ee0e68cfb4fa130,4.0,0.9375,color,soybean___healthy,Soybean___healthy/2b121805-4951-450d-8dc7-73743c930b72___RS_HL 5640.JPG,bfc0e00f853dc678,rejected
4ee0e68cfb4fa130,12,a63d66d3873d7f63,near_duplicate,4ee0e68cfb4fa130,8.0,0.875,color,soybean___healthy,Soybean___healthy/373688e6-43b8-4a6e-96b8-9be77cb8ed78___RS_HL 5735.JPG,ff40e81fc53c8538,rejected
4ee0e68cfb4fa130,12,4194570556b74683,near_duplicate,4ee0e68cfb4fa130,4.0,0.9375,color,soybean___healthy,Soybean___healthy/624a6b77-8c92-4c81-8634-aaac3e78d0ca___RS_HL 6082.JPG,ff40e80fc53cc478,rejected
4ee0e68cfb4fa130,12,2b6ade79143a3735,near_duplicate,4ee0e68cfb4fa130,6.0,0.90625,color,soybean___healthy,Soybean___healthy/6f057427-e1ca-431b-bc10-ba38ec6b2298___RS_HL 6011.JPG,ff40aa0f853c9578,rejected
4ee0e68cfb4fa130,12,4ee0e68cfb4fa130,representative,,,1.0,color,soybean___healthy,Soybean___healthy/8246ed25-470a-444a-baf8-31965822556b___RS_HL 5653.JPG,ff40e00f853dd478,accepted
4ee0e68cfb4fa130,12,7e097fd2b8b39ce6,near_duplicate,4ee0e68cfb4fa130,4.0,0.9375,color,soybean___healthy,Soybean___healthy/af9bfdcc-70a3-49c5-a493-741299638380___RS_HL 5654.JPG,ff40e80b853fd078,rejected
4ee0e68cfb4fa130,12,a62884cc18af1949,near_duplicate,4ee0e68cfb4fa130,8.0,0.875,color,soybean___healthy,Soybean___healthy/be618514-250f-4cea-817c-b0ec422a834e___RS_HL 5801.JPG,ff42a80dc53cc678,rejected
4ee0e68cfb4fa130,12,21d4cf41f96ccd9a,near_duplicate,4ee0e68cfb4fa130,8.0,0.875,color,soybean___healthy,Soybean___healthy/c3fc4f16-7001-4444-a452-64490cdc7e73___RS_HL 5803.JPG,ff42a80fc51cc678,rejected
4ee0e68cfb4fa130,12,f50bf3ef688e1d10,near_duplicate,4ee0e68cfb4fa130,8.0,0.875,color,soybean___healthy,Soybean___healthy/cb109153-a850-47c9-b063-6800fd0d5247___RS_HL 5723.JPG,ff41e80fc53c8570,rejected
4ee0e68cfb4fa130,12,9150f6a21d59e522,near_duplicate,4ee0e68cfb4fa130,8.0,0.875,color,soybean___healthy,Soybean___healthy/f4f20ba2-128e-439f-ba05-4b52b7657f73___RS_HL 6009.JPG,ff40ea0fc43c8578,rejected
55d440a2d0e2c5c0,4,2ae754555795f102,near_duplicate,55d440a2d0e2c5c0,10.0,0.84375,color,soybean___healthy,Soybean___healthy/0467c1f4-7ebc-4e94-8cd9-a250f3a40a9c___RS_HL 6173.JPG,ffb0a107c35a855c,rejected
55d440a2d0e2c5c0,4,c04f4f0f7d158e39,near_duplicate,55d440a2d0e2c5c0,4.0,0.9375,color,soybean___healthy,Soybean___healthy/58e625c0-3393-41b7-aedb-b9d46bb9e1f6___RS_HL 6976.JPG,ffb0a057c7da8448,rejected
55d440a2d0e2c5c0,4,8da3d3f117e10385,near_duplicate,55d440a2d0e2c5c0,6.0,0.90625,color,soybean___healthy,Soybean___healthy/70633174-1c06-49e9-b7b8-957043b2f261___RS_HL 6978.JPG,ffb0a017c3da8558,rejected
55d440a2d0e2c5c0,4,55d440a2d0e2c5c0,representative,,,1.0,color,soybean___healthy,Soybean___healthy/75a67bc1-dbab-41cf-a3b0-3229bc293f3a___RS_HL 6988.JPG,ffa0a057c6da8748,accepted
88a3479aaaf476a8,3,e86aa8d58eb090b6,near_duplicate,88a3479aaaf476a8,8.0,0.875,color,soybean___healthy,Soybean___healthy/04bc7e4f-8fea-40cd-a4d3-4c83c823c526___RS_HL 6072.JPG,beb5f052c14b854d,rejected
88a3479aaaf476a8,3,184ba78dc14e3293,near_duplicate,88a3479aaaf476a8,4.0,0.9375,color,soybean___healthy,Soybean___healthy/6099a20b-61bc-40c6-9f74-9d64ee57f24a___RS_HL 6070.JPG,ae35f152c14b856d,rejected
88a3479aaaf476a8,3,88a3479aaaf476a8,representative,,,1.0,color,soybean___healthy,Soybean___healthy/7d608768-bebf-485c-8123-6b221aa5c2fb___RS_HL 5844.JPG,ae31f152816b956d,accepted
6b929f502e713548,3,75b46d93e4778413,near_duplicate,6b929f502e713548,4.0,0.9375,color,soybean___healthy,Soybean___healthy/04f0e8b3-fedc-4b17-8655-b8ee371ad23f___RS_HL 2737.JPG,afe0850fd63cc8b2,rejected
6b929f502e713548,3,790bae5723665a5d,near_duplicate,6b929f502e713548,4.0,0.9375,color,soybean___healthy,Soybean___healthy/257f577f-b0e1-4890-a1ed-a2abcf94986c___RS_HL 4416.JPG,efe1850f963cd0b0,rejected
6b929f502e713548,3,6b929f502e713548,representative,,,1.0,color,soybean___healthy,Soybean___healthy/9285995f-5890-467a-bdd8-2142f329e45d___RS_HL 3623.JPG,ef60850fd63cd8b0,accepted
df73495339975d2d,3,2eb83153e8929258,near_duplicate,df73495339975d2d,4.0,0.9375,color,soybean___healthy,Soybean___healthy/05daad89-038d-4766-bbfd-0f74afb0147a___RS_HL 6317.JPG,ffa0e017c61e8978,rejected
df73495339975d2d,3,df73495339975d2d,representative,,,1.0,color,soybean___healthy,Soybean___healthy/2bf1a7ed-f82a-4906-a2a7-4b8d6e813300___RS_HL 6319.JPG,ffa4e017ce1a8938,accepted
df73495339975d2d,3,570f4fa897743a7f,near_duplicate,df73495339975d2d,4.0,0.9375,color,soybean___healthy,Soybean___healthy/fde813a6-fdf0-4cdd-935a-02a7fe012d51___RS_HL 6307.JPG,ffa4e017c41a8b78,rejected
1582519c659f51b3,15,e58bcd258f386d1c,near_duplicate,1582519c659f51b3,6.0,0.90625,color,soybean___healthy,Soybean___healthy/05ef443c-075a-4f36-aa2a-02de3dece6d0___RS_HL 6739.JPG,ffe4f0078e1e9038,rejected
1582519c659f51b3,15,ae9b39555c873d45,near_duplicate,1582519c659f51b3,4.0,0.9375,color,soybean___healthy,Soybean___healthy/0c7ebfd3-94e6-4c52-aeec-6eb4b73d4372___RS_HL 6306.JPG,ffe4e017c61ad038,rejected
1582519c659f51b3,15,766d7fe41b986963,near_duplicate,1582519c659f51b3,4.0,0.9375,color,soybean___healthy,Soybean___healthy/1d498862-7123-485e-aa6e-392f08232f6d___RS_HL 6738.JPG,ffe4e0178e1e9118,rejected
1582519c659f51b3,15,a1ca30a667b282bb,near_duplicate,1582519c659f51b3,8.0,0.875,color,soybean___healthy,Soybean___healthy/25ef6860-988f-4e28-b8ac-36af868c3c2f___RS_HL 6411.JPG,ffe6e007961ed018,rejected
1582519c659f51b3,15,1582519c659f51b3,representative,,,1.0,color,soybean___healthy,Soybean___healthy/3bc5eed9-18c5-4fd0-96a8-3a4f1378baaf___RS_HL 5986.JPG,ffe4e0178c1ad138,accepted
1582519c659f51b3,15,a830a1cdd49f445c,near_duplicate,1582519c659f51b3,12.0,0.8125,color,soybean___healthy,Soybean___healthy/4eef5fd1-3730-4607-a018-9b43d17a047f___RS_HL 6403.JPG,ffe0a007961ed85a,rejected
1582519c659f51b3,15,ba5a31016b34663c,near_duplicate,1582519c659f51b3,12.0,0.8125,color,soybean___healthy,Soybean___healthy/5033bd54-d6cc-4317-84e9-a3427df41d1e___RS_HL 6205.JPG,ffe2a007961ed81c,rejected
1582519c659f51b3,15,8a6150ec318482d4,near_duplicate,1582519c659f51b3,12.0,0.8125,color,soybean___healthy,Soybean___healthy/5c30906a-78f8-4b20-95c5-8cd67b1f9227___RS_HL 6100.JPG,ffe0f007961ec81a,rejected
1582519c659f51b3,15,cd95081306b91253,near_duplicate,1582519c659f51b3,10.0,0.84375,color,soybean___healthy,Soybean___healthy/5d91670d-1d98-4bc0-953f-0cc93332b1e2___RS_HL 5987.JPG,ffe0f007ca1e9838,rejected
1582519c659f51b3,15,59aa8d460544d732,near_duplicate,1582519c659f51b3,12.0,0.8125,color,soybean___healthy,Soybean___healthy/c1585706-72f3-4fbd-ad20-99cbabb395b4___RS_HL 6482.JPG,ffe0f007da1e8078,rejected
1582519c659f51b3,15,f8c89b53f07ae2d7,near_duplicate,1582519c659f51b3,14.0,0.78125,color,soybean___healthy,Soybean___healthy/d3262cd0-7223-414b-b608-1507848973e0___RS_HL 6401.JPG,fef0a407961ed81a,rejected
1582519c659f51b3,15,3a26076e7b0c0f3d,near_duplicate,1582519c659f51b3,8.0,0.875,color,soybean___healthy,Soybean___healthy/e1cce563-0ddc-4af6-9556-e3beb4d6a065___RS_HL 6412.JPG,ffe0f007961ed038,rejected
1582519c659f51b3,15,b0f5c1c2cc75c4b4,near_duplicate,1582519c659f51b3,14.0,0.78125,color,soybean___healthy,Soybean___healthy/f2713b50-20b8-4b75-ab5d-1c1810277f5b___RS_HL 6156.JPG,ffe0a507961ed80a,rejected
1582519c659f51b3,15,f8cb4c365d15560d,near_duplicate,1582519c659f51b3,10.0,0.84375,color,soybean___healthy,Soybean___healthy/fa660cac-3b37-46ed-8be1-8453776d0567___RS_HL 6653.JPG,ffe0e007da1ec168,rejected
1582519c659f51b3,15,ddf41a5ce8431c73,near_duplicate,1582519c659f51b3,8.0,0.875,color,tomato___bacterial_spot,Tomato___Bacterial_spot/ea5451fc-7d10-4a88-8193-cbbdb1f8f748___GCREC_Bact.Sp 3785.JPG,ffe2e087941ed038,rejected
72ccebe533a2bd2a,2,72ccebe533a2bd2a,representative,,,1.0,color,soybean___healthy,Soybean___healthy/072b7b04-b66e-44ee-b141-481916ab425e___RS_HL 7226.JPG,ebc5a11e95789263,accepted
72ccebe533a2bd2a,2,9fa4823a08532a1b,near_duplicate,72ccebe533a2bd2a,4.0,0.9375,color,soybean___healthy,Soybean___healthy/be38b988-c458-4508-8bcf-cb394fb87de8___RS_HL 5596 1.JPG,ebc5a10f95789661,rejected
c9b7a4025b683dad,5,c9b7a4025b683dad,representative,,,1.0,color,soybean___healthy,Soybean___healthy/07d1b819-a197-4ef5-8174-0057630d4bd5___RS_HL 4747.JPG,fab5c05a8f6a8564,accepted
c9b7a4025b683dad,5,bf743fa73df8d716,near_duplicate,c9b7a4025b683dad,4.0,0.9375,color,soybean___healthy,Soybean___healthy/5913c19a-1c53-4db8-a4bc-47bb13053965___RS_HL 4733.JPG,bab5805a8f6b8566,rejected
c9b7a4025b683dad,5,f1228fda08e23de8,near_duplicate,c9b7a4025b683dad,4.0,0.9375,color,soybean___healthy,Soybean___healthy/95bf2338-1340-47c0-8327-458953933f89___RS_HL 7211.JPG,bab5c05a8f6a9d60,rejected
c9b7a4025b683dad,5,78a2248c538a0090,near_duplicate,c9b7a4025b683dad,6.0,0.90625,color,soybean___healthy,Soybean___healthy/deb95aac-013f-4af2-9152-010e715d316f___RS_HL 3884.JPG,fab5815a8b698566,rejected
c9b7a4025b683dad,5,13a165be65774327,near_duplicate,c9b7a4025b683dad,6.0,0.90625,color,soybean___healthy,Soybean___healthy/ff2ade9c-df85-416f-8dc7-04da52421c08___RS_HL 5417.JPG,fab5c0528b699566,rejected
2ef69ff10184ce77,2,2ef69ff10184ce77,representative,,,1.0,color,soybean___healthy,Soybean___healthy/07f68531-3686-48e7-a5de-fbed0fb8b455___RS_HL 5009.JPG,ff3f80e056c160cb,accepted
2ef69ff10184ce77,2,9a9e11a9abe57c7b,near_duplicate,2ef69ff10184ce77,4.0,0.9375,color,soybean___healthy,Soybean___healthy/13ef4aef-d469-47f5-9a10-60f273c8c6c8___RS_HL 2794.JPG,ff3f80e055c1e0ca,rejected
547763b7c6220553,3,b3bbe918f3518db0,near_duplicate,547763b7c6220553,4.0,0.9375,color,soybean___healthy,Soybean___healthy/08e8d2fa-6aff-4a9d-bdcc-b3c73682ed6a___RS_HL 4672.JPG,be1f9058c768c665,rejected
547763b7c6220553,3,547763b7c6220553,representative,,,1.0,color,soybean___healthy,Soybean___healthy/0f51e99c-4383-4ad4-a366-85b5e1be7248___RS_HL 3723.JPG,be9f9058c268c765,accepted
547763b7c6220553,3,20c6e9dbbbc26579,near_duplicate,547763b7c6220553,4.0,0.9375,color,soybean___healthy,Soybean___healthy/79cce201-bba4-4a09-81e7-d6b4070c934e___RS_HL 4674.JPG,be9d9058c269cf25,rejected
58c8bdd564c406d2,2,58c8bdd564c406d2,representative,,,1.0,color,soybean___healthy,Soybean___healthy/094fb261-aad7-43d8-8d04-77ed9cad2c94___RS_HL 3294.JPG,ef4ad01fd830c1b3,accepted
58c8bdd564c406d2,2,aee728e8e4b903ab,near_duplicate,58c8bdd564c406d2,4.0,0.9375,color,soybean___healthy,Soybean___healthy/606a802f-0342-4889-a12f-09896ed38c7d___RS_HL 3160.JPG,ff42d21fd830c133,rejected
290cb88375fa6f43,12,290cb88375fa6f43,representative,,,1.0,color,soybean___healthy,Soybean___healthy/0a2fc5a4-8365-4954-8574-3d4d55de48ba___RS_HL 4003.JPG,fab181528f689d65,accepted
290cb88375fa6f43,12,8b7a6ccb5d2f7545,near_duplicate,290cb88375fa6f43,4.0,0.9375,color,soybean___healthy,Soybean___healthy/1ba63a9d-673b-47f1-8440-a03fa8bd2332___RS_HL 4501.JPG,fab1c15a8f689c64,rejected
290cb88375fa6f43,12,520549c32da8f075,near_duplicate,290cb88375fa6f43,10.0,0.84375,color,soybean___healthy,Soybean___healthy/29d2c993-433e-4a82-8116-900e129b7bd1___RS_HL 3050.JPG,faa5c05a8f699c49,rejected
290cb88375fa6f43,12,ebdaccf5e0a1b4a7,near_duplicate,290cb88375fa6f43,12.0,0.8125,color,soybean___healthy,Soybean___healthy/2d011336-97ff-4a75-ad31-f7ed3591eb61___RS_HL 4503.JPG,fb91c14e8d6c9c62,rejected
290cb88375fa6f43,12,e441d5cf5d0321c1,near_duplicate,290cb88375fa6f43,8.0,0.875,color,soybean___healthy,Soybean___healthy/4899b1af-5a75-4ce5-925c-2df637cac1f1___RS_HL 3006.JPG,feb1c05a8b689d68,rejected
290cb88375fa6f43,12,afb90df9e4bfbfc3,near_duplicate,290cb88375fa6f43,4.0,0.9375,color,soybean___healthy,Soybean___healthy/779e834c-7c2e-4815-b8d4-55ff2889c395___RS_HL 5283.JPG,f8b1815a8f689c67,rejected
290cb88375fa6f43,12,2a04834077da13c5,near_duplicate,290cb88375fa6f43,6.0,0.90625,color,soybean___healthy,Soybean___healthy/8d1ba553-daa1-4568-9e4f-01fc303c4015___RS_HL 4617.JPG,eab5c15a8f689c61,rejected
290cb88375fa6f43,12,efca8e20c59d39a1,near_duplicate,290cb88375fa6f43,8.0,0.875,color,soybean___healthy,Soybean___healthy/a2cc5487-faa8-4849-9e18-3c3bed7cf779___RS_HL 2962.JPG,fab5c15a8d689c49,rejected
290cb88375fa6f43,12,d4c57743d543ffc5,near_duplicate,290cb88375fa6f43,6.0,0.90625,color,soybean___healthy,Soybean___healthy/c3b0b862-94be-4e41-b018-103ebd22e1c9___RS_HL 5064.JPG,f891835a8f6a9c65,rejected
290cb88375fa6f43,12,1eaef33134e5ae1b,near_duplicate,290cb88375fa6f43,8.0,0.875,color,soybean___healthy,Soybean___healthy/cd0b98c6-9aa7-4b94-bd4a-e6fd59db346e___RS_HL 4511.JPG,fa91c14a8f6c9c66,rejected
290cb88375fa6f43,12,db8adcea838642d0,near_duplicate,290cb88375fa6f43,8.0,0.875,color,tomato___bacterial_spot,Tomato___Bacterial_spot/55dae2a7-f763-4fc0-be79-d658090aab1d___GCREC_Bact.Sp 5698.JPG,fab4c15a8fe09c64,rejected
290cb88375fa6f43,12,7e5835fb14c596d2,near_duplicate,290cb88375fa6f43,8.0,0.875,color,tomato___septoria_leaf_spot,Tomato___Septoria_leaf_spot/f8f528ee-f9c3-47cb-b67f-a9265d86d9d1___Matt.S_CG 1446.JPG,eeb1c05a8f689c6c,rejected
67753cdce5fc1597,2,5bcf271ac5288116,near_duplicate,67753cdce5fc1597,2.0,0.96875,color,soybean___healthy,Soybean___healthy/0a78db40-b53d-4d33-90fd-c26323f77258___RS_HL 5081.JPG,eaca973893378e24,rejected
67753cdce5fc1597,2,67753cdce5fc1597,representative,,,1.0,color,soybean___healthy,Soybean___healthy/f6e67c9d-cbeb-4d55-a2ef-64479e7dec65___RS_HL 4604.JPG,eaca973897378624,accepted
879da3a5f3765057,3,9bf2392a677ff2ee,near_duplicate,879da3a5f3765057,6.0,0.90625,color,soybean___healthy,Soybean___healthy/0a802bf3-4175-415e-86f7-71f825d927e8___RS_HL 4574.JPG,fa9d8742cf658462,rejected
879da3a5f3765057,3,879da3a5f3765057,representative,,,1.0,color,soybean___healthy,Soybean___healthy/ce0aa2a1-34b5-47ed-8928-aef3f76b9971___RS_HL 3649.JPG,fa9d855acb61a462,accepted
879da3a5f3765057,3,cc794a212523548c,near_duplicate,879da3a5f3765057,4.0,0.9375,color,soybean___healthy,Soybean___healthy/d176a290-f657-4ea4-850f-fea38d42d01d___RS_HL 4248.JPG,f89d875acf618462,rejected
b9891d792c5a3e2e,2,b9891d792c5a3e2e,representative,,,1.0,color,soybean___healthy,Soybean___healthy/0a8f073a-78c9-46d9-909e-7e668f888156___RS_HL 5836.JPG,fbe6e097825e8c18,accepted
b9891d792c5a3e2e,2,d60487a00179c5b3,near_duplicate,b9891d792c5a3e2e,4.0,0.9375,color,soybean___healthy,Soybean___healthy/281c1a62-b78e-4a16-9a04-876f9e3f5736___RS_HL 5838.JPG,fba6e097835e8d08,rejected
0f06bb77aba58b22,2,0f06bb77aba58b22,representative,,,1.0,color,soybean___healthy,Soybean___healthy/0ace9851-e45a-4cca-a565-bcd9e901732f___RS_HL 5573.JPG,fbb2e0e187069e8c,accepted
0f06bb77aba58b22,2,5b3a667d6986a349,near_duplicate,0f06bb77aba58b22,4.0,0.9375,color,soybean___healthy,Soybean___healthy/f47feb83-da09-4f5a-b2a1-82b40b244879___RS_HL 5571.JPG,fbb8e0e1870e9e88,rejected
5e01efd95619909c,3,275cdc8f78c9e77b,near_duplicate,5e01efd95619909c,8.0,0.875,color,soybean___healthy,Soybean___healthy/0aebda94-897e-4356-b3d1-71daca64ffe4___RS_HL 4895.JPG,ab95c05ac768d473,rejected
5e01efd95619909c,3,5e01efd95619909c,representative,,,1.0,color,soybean___healthy,Soybean___healthy/0b6ed97a-5668-4d9d-a40b-ed8029bc2492___RS_HL 5021.JPG,ab95c06ac570967b,accepted
5e01efd95619909c,3,f8a4aafd3ba16876,near_duplicate,5e01efd95619909c,4.0,0.9375,color,soybean___healthy,Soybean___healthy/ce37401f-8cb8-4eb6-b903-a9e166915ad2___RS_HL 5344.JPG,ab95c07ac560d673,rejected
6ca204b8e1c852c0,2,6ca204b8e1c852c0,representative,,,1.0,color,soybean___healthy,Soybean___healthy/0dc23335-5634-4644-85bc-eab21917a61f___RS_HL 5552.JPG,efe1e0858d1eb05a,accepted
6ca204b8e1c852c0,2,fa4fc7d8f38607b0,near_duplicate,6ca204b8e1c852c0,4.0,0.9375,color,soybean___healthy,Soybean___healthy/9889ca51-72a8-430f-8341-6fe433f77885___RS_HL 5554.JPG,efe1e0878d5e9058,rejected
5170b1161dab5931,3,2f1b600df8f960dc,near_duplicate,5170b1161dab5931,4.0,0.9375,color,soybean___healthy,Soybean___healthy/0e13f0ee-3fe9-47ae-92cb-12605c1b593b___RS_HL 4978.JPG,ebcac01f923c9336,rejected
5170b1161dab5931,3,5170b1161dab5931,representative,,,1.0,color,soybean___healthy,Soybean___healthy/49927895-f02b-467a-871f-48497291c25a___RS_HL 5422.JPG,ebcac41f92389374,accepted
5170b1161dab5931,3,e59a54640924bc87,near_duplicate,5170b1161dab5931,6.0,0.90625,color,soybean___healthy,Soybean___healthy/d3fb1cb4-e26b-490d-bcd8-696f9626238f___RS_HL 4030.JPG,ebcac21f92329336,rejected
511a589c6e491302,2,ff1b5ef60c9c524f,near_duplicate,511a589c6e491302,4.0,0.9375,color,soybean___healthy,Soybean___healthy/0ec04b20-0920-4d0d-aaae-aca0478fcd2e___RS_HL 5364.JPG,fbe8c11794789171,rejected
511a589c6e491302,2,511a589c6e491302,representative,,,1.0,color,tomato___late_blight,Tomato___Late_blight/82090f30-20fa-4c5e-9bcc-9cfe7d64b56a___RS_Late.B 5395.JPG,fac8c1179d789171,accepted
91b50488b0e04eb5,2,5245a0d55223f242,near_duplicate,91b50488b0e04eb5,4.0,0.9375,color,soybean___healthy,Soybean___healthy/0f4a4e05-6421-4976-aefc-b10d65a816a7___RS_HL 3272.JPG,ba1f8168cc65f0e6,rejected
91b50488b0e04eb5,2,91b50488b0e04eb5,representative,,,1.0,color,soybean___healthy,Soybean___healthy/c34982c5-f96c-4029-9f2d-fb31838e11fa___RS_HL 4649.JPG,be1f8160cd65b0e6,accepted
c332e656047cf9c4,2,25dd70d1d78d3781,near_duplicate,c332e656047cf9c4,4.0,0.9375,color,soybean___healthy,Soybean___healthy/109651a0-735a-4653-b49c-a81052999874___RS_HL 6334.JPG,aab1b740d82fd84d,rejected
c332e656047cf9c4,2,c332e656047cf9c4,representative,,,1.0,color,soybean___healthy,Soybean___healthy/a64c3a9d-bee8-4e07-adea-a37fa0c4f5c5___RS_HL 6333.JPG,aab1b740d80fd81f,accepted
1f3139f02be1b2e8,3,bbbc04711efd4cc7,near_duplicate,1f3139f02be1b2e8,4.0,0.9375,color,soybean___healthy,Soybean___healthy/11f78f5c-2acc-406f-a6d5-18059c551eda___RS_HL 4849.JPG,bf90d04bc3698f64,rejected
1f3139f02be1b2e8,3,f0df22d916c0ea75,near_duplicate,1f3139f02be1b2e8,6.0,0.90625,color,soybean___healthy,Soybean___healthy/80df8644-c587-46b5-804e-1351ba279383___RS_HL 6851.JPG,bbb0d05bc3298f64,rejected
1f3139f02be1b2e8,3,1f3139f02be1b2e8,representative,,,1.0,color,soybean___healthy,Soybean___healthy/fa51553a-4211-4ad7-bcef-36d2a2ebc407___RS_HL 4843.JPG,bf90f05ac3698f24,accepted
b1228d36adc465c7,3,c329908abbac8c7b,near_duplicate,b1228d36adc465c7,4.0,0.9375,color,soybean___healthy,Soybean___healthy/121015c2-b630-4112-8058-5b0d3302a560___RS_HL 6118.JPG,aab5f152834b856e,rejected
b1228d36adc465c7,3,7a4814a19c579828,near_duplicate,b1228d36adc465c7,8.0,0.875,color,soybean___healthy,Soybean___healthy/164731da-f00b-4b39-81fe-c62d77a90862___RS_HL 6015.JPG,aa95f452836b856e,rejected
b1228d36adc465c7,3,b1228d36adc465c7,representative,,,1.0,color,soybean___healthy,Soybean___healthy/d8f3a32e-fa16-4ee5-9fc9-926fcd11d727___RS_HL 6235.JPG,a8b5f152814f857e,accepted
25e7cd635f7ba977,4,2c7cd06cff00a819,near_duplicate,25e7cd635f7ba977,8.0,0.875,color,soybean___healthy,Soybean___healthy/122f7a58-ba31-4ecf-99fd-2a997bc296cc___RS_HL 5837.JPG,ffa6e097865a8c48,rejected
25e7cd635f7ba977,4,bd509f1357582b43,near_duplicate,25e7cd635f7ba977,4.0,0.9375,color,soybean___healthy,Soybean___healthy/60a8ede0-6a27-4f4d-85ad-25c6f0ba5b86___RS_HL 5672.JPG,ffa4e095865e8c58,rejected
25e7cd635f7ba977,4,e24a45d403b11840,near_duplicate,25e7cd635f7ba977,6.0,0.90625,color,soybean___healthy,Soybean___healthy/7b7fbe21-d3bf-4145-ba56-ddcd4b3d558d___RS_HL 6079.JPG,ffe4e005865e8c78,rejected
25e7cd635f7ba977,4,25e7cd635f7ba977,representative,,,1.0,color,soybean___healthy,Soybean___healthy/c0ecc123-52bd-4cbb-aa65-a832e97c3812___RS_HL 6544.JPG,ffa4e285875e8858,accepted
2956f80cf7c38319,2,7f674fce1c60b76e,near_duplicate,2956f80cf7c38319,4.0,0.9375,color,soybean___healthy,Soybean___healthy/1261f5a5-ee5e-4833-a8c2-bd744c6acd8c___RS_HL 6710.JPG,fbb0b152c30bc54d,rejected
2956f80cf7c38319,2,2956f80cf7c38319,representative,,,1.0,color,soybean___healthy,Soybean___healthy/f9a9d6c8-3493-4170-8959-c05a898d7eee___RS_HL 5648 1.JPG,fbb0b052c12bc56d,accepted
572f698967c1c316,2,a747411fe80f236f,near_duplicate,572f698967c1c316,4.0,0.9375,color,soybean___healthy,Soybean___healthy/12afcbbb-5975-47d5-9190-9710c7c84ff0___RS_HL 4887.JPG,fa1f8550dc61c8e5,rejected
572f698967c1c316,2,572f698967c1c316,representative,,,1.0,color,soybean___healthy,Soybean___healthy/64dc999c-535d-4ad9-b7db-2648037471ad___RS_HL 4963.JPG,fa9f8550c8e1c8e5,accepted
8b18aa5b8e481d74,2,8b18aa5b8e481d74,representative,,,1.0,color,soybean___healthy,Soybean___healthy/14524ad3-b360-4527-a0cd-1d07842ee919___RS_HL 6093.JPG,ff8ef01dc07cc320,accepted
8b18aa5b8e481d74,2,f6c80539dff4fd16,near_duplicate,8b18aa5b8e481d74,4.0,0.9375,color,soybean___healthy,Soybean___healthy/99763ea8-2e71-403a-95c3-f3ded1292568___RS_HL 6094.JPG,ff0eb01dc17ccb20,rejected
3b8b4df9d26a64b7,6,d3e18914e2003772,near_duplicate,3b8b4df9d26a64b7,6.0,0.90625,color,soybean___healthy,Soybean___healthy/15df4eb1-b310-4fc3-92d2-17eb147cfdc4___RS_HL 6356.JPG,fbe0b403d61fc03c,rejected
3b8b4df9d26a64b7,6,e3eca53895103a11,near_duplicate,3b8b4df9d26a64b7,8.0,0.875,color,soybean___healthy,Soybean___healthy/35130f90-6a75-45a1-880b-e19cff509206___RS_HL 6996.JPG,efe4e403d63e803c,rejected
3b8b4df9d26a64b7,6,3b8b4df9d26a64b7,representative,,,1.0,color,soybean___healthy,Soybean___healthy/662b2f0e-acdc-4fdb-90d5-1cce481d75ec___RS_HL 5337.JPG,ebe0a407d61ed03d,accepted
3b8b4df9d26a64b7,6,1a3f92ed3ac504f2,near_duplicate,3b8b4df9d26a64b7,4.0,0.9375,color,soybean___healthy,Soybean___healthy/aeeb787e-97c2-403a-941d-925e553909c8___RS_HL 6358.JPG,fbe0a407d63ec03c,rejected
3b8b4df9d26a64b7,6,86c4c291910a61a5,near_duplicate,3b8b4df9d26a64b7,6.0,0.90625,color,soybean___healthy,Soybean___healthy/b9718434-1c01-4624-8c23-3306cd0d5758___RS_HL 6357.JPG,fba0a407f61fc03c,rejected
3b8b4df9d26a64b7,6,2b7d430cdb161325,near_duplicate,3b8b4df9d26a64b7,4.0,0.9375,color,soybean___healthy,Soybean___healthy/cc2e666c-b640-4313-8caf-207d8b1a8e9d___RS_HL 6414.JPG,efe0e407d61e903c,rejected
705c9895a57147dd,2,c5867d539c0e6afc,near_duplicate,705c9895a57147dd,4.0,0.9375,color,soybean___healthy,Soybean___healthy/16d3980d-9ee6-41cd-adba-e7c3693e248a___RS_HL 4249.JPG,bf90d049cba50fc6,rejected
705c9895a57147dd,2,705c9895a57147dd,representative,,,1.0,color,soybean___healthy,Soybean___healthy/7837a732-fb16-4459-9970-7f3c1c085d92___RS_HL 3435.JPG,bf989049cbe50f46,accepted
e723cf756b401b88,3,6f8bdfe87cecb3e9,near_duplicate,e723cf756b401b88,4.0,0.9375,color,soybean___healthy,Soybean___healthy/1770ce1e-e269-48c7-b7eb-4e19ddd0ab55___RS_HL 3411.JPG,aa978548cce3f466,rejected
e723cf756b401b88,3,7ea5c909fa73d871,near_duplicate,e723cf756b401b88,4.0,0.9375,color,soybean___healthy,Soybean___healthy/5bf5e0ab-a1a7-4797-bd7e-5a9f43689613___RS_HL 4791.JPG,ba97c168cc63b076,rejected
e723cf756b401b88,3,e723cf756b401b88,representative,,,1.0,color,soybean___healthy,Soybean___healthy/619d6cdd-002a-45d3-ac20-e81598fb8310___RS_HL 5004.JPG,aa97c568cc63b466,accepted
7c132d8facf1e46d,2,7c132d8facf1e46d,representative,,,1.0,color,soybean___healthy,Soybean___healthy/17870c9a-eb34-473c-8cde-db71bc390d45___RS_HL 5863.JPG,efe4e007869ed838,accepted
7c132d8facf1e46d,2,60887ab7eb73383e,near_duplicate,7c132d8facf1e46d,2.0,0.96875,color,soybean___healthy,Soybean___healthy/6ba1e57b-eac5-4586-9961-990b7a2138b7___RS_HL 5865.JPG,efe4e007879e9838,rejected
401fe6412d2bcc3e,2,401fe6412d2bcc3e,representative,,,1.0,color,soybean___healthy,Soybean___healthy/1953d8b1-88ec-4bff-87af-70e9430b19c0___RS_HL 2816.JPG,afe0850fde9e9830,accepted
401fe6412d2bcc3e,2,1e02184f70491bdb,near_duplicate,401fe6412d2bcc3e,4.0,0.9375,color,soybean___healthy,Soybean___healthy/3c7309dc-3589-4f00-ae51-3e340b1018c7___RS_HL 2724.JPG,afe08507de9c9839,rejected
3be24de8a5edd8a5,2,091c0348d3ac8cb6,near_duplicate,3be24de8a5edd8a5,4.0,0.9375,color,soybean___healthy,Soybean___healthy/19a0c6fd-4beb-4000-ace1-b1f17cf61c24___RS_HL 6438.JPG,ffe0e007875d8a1c,rejected
3be24de8a5edd8a5,2,3be24de8a5edd8a5,representative,,,1.0,color,soybean___healthy,Soybean___healthy/af761713-9092-46a3-8335-0b6dcf49b8b1___RS_HL 6455.JPG,ffe8e007855f821c,accepted
a6858bfde5903e60,2,a6858bfde5903e60,representative,,,1.0,color,soybean___healthy,Soybean___healthy/1a8ac70a-9677-40cb-a59c-cebfa116bb9a___RS_HL 6725.JPG,fbe0a057c61e9638,accepted
a6858bfde5903e60,2,490412f2c0e6fb10,near_duplicate,a6858bfde5903e60,4.0,0.9375,color,soybean___healthy,Soybean___healthy/228550a8-b0bd-412b-800a-7ec9a742d2a8___RS_HL 6727.JPG,fbe0a057c62a9639,rejected
737ccc44c9230c19,2,737ccc44c9230c19,representative,,,1.0,color,soybean___healthy,Soybean___healthy/1ac05df6-a101-40df-a0c2-3bac86c3d481___RS_HL 3822.JPG,eacac09f973c9630,accepted
737ccc44c9230c19,2,82249e9a78120085,near_duplicate,737ccc44c9230c19,4.0,0.9375,color,soybean___healthy,Soybean___healthy/56778478-41a1-41d3-8fff-828c5055b0dd___RS_HL 5680 1.JPG,eacac08b973cb6b0,rejected
d4570b481ba8d92a,5,e7b9aee0aae3c148,near_duplicate,d4570b481ba8d92a,8.0,0.875,color,soybean___healthy,Soybean___healthy/1af59d6d-d080-4f1e-8550-387686e9af18___RS_HL 3544.JPG,ff9781d0ca60cc65,rejected
d4570b481ba8d92a,5,30552d92b716702b,near_duplicate,d4570b481ba8d92a,4.0,0.9375,color,soybean___healthy,Soybean___healthy/48e98191-aac8-4643-bfb2-30f53cef904c___RS_HL 4659.JPG,ff9f8150ca608c67,rejected
d4570b481ba8d92a,5,d4570b481ba8d92a,representative,,,1.0,color,soybean___healthy,Soybean___healthy/82421f46-727e-432c-a07f-59f965ff069d___RS_HL 4355.JPG,fe9f8550ca618c66,accepted
d4570b481ba8d92a,5,59956a611ed5bf6e,near_duplicate,d4570b481ba8d92a,8.0,0.875,color,soybean___healthy,Soybean___healthy/c088c7bb-f6e1-4a65-818c-5e0f04e2094d___RS_HL 4540.JPG,ff1fc054ca608c67,rejected
d4570b481ba8d92a,5,cfe7985f7acd6aae,near_duplicate,d4570b481ba8d92a,8.0,0.875,color,soybean___healthy,Soybean___healthy/d9dd6972-a327-448f-8ca8-ea1beedd1a59___RS_HL 5305.JPG,ff9f8150ce60a463,rejected
f4453922eae0ca27,3,f4453922eae0ca27,representative,,,1.0,color,soybean___healthy,Soybean___healthy/1b914c92-6b79-45b2-85a7-5c76fe71f996___RS_HL 4980.JPG,eacb811f97389227,accepted
f4453922eae0ca27,3,43c88a3f26714d4a,near_duplicate,f4453922eae0ca27,4.0,0.9375,color,soybean___healthy,Soybean___healthy/8c583f4e-75d5-43d1-be0c-70d4d4c4aa06___RS_HL 4571.JPG,eacb811f95709627,rejected
f4453922eae0ca27,3,8080c0f539697f0f,near_duplicate,f4453922eae0ca27,8.0,0.875,color,soybean___healthy,Soybean___healthy/a313b5a4-e068-48c9-a7af-b7d8f4916907___RS_HL 3892.JPG,eac9811f95709763,rejected
32e07ef1f676e9eb,2,32e07ef1f676e9eb,representative,,,1.0,color,soybean___healthy,Soybean___healthy/1b9ba38d-fb00-4955-a67e-c51abfaad351___RS_HL 7046.JPG,ffe0b057934a892c,accepted
32e07ef1f676e9eb,2,a4ca46c5e36f9355,near_duplicate,32e07ef1f676e9eb,4.0,0.9375,color,soybean___healthy,Soybean___healthy/fefe0107-8a85-4995-96d2-2491798ae472___RS_HL 7058.JPG,ffa0b0579b4ac928,rejected
94c72499fecaf148,3,10ab3e8ef0887e8f,near_duplicate,94c72499fecaf148,4.0,0.9375,color,soybean___healthy,Soybean___healthy/1d6e795c-c150-4ef2-91e5-fdd3d03057e5___RS_HL 3060.JPG,eac2c09f973d9035,rejected
94c72499fecaf148,3,94c72499fecaf148,representative,,,1.0,color,soybean___healthy,Soybean___healthy/60a7d584-8124-4d3b-abae-4de8f0a8d892___RS_HL 4275.JPG,eacac08f96bd9035,accepted
94c72499fecaf148,3,96744e9883563e4f,near_duplicate,94c72499fecaf148,4.0,0.9375,color,tomato___septoria_leaf_spot,Tomato___Septoria_leaf_spot/b5d40a39-bc7a-4818-a06b-5e97e819a24f___Matt.S_CG 7701.JPG,aadac48d96bd9035,rejected
70f9f92cece24262,2,bce0a9aaf084782c,near_duplicate,70f9f92cece24262,4.0,0.9375,color,soybean___healthy,Soybean___healthy/1d8e06d6-b1fd-481e-82c3-bf3762657779___RS_HL 6999.JPG,aab5e517867a9468,rejected
70f9f92cece24262,2,70f9f92cece24262,representative,,,1.0,color,soybean___healthy,Soybean___healthy/4037ecb4-ca1e-43d8-814a-3e2989e68ecc___RS_HL 6887.JPG,aab5e512867a9669,accepted
561be41892833668,5,eb2f3dd09f3eecdc,near_duplicate,561be41892833668,4.0,0.9375,color,soybean___healthy,Soybean___healthy/1e199749-f5f7-42b4-8ef3-ae4a46e7c911___RS_HL 7107.JPG,ffc0a507d45a903b,rejected
561be41892833668,5,561be41892833668,representative,,,1.0,color,soybean___healthy,Soybean___healthy/2f9d50a3-3120-4c2f-8087-1963229d6a84___RS_HL 7105.JPG,ffc0a10fd47a103b,accepted
561be41892833668,5,ee4e44677562cb4d,near_duplicate,561be41892833668,6.0,0.90625,color,soybean___healthy,Soybean___healthy/606f9fd1-c44f-4fc8-84e0-d7c09552b411___RS_HL 6792.JPG,ffe0a50fd41a9039,rejected
561be41892833668,5,433e200d5b06ea81,near_duplicate,561be41892833668,4.0,0.9375,color,soybean___healthy,Soybean___healthy/805d4089-9f3a-4c00-ad80-8deb8f50ac88___RS_HL 6793.JPG,ffc0a01f947a903b,rejected
561be41892833668,5,415bb25e44fbee74,near_duplicate,561be41892833668,10.0,0.84375,color,soybean___healthy,Soybean___healthy/cffefaaf-49bd-4750-a472-f797d6a98c57___RS_HL 7003.JPG,fbe0a48fd41a9839,rejected
fb427af7796b527a,2,fb427af7796b527a,representative,,,1.0,color,soybean___healthy,Soybean___healthy/1e393e44-a23d-4af0-9c42-7a62a5cc985f___RS_HL 6302.JPG,aab1d1428b4fd56c,accepted
fb427af7796b527a,2,58f96700d2ceab03,near_duplicate,fb427af7796b527a,4.0,0.9375,color,soybean___healthy,Soybean___healthy/e7d36e15-55ac-4557-b983-d911b18ccf57___RS_HL 6277.JPG,aab1f142c30fd56c,rejected
9bad42218626fe5b,2,9bad42218626fe5b,representative,,,1.0,color,soybean___healthy,Soybean___healthy/206b64a5-d47f-4ef9-ac4e-b9bf8932c075___RS_HL 5098.JPG,ebe0c50f9c3cd039,accepted
9bad42218626fe5b,2,e9d5766386538275,near_duplicate,9bad42218626fe5b,2.0,0.96875,color,soybean___healthy,Soybean___healthy/aec2578c-c81d-4ece-b2f5-293581a1c9da___RS_HL 3722.JPG,ebc1c50f9c3cd039,rejected
46fab67ebeb64287,2,46fab67ebeb64287,representative,,,1.0,color,soybean___healthy,Soybean___healthy/21337122-ec7b-4c27-aef1-c5537a0b2139___RS_HL 5280.JPG,efc5851e98389137,accepted
46fab67ebeb64287,2,f4d534aa79a18d6d,near_duplicate,46fab67ebeb64287,4.0,0.9375,color,soybean___healthy,Soybean___healthy/fb56b5f0-84c2-4ca0-bb05-c9dee7d96ca0___RS_HL 3236.JPG,efe1851ed8389133,rejected
57f24910ebedfec0,2,57f24910ebedfec0,representative,,,1.0,color,soybean___healthy,Soybean___healthy/213c117b-555e-4e89-a8f4-f4b71f5aa89a___RS_HL 3626.JPG,fe60a00fd73eca90,accepted
57f24910ebedfec0,2,921c858e1244b89a,near_duplicate,57f24910ebedfec0,4.0,0.9375,color,soybean___healthy,Soybean___healthy/d7ecd9d1-eb91-4567-90a1-617746cec736___RS_HL 3254.JPG,fe60a00fd33ecb30,rejected
6065ba17f3da3f13,2,6065ba17f3da3f13,representative,,,1.0,color,soybean___healthy,Soybean___healthy/227f5a10-4520-433f-83b8-cb23b7f29e59___RS_HL 6872.JPG,ffe0a0579b4a9829,accepted
6065ba17f3da3f13,2,a5799c488fd1944b,near_duplicate,6065ba17f3da3f13,4.0,0.9375,color,soybean___healthy,Soybean___healthy/cde9c3a8-740b-4dbd-ac45-2590e5cb6053___RS_HL 6688.JPG,ffe0a0579b4e980a,rejected
a50eafa23374fad4,4,30a6c102ef0dd195,near_duplicate,a50eafa23374fad4,4.0,0.9375,color,soybean___healthy,Soybean___healthy/22c1ece5-dd6b-4c05-8955-d7d5ab67eab6___RS_HL 5029.JPG,afc8d21fd930c133,rejected
a50eafa23374fad4,4,a50eafa23374fad4,representative,,,1.0,color,soybean___healthy,Soybean___healthy/4bb2941f-574c-415e-a180-4df0c9defe9b___RS_HL 3669.JPG,efc8d21f9832c133,accepted
a50eafa23374fad4,4,b35d6ec3852fa397,near_duplicate,a50eafa23374fad4,4.0,0.9375,color,soybean___healthy,Soybean___healthy/a8d6166c-6057-48cc-9c0d-9cc626d67700___RS_HL 3112.JPG,efc8921fd832c136,rejected
a50eafa23374fad4,4,acdba04e4202112d,near_duplicate,a50eafa23374fad4,4.0,0.9375,color,soybean___healthy,Soybean___healthy/d2c524a0-94cf-4fbc-85cb-bd1bf7890a4e___RS_HL 3667.JPG,afcad21f9832c136,rejected
445dfb1515c86b57,3,e29ff3c818462cc5,near_duplicate,445dfb1515c86b57,4.0,0.9375,color,soybean___healthy,Soybean___healthy/23b37e74-50be-4c5f-b121-35854766cbfc___RS_HL 4508.JPG,eacac11f96789265,rejected
445dfb1515c86b57,3,445dfb1515c86b57,representative,,,1.0,color,soybean___healthy,Soybean___healthy/65db881c-f239-4a2c-8139-dffcbc4c02a8___RS_HL 5480.JPG,ebcac10f97389265,accepted
445dfb1515c86b57,3,16c74956376ca966,near_duplicate,445dfb1515c86b57,4.0,0.9375,color,soybean___healthy,Soybean___healthy/8bcdda51-7288-4e0f-a207-ea6587d2ca16___RS_HL 4746.JPG,eacac10f973d9264,rejected
5a081c2651daf51d,6,5a081c2651daf51d,representative,,,1.0,color,soybean___healthy,Soybean___healthy/24610168-0f07-40e0-8a0a-9c62829aa774___RS_HL 4587.JPG,ea3f87c390c8d2cc,accepted
5a081c2651daf51d,6,b2d5daa08097fb19,near_duplicate,5a081c2651daf51d,8.0,0.875,color,soybean___healthy,Soybean___healthy/2a82ab52-ac4f-42d7-97fc-fbefb47b70e2___RS_HL 4061.JPG,fa3f87e191c492c8,rejected
5a081c2651daf51d,6,4a7ee0282ceb3136,near_duplicate,5a081c2651daf51d,8.0,0.875,color,soybean___healthy,Soybean___healthy/7bf4e930-96fe-485c-b60d-205a24bb022d___RS_HL 5382.JPG,fa3f87e194c292c8,rejected
5a081c2651daf51d,6,6c95e10ab06b40d8,near_duplicate,5a081c2651daf51d,6.0,0.90625,color,soybean___healthy,Soybean___healthy/7f55e60d-8539-44b1-81fa-1e61763d9ab0___RS_HL 4567.JPG,ea3f87c1d0c6d2c8,rejected
5a081c2651daf51d,6,fba8ba0de840b3f2,near_duplicate,5a081c2651daf51d,4.0,0.9375,color,soybean___healthy,Soybean___healthy/93def263-06bf-404d-bdc6-2f4f4965067e___RS_HL 4365.JPG,ea3f8fc190cad2c8,rejected
5a081c2651daf51d,6,4b989f7c86300662,near_duplicate,5a081c2651daf51d,6.0,0.90625,color,soybean___healthy,Soybean___healthy/f4fd0042-6947-4a0d-b652-935b59b07b1f___RS_HL 4675.JPG,ea3f87e190ca93c8,rejected
c1f36e75eaaf0f4b,2,e5a822a825b45dd4,near_duplicate,c1f36e75eaaf0f4b,4.0,0.9375,color,soybean___healthy,Soybean___healthy/27b0e355-d2d0-4369-8614-60fd39951c06___RS_HL 7169.JPG,eee1858fd4a950a9,rejected
c1f36e75eaaf0f4b,2,c1f36e75eaaf0f4b,representative,,,1.0,color,soybean___healthy,Soybean___healthy/e96da492-7f95-47a3-90f6-416fee89b4ae___RS_HL 6657.JPG,eea1958fd4aa50a9,accepted
ec954f50836e6cbe,3,807eafcad9815edc,near_duplicate,ec954f50836e6cbe,6.0,0.90625,color,soybean___healthy,Soybean___healthy/2875203d-ef03-4f4e-89c4-b8b110a307ec___RS_HL 3808.JPG,af978058cf68cc65,rejected
ec954f50836e6cbe,3,9d3fb914b72611f6,near_duplicate,ec954f50836e6cbe,4.0,0.9375,color,soybean___healthy,Soybean___healthy/64da56c9-a272-444f-89be-a8a790efd842___RS_HL 3730.JPG,ab9781d8c768cc65,rejected
ec954f50836e6cbe,3,ec954f50836e6cbe,representative,,,1.0,color,soybean___healthy,Soybean___healthy/d99eaa38-54e9-472f-8aab-f6dccc1a7eed___RS_HL 4996.JPG,fb978158c768c465,accepted
f30320cbec590672,2,036eb405789cdf86,near_duplicate,f30320cbec590672,4.0,0.9375,color,soybean___healthy,Soybean___healthy/289dda14-fd6a-48fd-8705-cf22587c8745___RS_HL 4894.JPG,bf90d04bc32fc52c,rejected
f30320cbec590672,2,f30320cbec590672,representative,,,1.0,color,soybean___healthy,Soybean___healthy/f0d384eb-c9fb-4db0-8fd8-2e9c9cd868b9___RS_HL 4910.JPG,bf90d043c32fcf24,accepted
570b6842b940bf72,2,f6b5767f097fd18e,near_duplicate,570b6842b940bf72,4.0,0.9375,color,soybean___healthy,Soybean___healthy/292084a9-9028-4db7-b1ef-8e26edb0bfed___RS_HL 4079.JPG,bc1e9648ca65cce6,rejected
570b6842b940bf72,2,570b6842b940bf72,representative,,,1.0,color,soybean___healthy,Soybean___healthy/8e3f6573-c338-48e5-bfba-257daff8e52e___RS_HL 5048.JPG,b99e9648ca65c8e6,accepted
913f25c7687c5358,2,78a848de2cb396cb,near_duplicate,913f25c7687c5358,4.0,0.9375,color,soybean___healthy,Soybean___healthy/293461dc-a859-4f59-b7e1-4ce859fc1ce3___RS_HL 5640 1.JPG,fabf85508a4a8d65,rejected
913f25c7687c5358,2,913f25c7687c5358,representative,,,1.0,color,soybean___healthy,Soybean___healthy/ef81e193-97c4-4cab-8e4e-503129b4e94d___RS_HL 3523.JPG,fabf81509a4a89e5,accepted
d3d0cf132fa5fce0,2,d3d0cf132fa5fce0,representative,,,1.0,color,soybean___healthy,Soybean___healthy/29c61547-ceaf-4b5b-a2d2-3b460aac0719___RS_HL 3528.JPG,bf95d04ae1649378,accepted
d3d0cf132fa5fce0,2,f7a32ee8f51bc4c6,near_duplicate,d3d0cf132fa5fce0,4.0,0.9375,color,soybean___healthy,Soybean___healthy/8d54dc2a-3175-45f7-86ca-fa544a8a506d___RS_HL 5532 1.JPG,af95d04ae5669278,rejected
aecfcaa5950c57ff,2,aecfcaa5950c57ff,representative,,,1.0,color,soybean___healthy,Soybean___healthy/2a0cc5c5-5844-4c97-85aa-e7eb72fa6b0b___RS_HL 3792.JPG,fa3f855098cac8cd,accepted
aecfcaa5950c57ff,2,be2999e25b06866f,near_duplicate,aecfcaa5950c57ff,4.0,0.9375,color,soybean___healthy,Soybean___healthy/c24879ef-39dd-4de0-b82e-969a71173f64___RS_HL 5494.JPG,fa3f8550984b8ccd,rejected
5809498c8e5ac3db,4,256c72fbeb173fba,near_duplicate,5809498c8e5ac3db,4.0,0.9375,color,soybean___healthy,Soybean___healthy/2a717d99-b66d-4681-b642-d6cb6fa23775___RS_HL 4081.JPG,bf97d04ac261c770,rejected
5809498c8e5ac3db,4,5809498c8e5ac3db,representative,,,1.0,color,soybean___healthy,Soybean___healthy/3cc40897-d8c3-4456-9303-ea62cc31db3d___RS_HL 3237.JPG,bf87d05ec061c770,accepted
5809498c8e5ac3db,4,f285e5e1ec2ba452,near_duplicate,5809498c8e5ac3db,8.0,0.875,color,soybean___healthy,Soybean___healthy/ca9ed23b-87b3-4ed8-bb7c-4c7a337c2980___RS_HL 5013.JPG,bf95d04ac3619770,rejected
5809498c8e5ac3db,4,7bc83b62f704418c,near_duplicate,5809498c8e5ac3db,10.0,0.84375,color,tomato___septoria_leaf_spot,Tomato___Septoria_leaf_spot/90e53552-bfd0-4780-898c-1df4f15d4376___Matt.S_CG 6008.JPG,bf97d0c8c3619670,rejected
2faf4a1a0ac88403,2,2faf4a1a0ac88403,representative,,,1.0,color,soybean___healthy,Soybean___healthy/2b2fa5ac-c961-4f81-8563-0d0e4d173bad___RS_HL 4960.JPG,ab15905a8f69cce5,accepted
2faf4a1a0ac88403,2,17b0be4905e20963,near_duplicate,2faf4a1a0ac88403,4.0,0.9375,color,soybean___healthy,Soybean___healthy/a917db14-b036-454c-bf83-ac185b432f60___RS_HL 2710.JPG,ab15904ac7e9cce5,rejected
c77fb7a488aa40b6,2,c77fb7a488aa40b6,representative,,,1.0,color,soybean___healthy,Soybean___healthy/2c5befa2-001f-4d64-bf83-599cd2506ba0___RS_HL 4182.JPG,bf94d04ac32dcf84,accepted
c77fb7a488aa40b6,2,7c8af9d0319e79fa,near_duplicate,c77fb7a488aa40b6,4.0,0.9375,color,soybean___healthy,Soybean___healthy/c8b0c3a5-3a1f-4610-8431-12373558db55___RS_HL 4844.JPG,bb94d04ac36dcdc4,rejected
18ba13f471e71b16,4,31ea291291ee3c43,near_duplicate,18ba13f471e71b16,4.0,0.9375,color,soybean___healthy,Soybean___healthy/2dd01b6b-42a3-459d-bd47-334ef7d8c704___RS_HL 4687.JPG,aab5d14a836f856c,rejected
18ba13f471e71b16,4,dcf08d5758b84c45,near_duplicate,18ba13f471e71b16,4.0,0.9375,color,soybean___healthy,Soybean___healthy/4013e19a-62a8-4171-b7f0-e022dc199113___RS_HL 6697.JPG,abb5d14a816f8768,rejected
18ba13f471e71b16,4,39b6e7f4aa8de182,near_duplicate,18ba13f471e71b16,4.0,0.9375,color,soybean___healthy,Soybean___healthy/9ff2dbda-965c-48ed-9246-c9e5eaa1821a___RS_HL 6696.JPG,abb5f15a816b8568,rejected
18ba13f471e71b16,4,18ba13f471e71b16,representative,,,1.0,color,soybean___healthy,Soybean___healthy/d0805704-373d-466f-93a6-d2351c8ecd76___RS_HL 3011.JPG,bbb5d14a816b856c,accepted
04c9109668b3e70e,2,32f59c73a009ed39,near_duplicate,04c9109668b3e70e,4.0,0.9375,color,soybean___healthy,Soybean___healthy/2eca2419-df11-4533-ada7-f1eab3d83cba___RS_HL 3359.JPG,abb0904bdb2dcd34,rejected
04c9109668b3e70e,2,04c9109668b3e70e,representative,,,1.0,color,tomato___target_spot,Tomato___Target_Spot/371b7ff8-6031-437b-b0c5-5fc10e2317d1___Com.G_TgS_FL 9944.JPG,abb2904bcb2dcc3c,accepted
4bce3b79e59f6295,2,4bce3b79e59f6295,representative,,,1.0,color,soybean___healthy,Soybean___healthy/3003c722-d655-4c83-a648-0fc494945f13___RS_HL 3658.JPG,afe4c50e9e38d033,accepted
4bce3b79e59f6295,2,6daa6ba9bfc27448,near_duplicate,4bce3b79e59f6295,4.0,0.9375,color,soybean___healthy,Soybean___healthy/4d396c6d-66d5-424f-b90d-db43a3ef8d10___RS_HL 4292.JPG,afe1c50f9e389033,rejected
346db9254eed78ac,2,346db9254eed78ac,representative,,,1.0,color,soybean___healthy,Soybean___healthy/30833fd7-3bb9-4605-bfd6-1ac7ec587474___RS_HL 5592.JPG,bdb0e00387df8768,accepted
346db9254eed78ac,2,1d0ae926e9d0a5b8,near_duplicate,346db9254eed78ac,4.0,0.9375,color,soybean___healthy,Soybean___healthy/4d3daf43-0f32-4cde-91a4-9a0e6f3f7e99___RS_HL 5594.JPG,bfb0e003875b8f68,rejected
56ec35fda0338c35,3,861ce2ce1a6c863d,near_duplicate,56ec35fda0338c35,8.0,0.875,color,soybean___healthy,Soybean___healthy/30ee868e-9dea-47b5-9ccb-401d7418d710___RS_HL 4648.JPG,ea41850fda3cd9b2,rejected
56ec35fda0338c35,3,56ec35fda0338c35,representative,,,1.0,color,soybean___healthy,Soybean___healthy/3256eb2c-061d-48b8-b7df-5939eff8a590___RS_HL 3926.JPG,afc1c40fda3cd132,accepted
56ec35fda0338c35,3,dcabacf799ccd74d,near_duplicate,56ec35fda0338c35,4.0,0.9375,color,soybean___healthy,Soybean___healthy/efe605a5-b2ee-4a8f-9a3c-f0f20a6637bf___RS_HL 4563.JPG,af41850fda3cd932,rejected
839f3d977cfd75a3,3,839f3d977cfd75a3,representative,,,1.0,color,soybean___healthy,Soybean___healthy/30f986b6-87e6-4a0b-8586-19b29e059c4b___RS_HL 3665.JPG,aaead5009f3dd832,accepted
839f3d977cfd75a3,3,126b4f49b220599e,near_duplicate,839f3d977cfd75a3,4.0,0.9375,color,soybean___healthy,Soybean___healthy/8aa2fcc2-5b89-4af2-a44f-021115734231___RS_HL 5275.JPG,aacad5009f3dd037,rejected
839f3d977cfd75a3,3,1789c44b54a5b26c,near_duplicate,839f3d977cfd75a3,4.0,0.9375,color,soybean___healthy,Soybean___healthy/e71304ae-821c-4a2c-8d5c-024e80141720___RS_HL 3486.JPG,aafa95009f3dda30,rejected
287f775c8112a315,2,287f775c8112a315,representative,,,1.0,color,soybean___healthy,Soybean___healthy/31a3e573-b41b-4dbe-bfd2-20654deb0fcc___RS_HL 3692.JPG,aa4ad4a982b49fb6,accepted
287f775c8112a315,2,f8608e2654f4b466,near_duplicate,287f775c8112a315,4.0,0.9375,color,soybean___healthy,Soybean___healthy/58ed8a70-c3bb-46ab-b13b-a9c0f50a23e3___RS_HL 4618.JPG,aa4ad4ed82b48f96,rejected
44941f4906b91668,3,90f5d638e2bea911,near_duplicate,44941f4906b91668,6.0,0.90625,color,soybean___healthy,Soybean___healthy/31be8305-3a3d-41da-bd6b-98a7251deea4___RS_HL 4855.JPG,bf97c0dac7686430,rejected
44941f4906b91668,3,d9ac91d228523cde,near_duplicate,44941f4906b91668,4.0,0.9375,color,soybean___healthy,Soybean___healthy/5cedc784-28e7-46ca-8b84-cba4bf5ae2e7___RS_HL 4835.JPG,bf97c0d8c368e630,rejected
44941f4906b91668,3,44941f4906b91668,representative,,,1.0,color,soybean___healthy,Soybean___healthy/c015ee0c-de2f-45fc-bea9-9ab05438795e___RS_HL 5644 1.JPG,bf97c0d8cb60e4b0,accepted
44c8b1a9966112fe,3,60f0afac3e0d6cf3,near_duplicate,44c8b1a9966112fe,4.0,0.9375,color,soybean___healthy,Soybean___healthy/327c1e8b-0aec-4e49-b66b-8e53971506c0___RS_HL 6868.JPG,aaf1b14a932fd82c,rejected
44c8b1a9966112fe,3,44c8b1a9966112fe,representative,,,1.0,color,soybean___healthy,Soybean___healthy/6dd986d9-557d-495d-aad8-d4cfbbf4f859___RS_HL 6607.JPG,aaf5b142972fd824,accepted
44c8b1a9966112fe,3,c1a7448bf3af2932,near_duplicate,44c8b1a9966112fe,4.0,0.9375,color,soybean___healthy,Soybean___healthy/872f86cb-4bf6-4dfe-a8f1-09ef0b47e911___RS_HL 6608.JPG,aaf5b542d62dd824,rejected
d088f22e0b584a88,2,2a8d2a52c9ea474b,near_duplicate,d088f22e0b584a88,4.0,0.9375,color,soybean___healthy,Soybean___healthy/345e8571-d9f1-4654-965d-be2d3052e643___RS_HL 2997.JPG,eb4ac02d9b349db2,rejected
d088f22e0b584a88,2,d088f22e0b584a88,representative,,,1.0,color,soybean___healthy,Soybean___healthy/89668bf2-b5ff-4b14-9f77-25928240be1a___RS_HL 3070.JPG,ebcac08d9b3499b2,accepted
44cc553764b35173,2,c6f1d4fd3082ebbc,near_duplicate,44cc553764b35173,4.0,0.9375,color,soybean___healthy,Soybean___healthy/3490c678-d681-4092-bc36-18d2887e1cc1___RS_HL 6618.JPG,bfe0b103d20bda2d,rejected
44cc553764b35173,2,44cc553764b35173,representative,,,1.0,color,soybean___healthy,Soybean___healthy/dd48a74f-d30a-4282-bf32-7c7730a435f2___RS_HL 6619.JPG,bf60b103c20bdb3d,accepted
b6d69018f8605e4e,2,b6d69018f8605e4e,representative,,,1.0,color,soybean___healthy,Soybean___healthy/35af62cf-de20-465e-90dd-db443846801b___RS_HL 6613.JPG,fef0a01dd14ac62d,accepted
b6d69018f8605e4e,2,b517bc58f2b3a3f3,near_duplicate,b6d69018f8605e4e,4.0,0.9375,color,soybean___healthy,Soybean___healthy/9aa9305c-1d9b-4245-ad8c-09222b4c450c___RS_HL 6611.JPG,feb0b05dd14ac42d,rejected
c66bddf4d43f0abc,2,03c1bde566080a11,near_duplicate,c66bddf4d43f0abc,4.0,0.9375,color,soybean___healthy,Soybean___healthy/3649d462-3148-4440-8214-8aaa1a1d057d___RS_HL 6091.JPG,ffe0b081d34f884b,rejected
c66bddf4d43f0abc,2,c66bddf4d43f0abc,representative,,,1.0,color,soybean___healthy,Soybean___healthy/5506bce8-6c42-4abe-a597-b0c850fabbfc___RS_HL 6097.JPG,ffe0b083d24fc80b,accepted
5d9b70f6298fd733,2,8bb94a50a7bef42b,near_duplicate,5d9b70f6298fd733,4.0,0.9375,color,soybean___healthy,Soybean___healthy/36a90cdb-b5ca-4337-b313-3cb69e6877f5___RS_HL 5132.JPG,ff97c050c3689c63,rejected
5d9b70f6298fd733,2,5d9b70f6298fd733,representative,,,1.0,color,soybean___healthy,Soybean___healthy/47d66dd9-9b4c-4e04-8cdf-2f0977e609b6___RS_HL 2714.JPG,bf8fc050cb689c63,accepted
69d84367c2993048,7,a146f8d2890bb0b8,near_duplicate,69d84367c2993048,4.0,0.9375,color,soybean___healthy,Soybean___healthy/36d6f94a-7f8c-48c0-a6c5-0399302bc22b___RS_HL 6227.JPG,ff60a417d63ac039,rejected
69d84367c2993048,7,ec32daf61e7fffd1,near_duplicate,69d84367c2993048,8.0,0.875,color,soybean___healthy,Soybean___healthy/5ab57729-ec46-4245-a71a-bcd734a78406___RS_HL 5909.JPG,ff60a415b65ad02b,rejected
69d84367c2993048,7,4cfe2ff3bd27da8f,near_duplicate,69d84367c2993048,2.0,0.96875,color,soybean___healthy,Soybean___healthy/6bfa1286-a35f-4dde-a61a-959fea14cf11___RS_HL 5847.JPG,ff64a417963a9039,rejected
69d84367c2993048,7,b8dcbc377dc63330,near_duplicate,69d84367c2993048,8.0,0.875,color,soybean___healthy,Soybean___healthy/756fdbe0-bb99-44bc-9732-d98cff038a75___RS_HL 6228.JPG,ffe0a415b41ad03b,rejected
69d84367c2993048,7,69d84367c2993048,representative,,,1.0,color,soybean___healthy,Soybean___healthy/95841526-273c-4161-8de1-20c69d6650ba___RS_HL 5833.JPG,ff44a417963ad039,accepted
69d84367c2993048,7,fd81a3772f04265b,near_duplicate,69d84367c2993048,6.0,0.90625,color,soybean___healthy,Soybean___healthy/cfa54446-5b27-4d48-b62f-9417dbf8c463___RS_HL 5845.JPG,ff60a017d62ad03d,rejected
69d84367c2993048,7,fd09ec6d16e6d82d,near_duplicate,69d84367c2993048,4.0,0.9375,color,soybean___healthy,Soybean___healthy/eb680077-f114-40a6-9a8f-6564043ab31d___RS_HL 6925.JPG,ffe4a417941ad039,rejected
8d3022b335e2e4fe,2,8d3022b335e2e4fe,representative,,,1.0,color,soybean___healthy,Soybean___healthy/37d42645-b221-430d-88be-5c7800d3b384___RS_HL 5975.JPG,aea4e49e9a399169,accepted
8d3022b335e2e4fe,2,ba2d37cfab7cf5d9,near_duplicate,8d3022b335e2e4fe,4.0,0.9375,color,tomato___early_blight,Tomato___Early_blight/6b52f204-547d-47aa-926c-b9508a5e6cbc___RS_Erly.B 7434.JPG,ee84e41e9a799169,rejected
0e6f95d5a78a0e0c,3,0e918cfd8f326513,near_duplicate,0e6f95d5a78a0e0c,4.0,0.9375,color,soybean___healthy,Soybean___healthy/394fdee0-1d75-49cc-b5c9-26231be45726___RS_HL 4221.JPG,eee4c41e9eb81a91,rejected
0e6f95d5a78a0e0c,3,0e6f95d5a78a0e0c,representative,,,1.0,color,soybean___healthy,Soybean___healthy/c2135eb9-8e38-460a-bfb5-dd8ec00bc739___RS_HL 5208.JPG,eee4851e96b89a91,accepted
0e6f95d5a78a0e0c,3,6702531fb8067966,near_duplicate,0e6f95d5a78a0e0c,8.0,0.875,color,soybean___healthy,Soybean___healthy/d14add50-a548-4c61-98ab-a4afd7606ce8___RS_HL 6842.JPG,fee4c40e9eba1891,rejected
c130a6451af6d6c6,2,c130a6451af6d6c6,representative,,,1.0,color,soybean___healthy,Soybean___healthy/39cb8fb1-9c2e-4cb4-acac-35f90a4bcbb8___RS_HL 6107.JPG,aab5a542d60a9e6d,accepted
c130a6451af6d6c6,2,49e218c3b264996f,near_duplicate,c130a6451af6d6c6,4.0,0.9375,color,soybean___healthy,Soybean___healthy/61771b23-de73-46fe-8028-9bc7aeda8bf2___RS_HL 6117.JPG,aab7a542960a976d,rejected
a5ffe4b096b5109a,2,d96a8a3d53b3789f,near_duplicate,a5ffe4b096b5109a,4.0,0.9375,color,soybean___healthy,Soybean___healthy/3a6552de-3446-4462-99c4-107948d5e512___RS_HL 5864.JPG,eee4e407969ad039,rejected
a5ffe4b096b5109a,2,a5ffe4b096b5109a,representative,,,1.0,color,soybean___healthy,Soybean___healthy/e9f66b73-87a7-42fc-b2fa-081cd7ef6126___RS_HL 5852.JPG,eee0e497969a9039,accepted
95d82620f9ecb9d1,3,438ea915c8730758,near_duplicate,95d82620f9ecb9d1,4.0,0.9375,color,soybean___healthy,Soybean___healthy/3ba289b8-ffb3-425e-aa80-d4c2b9e87592___RS_HL 5410.JPG,ea94851e9e789879,rejected
95d82620f9ecb9d1,3,4a9ded296ea4c091,near_duplicate,95d82620f9ecb9d1,4.0,0.9375,color,soybean___healthy,Soybean___healthy/68ded0f7-2d8e-44c9-a066-d067974caf02___RS_HL 5122.JPG,ea97871e9e689861,rejected
95d82620f9ecb9d1,3,95d82620f9ecb9d1,representative,,,1.0,color,soybean___healthy,Soybean___healthy/dbdd4c29-94e9-4598-be4d-a80690ad1809___RS_HL 4197.JPG,ea96851e9e789c61,accepted
f764bc31b3ac77fd,2,f764bc31b3ac77fd,representative,,,1.0,color,soybean___healthy,Soybean___healthy/3bf12b65-7c92-428f-aa6e-c61038121f1f___RS_HL 5239.JPG,eac2851f953d8365,accepted
f764bc31b3ac77fd,2,8bfb04514ee83470,near_duplicate,f764bc31b3ac77fd,4.0,0.9375,color,soybean___healthy,Soybean___healthy/b54decab-cdd6-406c-bc01-3fa12900f8b2___RS_HL 4577.JPG,eac2801f957dc365,rejected
b724b36e1b62c505,2,a3f3aa3214c350a8,near_duplicate,b724b36e1b62c505,4.0,0.9375,color,soybean___healthy,Soybean___healthy/3c845900-ab47-4ee0-81d0-796ab7c42735___RS_HL 6810.JPG,ea95e506867a9e61,rejected
b724b36e1b62c505,2,b724b36e1b62c505,representative,,,1.0,color,soybean___healthy,Soybean___healthy/e2d95430-fdbf-4668-aaea-2018ea829f5a___RS_HL 4903.JPG,ea85e51e867a9a61,accepted
2a564b47bb5e58a0,4,2a564b47bb5e58a0,representative,,,1.0,color,soybean___healthy,Soybean___healthy/3d4152a1-02d5-43dc-8ce2-2dbbf192ce5b___RS_HL 5732.JPG,aab5e452835f9568,accepted
2a564b47bb5e58a0,4,36e372942020338f,near_duplicate,2a564b47bb5e58a0,4.0,0.9375,color,soybean___healthy,Soybean___healthy/4d51ef14-4d06-4d30-b0e6-465f1ff8795e___RS_HL 6233.JPG,aab5f442875f9468,rejected
2a564b47bb5e58a0,4,43809978f4dd8a63,near_duplicate,2a564b47bb5e58a0,10.0,0.84375,color,soybean___healthy,Soybean___healthy/b4741523-839f-4296-a9a2-d2e8d83bfe73___RS_HL 6745.JPG,aab5f442866f943c,rejected
2a564b47bb5e58a0,4,fe3a66f1f8b3e28b,near_duplicate,2a564b47bb5e58a0,8.0,0.875,color,soybean___healthy,Soybean___healthy/d1a5db98-bf65-4d0f-9202-35fc8a06b4ca___RS_HL 6315.JPG,aab5f042874f947c,rejected
09e21580ffe165f0,2,1ffe2a695f05a0fa,near_duplicate,09e21580ffe165f0,4.0,0.9375,color,soybean___healthy,Soybean___healthy/3d713c06-1c1f-4992-aba7-ebc3ea3adae4___RS_HL 6804.JPG,efe4e417943a9078,rejected
09e21580ffe165f0,2,09e21580ffe165f0,representative,,,1.0,color,soybean___healthy,Soybean___healthy/9873e037-9740-4636-a112-85638f15b81b___RS_HL 6418.JPG,eee4e417953e9038,accepted
8a6037b33631f725,2,8a6037b33631f725,representative,,,1.0,color,soybean___healthy,Soybean___healthy/3ea02aab-ecd4-4017-8e01-e96a68e876e5___RS_HL 4476.JPG,abb4d04ac16d87e6,accepted
8a6037b33631f725,2,7d171888a4b19acf,near_duplicate,8a6037b33631f725,4.0,0.9375,color,soybean___healthy,Soybean___healthy/967f0803-9cbb-4e64-be3c-f32e073baf24___RS_HL 3066.JPG,abb6d04ac16d8765,rejected
390c0ea5bb831593,3,206a68c21e2ebaac,near_duplicate,390c0ea5bb831593,4.0,0.9375,color,soybean___healthy,Soybean___healthy/3eb6479c-de7d-4fc5-bd0e-9cc84ab3bc9a___RS_HL 5491.JPG,eacac08f9abc9133,rejected
390c0ea5bb831593,3,19d5a95518dd3e70,near_duplicate,390c0ea5bb831593,8.0,0.875,color,soybean___healthy,Soybean___healthy/54220b9c-9655-47bf-9f0c-7abaf2e049d8___RS_HL 4701.JPG,ebcac08f9e349133,rejected
390c0ea5bb831593,3,390c0ea5bb831593,representative,,,1.0,color,soybean___healthy,Soybean___healthy/71ce143e-92c9-4e9b-847f-b7cc5d8dbd84___RS_HL 4770.JPG,eacac28f9a9c91b1,accepted
dab8e0dc7ad6def3,2,dab8e0dc7ad6def3,representative,,,1.0,color,soybean___healthy,Soybean___healthy/3fe09c8b-10ed-497a-a141-be4a9d9fbfb0___RS_HL 4520.JPG,fe9f8538c660c865,accepted
dab8e0dc7ad6def3,2,1d7351a24296c098,near_duplicate,dab8e0dc7ad6def3,4.0,0.9375,color,soybean___healthy,Soybean___healthy/b258123b-1596-4417-9e26-39cf9a06da41___RS_HL 3689.JPG,fe978178c660cc65,rejected
f9babdeaa0015599,2,54b94d51c1e05878,near_duplicate,f9babdeaa0015599,4.0,0.9375,color,soybean___healthy,Soybean___healthy/42082722-38c1-4ee6-b60c-8259452b0c45___RS_HL 6949.JPG,ffe89405d891b037,rejected
f9babdeaa0015599,2,f9babdeaa0015599,representative,,,1.0,color,soybean___healthy,Soybean___healthy/8697d736-f4c7-420d-a8de-8230c217b901___RS_HL 6947.JPG,ffe88505d811b237,accepted
e4256e5ae7a756d7,2,e4256e5ae7a756d7,representative,,,1.0,color,soybean___healthy,Soybean___healthy/42727c9c-59e8-46a6-8050-7ee4eaa8002b___RS_HL 6965.JPG,be95f44ac16f8560,accepted
e4256e5ae7a756d7,2,738c74579e8bb509,near_duplicate,e4256e5ae7a756d7,4.0,0.9375,color,soybean___healthy,Soybean___healthy/67f8ae76-9c44-4688-95ef-4e1a314898a6___RS_HL 6648.JPG,aa95f44ac16f856c,rejected
d19e28c82b176234,2,d19e28c82b176234,representative,,,1.0,color,soybean___healthy,Soybean___healthy/42f37e94-d1e1-4324-a909-ab6786d4c011___RS_HL 6378.JPG,aab1b5c0df4ad849,accepted
d19e28c82b176234,2,98c9bce61a29b662,near_duplicate,d19e28c82b176234,4.0,0.9375,color,soybean___healthy,Soybean___healthy/7ff6b856-263a-4fa2-a2fd-4b6b00654cf2___RS_HL 6379.JPG,aab1a5c0dfcad80d,rejected
42d7e73852b68a57,2,e5543247bcc51a78,near_duplicate,42d7e73852b68a57,4.0,0.9375,color,soybean___healthy,Soybean___healthy/43c04ad9-5f2e-4375-aaeb-96f5b2a6dd61___RS_HL 6393.JPG,aaf5e502d64e9478,rejected
42d7e73852b68a57,2,42d7e73852b68a57,representative,,,1.0,color,soybean___healthy,Soybean___healthy/a864d9f5-f20b-444f-85ec-69ec145f4f1b___RS_HL 6390.JPG,aaf5e500964f947a,accepted
72af9e7b4d1464e8,7,184ffe3181956122,near_duplicate,72af9e7b4d1464e8,8.0,0.875,color,soybean___healthy,Soybean___healthy/45b0bcf9-1f53-4414-9cb2-d54c519cabe3___RS_HL 5902.JPG,aab1b1c2db0bcc4d,rejected
72af9e7b4d1464e8,7,72af9e7b4d1464e8,representative,,,1.0,color,soybean___healthy,Soybean___healthy/4a421c81-b75e-4ab7-9c4c-ea2d86d8dadf___RS_HL 5840.JPG,aab1f1429f0fd40d,accepted
72af9e7b4d1464e8,7,84752136311f1466,near_duplicate,72af9e7b4d1464e8,4.0,0.9375,color,soybean___healthy,Soybean___healthy/4b204c22-df30-4696-8b83-480ca8965809___RS_HL 5915.JPG,aab1b1c29f0bdc0d,rejected
72af9e7b4d1464e8,7,ccbb0debe1dcb6d4,near_duplicate,72af9e7b4d1464e8,4.0,0.9375,color,soybean___healthy,Soybean___healthy/7b2bb24b-70fc-40fe-92f1-993a2484727b___RS_HL 5839.JPG,aab1b1429f4bd42d,rejected
72af9e7b4d1464e8,7,5364f317ddc165c7,near_duplicate,72af9e7b4d1464e8,6.0,0.90625,color,soybean___healthy,Soybean___healthy/a6b7a418-20b5-400b-89ba-52c11505d4c5___RS_HL 6684.JPG,aab5b5429f4b940d,rejected
72af9e7b4d1464e8,7,ceabfb37efdb8b26,near_duplicate,72af9e7b4d1464e8,8.0,0.875,color,soybean___healthy,Soybean___healthy/dc4ee4d3-bf20-4d6b-b40f-3a7099f50efb___RS_HL 5990.JPG,aab5b1c29b4b9c0d,rejected
72af9e7b4d1464e8,7,faa37be5d07b9001,near_duplicate,72af9e7b4d1464e8,6.0,0.90625,color,soybean___healthy,Soybean___healthy/dfdb9d31-68a9-4ca0-92e9-cdfe615831fd___RS_HL 5914.JPG,aab1b5429f0bd06d,rejected
aaf355f735beec43,2,aaf355f735beec43,representative,,,1.0,color,soybean___healthy,Soybean___healthy/4815c4d9-ab13-434d-a7f6-f281e783d9e4___RS_HL 4446.JPG,ff8fc057ca688560,accepted
aaf355f735beec43,2,57ca30ce534deb3b,near_duplicate,aaf355f735beec43,4.0,0.9375,color,soybean___healthy,Soybean___healthy/b4069962-eac9-403d-9195-bae430444ac5___RS_HL 3893.JPG,ff8fc05eca648560,rejected
8bd745bbfb2f94fd,2,f7f219ecfeaa7699,near_duplicate,8bd745bbfb2f94fd,4.0,0.9375,color,soybean___healthy,Soybean___healthy/485f31da-d69b-4d26-9bbf-da339446cdef___RS_HL 5266.JPG,bfe0d00fda3cc990,rejected
8bd745bbfb2f94fd,2,8bd745bbfb2f94fd,representative,,,1.0,color,soybean___healthy,Soybean___healthy/c7d54891-36f1-46f3-9b49-4cfc419f5568___RS_HL 2698.JPG,af60d40fda3cc9d0,accepted
ba8149df7498f0c8,3,aebb14bd35b3159a,near_duplicate,ba8149df7498f0c8,6.0,0.90625,color,soybean___healthy,Soybean___healthy/49e6bb71-c56f-4355-a0ec-15159e6d6689___RS_HL 5714 1.JPG,eacaf50b943f9031,rejected
ba8149df7498f0c8,3,f045842d98c8e746,near_duplicate,ba8149df7498f0c8,4.0,0.9375,color,soybean___healthy,Soybean___healthy/baeb603a-d572-4eea-b078-f5495e6cec80___RS_HL 3806.JPG,aacaf50b943f9a30,rejected
ba8149df7498f0c8,3,ba8149df7498f0c8,representative,,,1.0,color,soybean___healthy,Soybean___healthy/bb5bca01-7a42-475f-bf7c-f06d6a6a7d7b___RS_HL 3516.JPG,aac2f50b963f9234,accepted
5ac868e614641100,2,75a5846672954a04,near_duplicate,5ac868e614641100,4.0,0.9375,color,soybean___healthy,Soybean___healthy/4a7733f1-3510-4a9a-86cc-746ad2eee261___RS_HL 5658 1.JPG,fab1a052836b8d6d,rejected
5ac868e614641100,2,5ac868e614641100,representative,,,1.0,color,soybean___healthy,Soybean___healthy/daf9aaef-3bef-4ff8-8b5e-a43186bd1a8b___RS_HL 4982.JPG,fab1a052cb6a8d65,accepted
dee420585ae37820,2,dee420585ae37820,representative,,,1.0,color,soybean___healthy,Soybean___healthy/4b1bb212-7a98-46a8-a57d-176d5879d5cb___RS_HL 3381.JPG,ae9fd44ac86dc464,accepted
dee420585ae37820,2,6f624a5fdb6e97f7,near_duplicate,dee420585ae37820,4.0,0.9375,color,soybean___healthy,Soybean___healthy/57c18b39-2a33-471f-91eb-a9ba4ddabc7b___RS_HL 6167.JPG,ae95d45ac86dc466,rejected
ce454a818993df61,3,1abf09d0aa10e09d,near_duplicate,ce454a818993df61,4.0,0.9375,color,soybean___healthy,Soybean___healthy/4b489ac1-a219-47c8-bb45-9b163c0aed17___RS_HL 4624.JPG,ffb080578b6a8d64,rejected
ce454a818993df61,3,1d353d666450927b,near_duplicate,ce454a818993df61,4.0,0.9375,color,soybean___healthy,Soybean___healthy/6a1a22eb-1290-4b1d-969d-f52bc78cc5a9___RS_HL 7074.JPG,ffb0a05783ca8d29,rejected
ce454a818993df61,3,ce454a818993df61,representative,,,1.0,color,soybean___healthy,Soybean___healthy/7f05a83e-4d86-48be-8543-8e087ff86501___RS_HL 5560 1.JPG,ffb0a057834a8d6c,accepted
f6013311bc984666,2,f6013311bc984666,representative,,,1.0,color,soybean___healthy,Soybean___healthy/4b618427-0698-4a01-afe8-a271b5f778aa___RS_HL 6755.JPG,ffc8ea078d1c9170,accepted
f6013311bc984666,2,0df24cb007429b04,near_duplicate,f6013311bc984666,4.0,0.9375,color,soybean___healthy,Soybean___healthy/e2a44ce5-e59e-458b-af00-e043bc262c57___RS_HL 6757.JPG,fee0ea0f8d1c9170,rejected
a4d79f665e642da9,2,802b651b584787ec,near_duplicate,a4d79f665e642da9,4.0,0.9375,color,soybean___healthy,Soybean___healthy/4ba98db0-c81a-480e-80b4-02bac8491be9___RS_HL 4830.JPG,bb95d05ac17b8568,rejected
a4d79f665e642da9,2,a4d79f665e642da9,representative,,,1.0,color,soybean___healthy,Soybean___healthy/d041f7ce-7165-4e76-baa2-f4e84527f2cc___RS_HL 4112.JPG,bf95f01ac1798568,accepted
2f6c01cbd1f365ff,3,2f6c01cbd1f365ff,representative,,,1.0,color,soybean___healthy,Soybean___healthy/4bc6e11c-5f1c-4046-942c-0a39a8b28838___RS_HL 5520.JPG,bfb0d04bc10dc67c,accepted
2f6c01cbd1f365ff,3,bd97938e77e8790f,near_duplicate,2f6c01cbd1f365ff,4.0,0.9375,color,soybean___healthy,Soybean___healthy/e1dfa39c-b3f6-4885-a9e5-e60f2a96c473___RS_HL 6853.JPG,bf90d05bc12dc66c,rejected
2f6c01cbd1f365ff,3,a517838488292d56,near_duplicate,2f6c01cbd1f365ff,4.0,0.9375,color,tomato___bacterial_spot,Tomato___Bacterial_spot/e4404de4-7958-4e77-a7ed-664dd0d7f2c9___GCREC_Bact.Sp 5906.JPG,bf30d04bc10fc76c,rejected
3131cb1293f79101,2,3131cb1293f79101,representative,,,1.0,color,soybean___healthy,Soybean___healthy/4bf93fae-8468-4214-a855-e71c9de50c4e___RS_HL 3773.JPG,aab5d452836b9d49,accepted
3131cb1293f79101,2,207b7d85c0740c02,near_duplicate,3131cb1293f79101,4.0,0.9375,color,tomato___septoria_leaf_spot,Tomato___Septoria_leaf_spot/2f4afdee-f957-400f-8515-4ea92173d00d___Matt.S_CG 0667.JPG,aab5d542836b9d29,rejected
56c091c3be6d0ce3,2,51eb706a31fd934b,near_duplicate,56c091c3be6d0ce3,4.0,0.9375,color,soybean___healthy,Soybean___healthy/4f64f4c2-cffe-4671-a436-075733baa64d___RS_HL 5931.JPG,ea91b552e14b854f,rejected
56c091c3be6d0ce3,2,56c091c3be6d0ce3,representative,,,1.0,color,soybean___healthy,Soybean___healthy/5739cb3b-64c4-4538-b5d9-d2db0b6e3f92___RS_HL 5962.JPG,aa95bd50e14b854f,accepted
3bc965263f6af6ca,2,3bc965263f6af6ca,representative,,,1.0,color,soybean___healthy,Soybean___healthy/504d1070-3f0f-4550-80ab-025510f3cbf8___RS_HL 3301.JPG,aacad50fd23d9234,accepted
3bc965263f6af6ca,2,18f70f635b3a1ae8,near_duplicate,3bc965263f6af6ca,4.0,0.9375,color,soybean___healthy,Soybean___healthy/dc899c30-1039-455b-b8d7-3e27911ba323___RS_HL 3360.JPG,aa4a950fd23d9b34,rejected
181ffaae8f2de780,2,181ffaae8f2de780,representative,,,1.0,color,soybean___healthy,Soybean___healthy/50f3f292-c8ef-41ce-ab44-989d4295303a___RS_HL 7217.JPG,efc4851b96399a61,accepted
181ffaae8f2de780,2,2bd32afb2432f960,near_duplicate,181ffaae8f2de780,4.0,0.9375,color,soybean___healthy,Soybean___healthy/df4a555f-d2ab-43c1-93cc-bdfd1f2241c1___RS_HL 3058.JPG,ef44851f963a9a61,rejected
bffb8b5aa2b5ff15,3,673c9dca1cedd7f7,near_duplicate,bffb8b5aa2b5ff15,6.0,0.90625,color,soybean___healthy,Soybean___healthy/50f595fb-030e-4351-a801-431de6a38e84___RS_HL 4447.JPG,eab4c452867a9e69,rejected
bffb8b5aa2b5ff15,3,bffb8b5aa2b5ff15,representative,,,1.0,color,soybean___healthy,Soybean___healthy/a45de092-310e-4c34-b886-67ee31c0df47___RS_HL 4101.JPG,ab35c452876a9e69,accepted
bffb8b5aa2b5ff15,3,7f25caee2530170a,near_duplicate,bffb8b5aa2b5ff15,4.0,0.9375,color,soybean___healthy,Soybean___healthy/e6cea06d-3ebb-418d-b7ca-de748a13a5df___RS_HL 3804.JPG,eab5c452876a9e49,rejected
8a5a9c88b357b66d,2,8a5a9c88b357b66d,representative,,,1.0,color,soybean___healthy,Soybean___healthy/531b8e54-f004-4409-8aa6-e299bd231828___RS_HL 6028.JPG,aab1b540d34bcf0d,accepted
8a5a9c88b357b66d,2,5327dc23e7a7f17a,near_duplicate,8a5a9c88b357b66d,4.0,0.9375,color,soybean___healthy,Soybean___healthy/642955f0-e8e3-4f9c-abc4-64b7d7fe3c56___RS_HL 6027.JPG,a2b9b550d34bcf05,rejected
ac6ed5c5706651aa,2,ac6ed5c5706651aa,representative,,,1.0,color,soybean___healthy,Soybean___healthy/5327698d-fe17-4978-898a-f379d79d99d7___RS_HL 3603.JPG,edc0c40fda38d933,accepted
ac6ed5c5706651aa,2,28ad1ee4b2577dc1,near_duplicate,ac6ed5c5706651aa,4.0,0.9375,color,soybean___healthy,Soybean___healthy/7902b2a9-489e-4a25-9325-19bca6bae024___RS_HL 3601.JPG,adc0850fda39d933,rejected
2d56f40c3b4f3322,2,cb50675adf2ceb0f,near_duplicate,2d56f40c3b4f3322,4.0,0.9375,color,soybean___healthy,Soybean___healthy/5565f04b-eaf0-46e3-8189-d135bc0434e9___RS_HL 7080.JPG,aab5e016c65e8d78,rejected
2d56f40c3b4f3322,2,2d56f40c3b4f3322,representative,,,1.0,color,soybean___healthy,Soybean___healthy/f79dad52-ffda-466d-b3cd-c7c4aaa293e7___RS_HL 7092.JPG,abb5e012c35e8d78,accepted
0e78708a991f5afc,2,0e78708a991f5afc,representative,,,1.0,color,soybean___healthy,Soybean___healthy/55b23292-71fe-40ab-9912-ec9c90cf2d76___RS_HL 6758.JPG,ea84a59f951a917a,accepted
0e78708a991f5afc,2,450b9a225ddb4bc2,near_duplicate,0e78708a991f5afc,4.0,0.9375,color,soybean___healthy,Soybean___healthy/59c19441-ceec-4027-b73f-8e2612d3e80c___RS_HL 6694.JPG,ea84a59e945a917b,rejected
432ef86ff4da14c7,2,d14612df82ddf8ce,near_duplicate,432ef86ff4da14c7,4.0,0.9375,color,soybean___healthy,Soybean___healthy/563ec871-3c87-4bcc-a6c7-2ed5ec2f9da5___RS_HL 6269.JPG,aab59542df29d825,rejected
432ef86ff4da14c7,2,432ef86ff4da14c7,representative,,,1.0,color,soybean___healthy,Soybean___healthy/e5bd6ccc-2b3b-4065-99ba-303491819ba1___RS_HL 6222.JPG,aab59542df0ddc24,accepted
f01094f45f2cef49,2,f01094f45f2cef49,representative,,,1.0,color,soybean___healthy,Soybean___healthy/56ce6106-6204-492f-a761-58f9110929bb___RS_HL 3210.JPG,fde08017c73ec668,accepted
f01094f45f2cef49,2,2459f74e4b4a8a2a,near_duplicate,f01094f45f2cef49,4.0,0.9375,color,tomato___bacterial_spot,Tomato___Bacterial_spot/6757fb05-9503-42bc-aa7e-08d083b780aa___GCREC_Bact.Sp 3201.JPG,ffe08017d61ec668,rejected
977b6cefa387e2c0,2,977b6cefa387e2c0,representative,,,1.0,color,soybean___healthy,Soybean___healthy/56d484b9-e5c9-4dca-b915-316910a147d3___RS_HL 6933.JPG,eee5a41e965ad029,accepted
977b6cefa387e2c0,2,5166123d450e0e37,near_duplicate,977b6cefa387e2c0,4.0,0.9375,color,tomato___bacterial_spot,Tomato___Bacterial_spot/a9045c2f-df74-4d31-8e2f-f3ce3d6753e2___GCREC_Bact.Sp 3026.JPG,eae4a41e965ad839,rejected
c97e6c86abd78032,2,1cb84da13f6612f0,near_duplicate,c97e6c86abd78032,4.0,0.9375,color,soybean___healthy,Soybean___healthy/57a01f63-5550-4d78-94dd-09417e3d311c___RS_HL 5981.JPG,ff84e017857a9c68,rejected
c97e6c86abd78032,2,c97e6c86abd78032,representative,,,1.0,color,soybean___healthy,Soybean___healthy/863b9f39-fd02-44b8-858e-c05d40e59204___RS_HL 5979.JPG,ff04e01f857a9c61,accepted
82f2933ba761d53a,3,2a4b47400a8249c7,near_duplicate,82f2933ba761d53a,8.0,0.875,color,soybean___healthy,Soybean___healthy/581416a4-377d-4f4a-9c6b-d440f8f23ef2___RS_HL 3562.JPG,ebc2d40d9b3c9133,rejected
82f2933ba761d53a,3,82f2933ba761d53a,representative,,,1.0,color,soybean___healthy,Soybean___healthy/5abf103d-2872-40c6-8ddd-8ef88f99746b___RS_HL 4105.JPG,eac2d48d933d9934,accepted
82f2933ba761d53a,3,2216469a8378413c,near_duplicate,82f2933ba761d53a,4.0,0.9375,color,soybean___healthy,Soybean___healthy/d6144acf-78ad-4891-af3f-b9750c71f318___RS_HL 4202.JPG,eac2d48d9b3c9932,rejected
fcff641e0d58bd9b,2,fcff641e0d58bd9b,representative,,,1.0,color,soybean___healthy,Soybean___healthy/5a30aa37-115d-4459-b89c-2b20bf4ec17c___RS_HL 6734.JPG,ebe5a50ec63c9a30,accepted
fcff641e0d58bd9b,2,585240859942394a,near_duplicate,fcff641e0d58bd9b,4.0,0.9375,color,tomato___bacterial_spot,Tomato___Bacterial_spot/2279def6-9a9e-43cd-8f35-9111fa81ab13___GCREC_Bact.Sp 5952.JPG,aae5a50ed63e9a30,rejected
4fcd816c73ec9a63,2,4fcd816c73ec9a63,representative,,,1.0,color,soybean___healthy,Soybean___healthy/5a88cf38-af3b-494c-b7c3-83b37773db99___RS_HL 7182.JPG,fbb0d0538b6b8568,accepted
4fcd816c73ec9a63,2,291772e3bd5ff006,near_duplicate,4fcd816c73ec9a63,4.0,0.9375,color,soybean___healthy,Soybean___healthy/784c6a81-fbc4-448e-87eb-3f3ea4c435ae___RS_HL 4104.JPG,fab1d0528b6b8d68,rejected
e30d379ad83395da,2,4ce2a2c20d6aae37,near_duplicate,e30d379ad83395da,4.0,0.9375,color,soybean___healthy,Soybean___healthy/5a9aaf42-24dc-4646-b49a-e16618360ffc___RS_HL 5272.JPG,afc8d2979832e037,rejected
e30d379ad83395da,2,e30d379ad83395da,representative,,,1.0,color,soybean___healthy,Soybean___healthy/c606f357-d8b8-426d-be13-dd488dd387d3___RS_HL 3453.JPG,afc8d2179c30e137,accepted
45d95d5732f75607,2,45d95d5732f75607,representative,,,1.0,color,soybean___healthy,Soybean___healthy/5bf08cfa-93b1-493e-af11-74144bcdedcc___RS_HL 3942.JPG,bf9e905ac221c765,accepted
45d95d5732f75607,2,f83b4da61bc88652,near_duplicate,45d95d5732f75607,4.0,0.9375,color,soybean___healthy,Soybean___healthy/7b3513bb-136c-4060-a7e7-d97cf239e716___RS_HL 4586.JPG,bf9e905ac228cf64,rejected
b416ef2574935ae1,2,b416ef2574935ae1,representative,,,1.0,color,soybean___healthy,Soybean___healthy/5d068981-68c1-4674-9318-5f38a6f0c49e___RS_HL 3338.JPG,fee48417d61a9839,accepted
b416ef2574935ae1,2,71011e7618ee168f,near_duplicate,b416ef2574935ae1,4.0,0.9375,color,soybean___healthy,Soybean___healthy/6fd5a871-1a03-45e3-88d2-dd7498ebbdf7___RS_HL 6926.JPG,fee48417963a9a31,rejected
11b3b3e3e2962492,5,11b3b3e3e2962492,representative,,,1.0,color,soybean___healthy,Soybean___healthy/5da78ced-3e3c-431e-adb9-4a2476d3a894___RS_HL 6476.JPG,aaf5b142934bd12d,accepted
11b3b3e3e2962492,5,ba9c4fb5840874ac,near_duplicate,11b3b3e3e2962492,6.0,0.90625,color,soybean___healthy,Soybean___healthy/6cbe21af-77e0-4fd4-8dbb-18943e84c0e3___RS_HL 6409.JPG,aab1b542934bd14f,rejected
11b3b3e3e2962492,5,23d0e2238919a3e7,near_duplicate,11b3b3e3e2962492,6.0,0.90625,color,soybean___healthy,Soybean___healthy/8302f802-cee2-4e90-a54f-91b781656e03___RS_HL 6407.JPG,aab1b542916bd16d,rejected
11b3b3e3e2962492,5,5ba8970c8c41022d,near_duplicate,11b3b3e3e2962492,4.0,0.9375,color,soybean___healthy,Soybean___healthy/bc1462a9-c2e3-44d1-8c3d-f2d9edb3ba53___RS_HL 6683.JPG,aab5b542994bd12d,rejected
11b3b3e3e2962492,5,e0adf50f1055955d,near_duplicate,11b3b3e3e2962492,8.0,0.875,color,soybean___healthy,Soybean___healthy/ced064cd-479f-4b6f-bc26-97ec5aa44fe8___RS_HL 5903.JPG,aab1b5c2d30bd14d,rejected
2657d41bc3e22ee8,2,2657d41bc3e22ee8,representative,,,1.0,color,soybean___healthy,Soybean___healthy/5da7f5c6-4942-4108-9048-352f3815836a___RS_HL 5274.JPG,bc9e9558c249cf25,accepted
2657d41bc3e22ee8,2,3a8d946195543333,near_duplicate,2657d41bc3e22ee8,4.0,0.9375,color,soybean___healthy,Soybean___healthy/bb880e71-85b8-469f-9f19-8ae8685eec31___RS_HL 5218.JPG,f89c9558c249cf65,rejected
77add0d1c40acdb0,2,77add0d1c40acdb0,representative,,,1.0,color,soybean___healthy,Soybean___healthy/5dc6180f-3e13-435c-b49d-1abcefd67218___RS_HL 6029.JPG,ea95b550906b956d,accepted
77add0d1c40acdb0,2,a7c25e2370988f1f,near_duplicate,77add0d1c40acdb0,4.0,0.9375,color,soybean___healthy,Soybean___healthy/b0eeaca4-a336-48a8-914b-cc20edcfeaf0___RS_HL 5569.JPG,aa15bd50906bd56d,rejected
1d8c325a2b1ffa11,2,8073a6be3fa7d6f9,near_duplicate,1d8c325a2b1ffa11,4.0,0.9375,color,soybean___healthy,Soybean___healthy/648e8bd1-830c-42bd-8d60-f5a85e616068___RS_HL 5354.JPG,be1f8548ca65c4e6,rejected
1d8c325a2b1ffa11,2,1d8c325a2b1ffa11,representative,,,1.0,color,soybean___healthy,Soybean___healthy/b7fcdf65-1f9e-4afc-887c-b4952b35495b___RS_HL 3780.JPG,be9f8568ca6184e6,accepted
d2980dffda0de2a5,2,d2980dffda0de2a5,representative,,,1.0,color,soybean___healthy,Soybean___healthy/64a44a8f-a19d-49f6-b6ed-1cce7d7bf576___RS_HL 5674.JPG,ffe2a007d65e803a,accepted
d2980dffda0de2a5,2,9699a167b2846deb,near_duplicate,d2980dffda0de2a5,4.0,0.9375,color,soybean___healthy,Soybean___healthy/dd4bf9f1-3395-478e-a7b5-2caacdf8c2cd___RS_HL 6159.JPG,ffe2a007d61e8839,rejected
120fc63c0630b520,2,120fc63c0630b520,representative,,,1.0,color,soybean___healthy,Soybean___healthy/64dafadf-8384-4564-bf2d-f495304b4c70___RS_HL 3886.JPG,eb95c11a8f788c69,accepted
120fc63c0630b520,2,5077d9b751797309,near_duplicate,120fc63c0630b520,4.0,0.9375,color,soybean___healthy,Soybean___healthy/85d3c1c8-3577-4fa0-8383-6ce22eb0a023___RS_HL 6788.JPG,ba95c11a8f7a8c69,rejected
527ade5a982f68aa,3,b2ebc2a5634b7ecf,near_duplicate,527ade5a982f68aa,4.0,0.9375,color,soybean___healthy,Soybean___healthy/6ad63962-b242-4612-bee9-9cc241c9a57e___RS_HL 4806.JPG,ff9f8150ce61b0a4,rejected
527ade5a982f68aa,3,527ade5a982f68aa,representative,,,1.0,color,soybean___healthy,Soybean___healthy/a1997cb3-3465-4335-9726-0a16e71d1972___RS_HL 4241.JPG,fe9f8150ca61b4e4,accepted
527ade5a982f68aa,3,eb371fcb59ebf4aa,near_duplicate,527ade5a982f68aa,4.0,0.9375,color,soybean___healthy,Soybean___healthy/fbbd6e2f-fc81-4b10-9226-c100da7c0c6f___RS_HL 2776.JPG,fe9f8170ca6894e4,rejected
b6519d3896c35848,2,b6519d3896c35848,representative,,,1.0,color,soybean___healthy,Soybean___healthy/6b427bc4-c0ed-49a4-acbf-065ad4348a5a___RS_HL 7040.JPG,eaa5e416865a9d78,accepted
b6519d3896c35848,2,1eccf65444740c2e,near_duplicate,b6519d3896c35848,4.0,0.9375,color,soybean___healthy,Soybean___healthy/a154d762-7972-42c7-b54e-57984ff4949d___RS_HL 6763.JPG,eaa5e516965a9878,rejected
818314d701b13c9b,2,e5176e71b72eca27,near_duplicate,818314d701b13c9b,4.0,0.9375,color,soybean___healthy,Soybean___healthy/6c62a238-a4af-4021-82e3-f8fbef919fa6___RS_HL 3230.JPG,faa5851e9a38c939,rejected
818314d701b13c9b,2,818314d701b13c9b,representative,,,1.0,color,soybean___healthy,Soybean___healthy/93f5b584-81f7-4dfd-a517-f0f17804bbf4___RS_HL 4513.JPG,fac5851e9a38c935,accepted
a64dd1d1bc8159f4,2,a64dd1d1bc8159f4,representative,,,1.0,color,soybean___healthy,Soybean___healthy/6dc6912f-d5f3-428a-bb35-ba4136c05220___RS_HL 6901.JPG,abf195c29e27580d,accepted
a64dd1d1bc8159f4,2,bbb55278af7d723e,near_duplicate,a64dd1d1bc8159f4,4.0,0.9375,color,soybean___healthy,Soybean___healthy/7f02e9fa-fd03-4ff5-8f18-7c7a85f7e0ee___RS_HL 6899.JPG,aaf195c29b27780d,rejected
f2275084049118e5,2,5f40f69e466fd985,near_duplicate,f2275084049118e5,4.0,0.9375,color,soybean___healthy,Soybean___healthy/6dfcb336-25a6-4ee3-a193-05c5760ba9a6___RS_HL 4256.JPG,eabd95c2d0c8e1c5,rejected
f2275084049118e5,2,f2275084049118e5,representative,,,1.0,color,soybean___healthy,Soybean___healthy/d12d2a72-7aa9-4cb7-9d47-cdb879952074___RS_HL 3396.JPG,eabd95c2d8cc61c1,accepted
a047fe9029876e53,4,b1f6576edb0bce49,near_duplicate,a047fe9029876e53,4.0,0.9375,color,soybean___healthy,Soybean___healthy/6e02c432-0a7b-4b2e-a2d9-6b8e0d4ef9b7___RS_HL 6980.JPG,eae0a597d49ad48a,rejected
a047fe9029876e53,4,a047fe9029876e53,representative,,,1.0,color,soybean___healthy,Soybean___healthy/758537b1-bc0d-4c52-b723-a0d734dc594a___RS_HL 6405.JPG,eae0a597949a94da,accepted
a047fe9029876e53,4,0b0c84dac5af1a64,near_duplicate,a047fe9029876e53,8.0,0.875,color,soybean___healthy,Soybean___healthy/e5ac3644-81ba-478d-bd86-879b1eca9d6f___RS_HL 6729.JPG,eaa0a587d59ad4aa,rejected
a047fe9029876e53,4,aeb86fd3c465eab8,near_duplicate,a047fe9029876e53,4.0,0.9375,color,tomato___bacterial_spot,Tomato___Bacterial_spot/89e634fd-a7e1-4e7e-8c95-cbdcd96dd381___GCREC_Bact.Sp 3721.JPG,eae0a597949a92d9,rejected
21fc418b8fe2375d,2,21fc418b8fe2375d,representative,,,1.0,color,soybean___healthy,Soybean___healthy/6fbe376d-bfee-44f7-9432-7ccd737a2667___RS_HL 4495.JPG,ab6ad0a481978d9f,accepted
21fc418b8fe2375d,2,9ddb0b28b9724091,near_duplicate,21fc418b8fe2375d,4.0,0.9375,color,soybean___healthy,Soybean___healthy/9e9afc4f-3866-48ca-b505-d13a191403b0___RS_HL 4654.JPG,ab4ad0a0c1978dbf,rejected
6ecc079caf9ba406,2,d7a8128a501a3488,near_duplicate,6ecc079caf9ba406,4.0,0.9375,color,soybean___healthy,Soybean___healthy/701323ad-6595-439e-9aef-52b75b0fcf07___RS_HL 2990.JPG,eac8c58f969d9238,rejected
6ecc079caf9ba406,2,6ecc079caf9ba406,representative,,,1.0,color,soybean___healthy,Soybean___healthy/e4f3e915-6e2e-4ceb-9cab-37ca1bef4801___RS_HL 3018.JPG,aacac58f96bd9230,accepted
036dbb1becbf954b,2,036dbb1becbf954b,representative,,,1.0,color,soybean___healthy,Soybean___healthy/707074ce-97a4-42b5-b82f-30370a765ca7___RS_HL 6873.JPG,ffe0a447963ac829,accepted
036dbb1becbf954b,2,c88dc14d4fed25e0,near_duplicate,036dbb1becbf954b,4.0,0.9375,color,soybean___healthy,Soybean___healthy/f4adf8bc-a80a-4f74-96ea-7f8f7d4e04ce___RS_HL 5707 1.JPG,ffe0a147962ad829,rejected
16d6176a61227893,3,02e5176fcbb39c26,near_duplicate,16d6176a61227893,8.0,0.875,color,soybean___healthy,Soybean___healthy/70cdfcaf-b5a7-4637-b3d6-00e34ce9d3c0___RS_HL 6147.JPG,ffb0b051c14acf2c,rejected
16d6176a61227893,3,6df0e863edd1d4a4,near_duplicate,16d6176a61227893,4.0,0.9375,color,soybean___healthy,Soybean___healthy/9d8e41e8-d2c7-4d04-b29a-08c394fffd6f___RS_HL 6768.JPG,fbb09051c34acf6c,rejected
16d6176a61227893,3,16d6176a61227893,representative,,,1.0,color,soybean___healthy,Soybean___healthy/ac52dcf9-6773-4002-a536-ad587c863252___RS_HL 6767.JPG,fbb09051834acfcd,accepted
2efebaa97e85f547,2,2efebaa97e85f547,representative,,,1.0,color,soybean___healthy,Soybean___healthy/7194440d-9548-4e56-b058-ac286252af75___RS_HL 2746.JPG,ba1d8548cc67f2f0,accepted
2efebaa97e85f547,2,0e953be5796b81bd,near_duplicate,2efebaa97e85f547,2.0,0.96875,color,soybean___healthy,Soybean___healthy/fc87d792-f83d-439e-a27a-afcf478c037b___RS_HL 2891.JPG,aa1f8548cc67f2f0,rejected
fe4dd2e4fa44ae66,2,8fb48e57f5a8b593,near_duplicate,fe4dd2e4fa44ae66,4.0,0.9375,color,soybean___healthy,Soybean___healthy/71d34686-d60b-4049-8b47-88695b6186e9___RS_HL 3881.JPG,bb91d15bc16d8c64,rejected
fe4dd2e4fa44ae66,2,fe4dd2e4fa44ae66,representative,,,1.0,color,soybean___healthy,Soybean___healthy/a8ad6135-8fbe-45f5-bc74-d53b01ca258d___RS_HL 3809.JPG,bb91d04bc96d8e64,accepted
35e02a40a47dc2f1,3,35e02a40a47dc2f1,representative,,,1.0,color,soybean___healthy,Soybean___healthy/7310a63d-55f8-41f1-bba9-9bf3b0c2f447___RS_HL 4457.JPG,bab0915acb69cf24,accepted
35e02a40a47dc2f1,3,a0b980e906e8ead1,near_duplicate,35e02a40a47dc2f1,4.0,0.9375,color,soybean___healthy,Soybean___healthy/8f3d6483-25ab-40af-82c5-1ba4cfd78684___RS_HL 4694.JPG,bab091dac349cf25,rejected
35e02a40a47dc2f1,3,bc05c7729c783b60,near_duplicate,35e02a40a47dc2f1,4.0,0.9375,color,soybean___healthy,Soybean___healthy/a21acb7a-d58f-445b-99e7-a013ade1be88___RS_HL 3687.JPG,bbb0915bca69cd24,rejected
7a0875f15cac89ef,3,7a0875f15cac89ef,representative,,,1.0,color,soybean___healthy,Soybean___healthy/73a2b7ac-d2f9-4b4c-82e7-77fb0854c97d___RS_HL 5681.JPG,aeb1b143974bd80d,accepted
7a0875f15cac89ef,3,b9d732cee4aeebaa,near_duplicate,7a0875f15cac89ef,4.0,0.9375,color,soybean___healthy,Soybean___healthy/76e5a39e-1f60-4169-a407-94c1e43a3d0a___RS_HL 6638.JPG,beb0b14397cbc80d,rejected
7a0875f15cac89ef,3,e9c5eb1c5d833dbf,near_duplicate,7a0875f15cac89ef,4.0,0.9375,color,soybean___healthy,Soybean___healthy/8c262ffd-c816-49dd-be4c-6aa3de02485b___RS_HL 6636.JPG,beb0b14397cbc80d,rejected
3861bf5c16cf335a,2,cc49732c2a2954c7,near_duplicate,3861bf5c16cf335a,4.0,0.9375,color,soybean___healthy,Soybean___healthy/74a4ee2b-86cd-44f8-90f1-9646426597bd___RS_HL 4240.JPG,eae4a10f953cd1b1,rejected
3861bf5c16cf335a,2,3861bf5c16cf335a,representative,,,1.0,color,soybean___healthy,Soybean___healthy/8b6d341b-f5c2-4dce-a9ba-2df7087463f1___RS_HL 3625.JPG,fae0a10f953c91b5,accepted
dab8993626da8d19,2,094b8b03a377c8c8,near_duplicate,dab8993626da8d19,4.0,0.9375,color,soybean___healthy,Soybean___healthy/74e73fa7-c639-4b92-9f55-416ac50bc7cf___RS_HL 5586.JPG,fbb2e0c5874e9c18,rejected
dab8993626da8d19,2,dab8993626da8d19,representative,,,1.0,color,soybean___healthy,Soybean___healthy/f74b5035-34b3-4415-8ba7-35e38bc15ecb___RS_HL 5587.JPG,ffb8e0c5874e9c08,accepted
0901e88a8ae97880,2,abb296fcc55d7024,near_duplicate,0901e88a8ae97880,4.0,0.9375,color,soybean___healthy,Soybean___healthy/75b54f26-5cd5-418b-8c2e-762638c21248___RS_HL 2733.JPG,bfe09407da1ec03d,rejected
0901e88a8ae97880,2,0901e88a8ae97880,representative,,,1.0,color,soybean___healthy,Soybean___healthy/efa3c5aa-f516-4dd4-8dba-69bd1f5480c2___RS_HL 3906.JPG,afe09406de1ed03d,accepted
96139cab2acf9e64,2,96139cab2acf9e64,representative,,,1.0,color,soybean___healthy,Soybean___healthy/75fc8ed9-a6b0-47f3-b28f-5f0f72d6c509___RS_HL 5722.JPG,aa91b542816f972f,accepted
96139cab2acf9e64,2,b42a65839d372f16,near_duplicate,96139cab2acf9e64,4.0,0.9375,color,soybean___healthy,Soybean___healthy/cc80f1c8-bfa0-4fbe-a25d-0c508ac13025___RS_HL 5720.JPG,aa91f542816f966e,rejected
df137313ed30ee6a,2,0df39a1af95053cc,near_duplicate,df137313ed30ee6a,4.0,0.9375,color,soybean___healthy,Soybean___healthy/7702ce9b-81f9-4ece-ba58-af88e1d3b3fe___RS_HL 4715.JPG,eb42950d9a35d237,rejected
df137313ed30ee6a,2,df137313ed30ee6a,representative,,,1.0,color,soybean___healthy,Soybean___healthy/fd858fcf-a5fe-42ed-be4c-af103d8c7e22___RS_HL 3919.JPG,ebc8950d9a31d237,accepted
947f52f99ab246c5,2,3d99e97a28e6e62b,near_duplicate,947f52f99ab246c5,4.0,0.9375,color,soybean___healthy,Soybean___healthy/7760e915-a52e-41a7-8e7c-23bd1935ef16___RS_HL 6649.JPG,aa94b15ac14bd56d,rejected
947f52f99ab246c5,2,947f52f99ab246c5,representative,,,1.0,color,soybean___healthy,Soybean___healthy/7f6f8b53-656d-4a35-bce9-9372f1274598___RS_HL 6647.JPG,aa14f55a814bd56d,accepted
2d86dbeb3cf70354,2,77cca624309d7d13,near_duplicate,2d86dbeb3cf70354,2.0,0.96875,color,soybean___healthy,Soybean___healthy/789b51b7-b797-4e43-b8b1-30876a96f435___RS_HL 6341.JPG,bfe0f017825e8f18,rejected
2d86dbeb3cf70354,2,2d86dbeb3cf70354,representative,,,1.0,color,soybean___healthy,Soybean___healthy/9c40fa63-b98c-4fec-9edc-02fb4e99ef38___RS_HL 6342.JPG,bfe0f017835e8f08,accepted
92eba9a4337c92bd,2,92eba9a4337c92bd,representative,,,1.0,color,soybean___healthy,Soybean___healthy/78e6abc9-139c-41e0-9e1a-1c60f9d4d04f___RS_HL 3999.JPG,fbcad21d9b308133,accepted
92eba9a4337c92bd,2,d5e82a72b912c8d0,near_duplicate,92eba9a4337c92bd,4.0,0.9375,color,soybean___healthy,Soybean___healthy/a4be9a6d-d416-4e23-a9a4-b1c0c0c155dc___RS_HL 4239.JPG,efcad21d99308137,rejected
502fb061fc2c9fe3,2,502fb061fc2c9fe3,representative,,,1.0,color,soybean___healthy,Soybean___healthy/79ca5473-afda-4b69-82fc-7b031ae75b9c___RS_HL 6878.JPG,aaf1914a9f6dd824,accepted
502fb061fc2c9fe3,2,1f173dc5f8eed564,near_duplicate,502fb061fc2c9fe3,4.0,0.9375,color,tomato___bacterial_spot,Tomato___Bacterial_spot/c23fe2f1-4b93-4e4e-b55e-215b4a922e5d___GCREC_Bact.Sp 5779.JPG,aaf1954a9f6cd02c,rejected
bfa1934b9d2c1eea,2,bfa1934b9d2c1eea,representative,,,1.0,color,soybean___healthy,Soybean___healthy/7a559086-eb92-4b12-bcb7-1db42375143d___RS_HL 5402.JPG,eee4c41e9e989839,accepted
bfa1934b9d2c1eea,2,084a96a6e0fddcf9,near_duplicate,bfa1934b9d2c1eea,4.0,0.9375,color,soybean___healthy,Soybean___healthy/9b1e612f-1a8b-4101-86d7-82cd24d2f535___RS_HL 6295.JPG,eee5c48e9e189839,rejected
ab4215ca19d32762,2,ab4215ca19d32762,representative,,,1.0,color,soybean___healthy,Soybean___healthy/7bda9cfd-61be-466e-b38f-f0d52f1658ad___RS_HL 6034.JPG,bfe0f011cb4bc50e,accepted
ab4215ca19d32762,2,8cee2567ae420197,near_duplicate,ab4215ca19d32762,4.0,0.9375,color,soybean___healthy,Soybean___healthy/ec19cdd9-d9a4-46bf-994d-fc5e609a0e84___RS_HL 6036.JPG,bfe0f001c34fcd0e,rejected
0e74ca94f2ba390a,2,0e74ca94f2ba390a,representative,,,1.0,color,soybean___healthy,Soybean___healthy/7bfe5a47-116a-420f-8424-63e4e97e0d0f___RS_HL 6599.JPG,ffb0f011c25f8d48,accepted
0e74ca94f2ba390a,2,ae8bfbaeb6a188e5,near_duplicate,0e74ca94f2ba390a,4.0,0.9375,color,soybean___healthy,Soybean___healthy/f07d4c33-326c-4b7f-b566-70907da5f492___RS_HL 6600.JPG,ffb0f051c05f854c,rejected
2cede1115304629c,4,15e63e054265bb5b,near_duplicate,2cede1115304629c,6.0,0.90625,color,soybean___healthy,Soybean___healthy/7c243bed-020a-472b-b1f6-6ba89f52ef99___RS_HL 4246.JPG,f89c974a8c6f8466,rejected
2cede1115304629c,4,da31b0c181432b29,near_duplicate,2cede1115304629c,4.0,0.9375,color,soybean___healthy,Soybean___healthy/cb9db845-5c66-4ace-a165-35e7e10ed2a7___RS_HL 5233.JPG,f89c974acd658466,rejected
2cede1115304629c,4,e1237d88d4158c0d,near_duplicate,2cede1115304629c,4.0,0.9375,color,soybean___healthy,Soybean___healthy/d8f485d4-9759-40bd-b7fa-214ba5d3eb56___RS_HL 5055.JPG,f89c954acf69c462,rejected
2cede1115304629c,4,2cede1115304629c,representative,,,1.0,color,soybean___healthy,Soybean___healthy/f566be00-a807-44f0-8997-5bcfa23f6612___RS_HL 5299.JPG,f89c954ace65c466,accepted
18e31d5104ca9a42,3,1c658ed75807f96f,near_duplicate,18e31d5104ca9a42,4.0,0.9375,color,soybean___healthy,Soybean___healthy/7d990733-3277-4d24-809d-244dfef39f3d___RS_HL 3115.JPG,fa6c85e41e96389a,rejected
18e31d5104ca9a42,3,690771809008919c,near_duplicate,18e31d5104ca9a42,4.0,0.9375,color,soybean___healthy,Soybean___healthy/fa38d240-b439-4fc5-9e19-10df684897c5___RS_HL 5102.JPG,ea6c85a59e96389a,rejected
18e31d5104ca9a42,3,18e31d5104ca9a42,representative,,,1.0,color,soybean___healthy,Soybean___healthy/fe7c74c4-5794-489f-ba63-cc8cf9e55d72___RS_HL 4436.JPG,fe6c81a51e96389a,accepted
9b85b29b75673e32,2,a936447d6cc187ec,near_duplicate,9b85b29b75673e32,4.0,0.9375,color,soybean___healthy,Soybean___healthy/7e3d7992-e944-4955-a240-467bbc9404c5___RS_HL 5361.JPG,ff4ad21f98348136,rejected
9b85b29b75673e32,2,9b85b29b75673e32,representative,,,1.0,color,soybean___healthy,Soybean___healthy/bae32d39-98e3-4359-90ed-6f7acbc185d5___RS_HL 3047.JPG,ff4ad20d99368136,accepted
0f7c07087f0b49fd,2,0f7c07087f0b49fd,representative,,,1.0,color,soybean___healthy,Soybean___healthy/7fbacd60-2993-4658-b34b-f272d1d82ac0___RS_HL 3134.JPG,fee0810fc73a9a38,accepted
0f7c07087f0b49fd,2,9fe8916248cdaa11,near_duplicate,0f7c07087f0b49fd,4.0,0.9375,color,strawberry___leaf_scorch,Strawberry___Leaf_scorch/8830892d-8a46-498a-bc52-2da674bf1288___RS_L.Scorch 1038.JPG,fee0810fc73ac839,rejected
16a947cab3b33b1f,3,4cc3865b3677a095,near_duplicate,16a947cab3b33b1f,6.0,0.90625,color,soybean___healthy,Soybean___healthy/802f93ba-1a07-457f-a118-19b5450f81f3___RS_HL 4817.JPG,adc1940f9a35d336,rejected
16a947cab3b33b1f,3,d9d48fc643443900,near_duplicate,16a947cab3b33b1f,4.0,0.9375,color,soybean___healthy,Soybean___healthy/b9c99b24-2427-495d-b3b4-6c398a514cee___RS_HL 4753.JPG,adc1940f9a3cdb32,rejected
16a947cab3b33b1f,3,16a947cab3b33b1f,representative,,,1.0,color,soybean___healthy,Soybean___healthy/c668b75d-b636-4513-b1d0-1b6420318c21___RS_HL 5268.JPG,adc1941f9a30db33,accepted
a3074e02d0f928da,4,74e05fb012845fac,near_duplicate,a3074e02d0f928da,4.0,0.9375,color,soybean___healthy,Soybean___healthy/83df65e0-72d2-4d4a-9d7d-056dcb8a22aa___RS_HL 6709.JPG,ffb0f050c14b8d4d,rejected
a3074e02d0f928da,4,23e01f7d353a45f1,near_duplicate,a3074e02d0f928da,10.0,0.84375,color,soybean___healthy,Soybean___healthy/b227114e-2b04-4d6f-bb30-6ae75fccbdde___RS_HL 6322.JPG,fbb1f0d1824b8d4c,rejected
a3074e02d0f928da,4,dca0d56c2050d302,near_duplicate,a3074e02d0f928da,6.0,0.90625,color,soybean___healthy,Soybean___healthy/ed1c954a-2d5f-42aa-bdc3-a644184a326e___RS_HL 6321.JPG,fbb0f051c34b8d4c,rejected
a3074e02d0f928da,4,a3074e02d0f928da,representative,,,1.0,color,soybean___healthy,Soybean___healthy/f21f5422-6f59-4a2a-b385-b88646b64635___RS_HL 6708.JPG,ffb0b051c14b874d,accepted
4632e86d6eeb33c9,4,3d529169b3d1e643,near_duplicate,4632e86d6eeb33c9,4.0,0.9375,color,soybean___healthy,Soybean___healthy/8930b079-d921-4a3f-b174-514f754df6e5___RS_HL 4325.JPG,adc4c40f9e789b31,rejected
4632e86d6eeb33c9,4,4632e86d6eeb33c9,representative,,,1.0,color,soybean___healthy,Soybean___healthy/8c831001-412b-43a9-963c-b613a0447447___RS_HL 3865.JPG,ed45c40f9e789a31,accepted
4632e86d6eeb33c9,4,bea552573fa39cb7,near_duplicate,4632e86d6eeb33c9,10.0,0.84375,color,soybean___healthy,Soybean___healthy/ae093106-e1d6-4383-b599-1d3a3ce9ca7c___RS_HL 4569.JPG,ebe4c41e9e789921,rejected
4632e86d6eeb33c9,4,2f6d8601eb72c5c4,near_duplicate,4632e86d6eeb33c9,6.0,0.90625,color,soybean___healthy,Soybean___healthy/e8e92d6f-0840-468f-a2af-d5fd89daa945___RS_HL 4611.JPG,efc4c40e9e789b21,rejected
5fa2367ff2cc7c20,2,5fa2367ff2cc7c20,representative,,,1.0,color,soybean___healthy,Soybean___healthy/89444c12-2d69-4bb9-8533-0bf25cb93ef9___RS_HL 6527.JPG,eec4a5079c3ad03b,accepted
5fa2367ff2cc7c20,2,5dcdf0e6201345cc,near_duplicate,5fa2367ff2cc7c20,4.0,0.9375,color,soybean___healthy,Soybean___healthy/af4a7e90-22a7-47e1-8e64-db36cb6aa17d___RS_HL 6529.JPG,eec4a547943ad12b,rejected
1a3cdd92af4fc690,2,1a3cdd92af4fc690,representative,,,1.0,color,soybean___healthy,Soybean___healthy/89ba2d1f-0264-4416-a9d7-2e1ad8182bc3___RS_HL 2835.JPG,fac0a50fd63cd270,accepted
1a3cdd92af4fc690,2,1d034653e6beb853,near_duplicate,1a3cdd92af4fc690,4.0,0.9375,color,soybean___healthy,Soybean___healthy/a120db53-30b2-4e03-98fb-653f9cdea119___RS_HL 5633 1.JPG,ebc0a50fd43cd278,rejected
333e8a1dab5521c5,2,d881cab2f643b5d0,near_duplicate,333e8a1dab5521c5,4.0,0.9375,color,soybean___healthy,Soybean___healthy/8b1e08ee-e81a-4075-82b4-930d7241516b___RS_HL 5489.JPG,eb49c51f9e389a21,rejected
333e8a1dab5521c5,2,333e8a1dab5521c5,representative,,,1.0,color,soybean___healthy,Soybean___healthy/9a04ddf5-22ea-420a-926a-541724535613___RS_HL 4103.JPG,eb4ac11f9e389a31,accepted
4a275a9aa41bb17b,2,8b29a045b669da9b,near_duplicate,4a275a9aa41bb17b,4.0,0.9375,color,soybean___healthy,Soybean___healthy/8c0105b6-f801-40d5-acab-c769f4c51d9a___RS_HL 4845.JPG,afca92179d30e523,rejected
4a275a9aa41bb17b,2,4a275a9aa41bb17b,representative,,,1.0,color,tomato___leaf_mold,Tomato___Leaf_Mold/9c42ac1e-d48f-4644-bf35-a9b0478330e2___Crnl_L.Mold 6709.JPG,afc892979d30c533,accepted
5d520deba4c55f3a,2,9ba52e017aded20f,near_duplicate,5d520deba4c55f3a,4.0,0.9375,color,soybean___healthy,Soybean___healthy/8c32c2a4-73b9-4b32-a514-e06a12f7dfe1___RS_HL 6299.JPG,ffa6a017833a8d38,rejected
5d520deba4c55f3a,2,5d520deba4c55f3a,representative,,,1.0,color,soybean___healthy,Soybean___healthy/e27346d4-b54b-412e-9d1d-d40d0672ef91___RS_HL 5946.JPG,ffa4e017835a8d38,accepted
9d217f9b6b8f13ec,2,9d217f9b6b8f13ec,representative,,,1.0,color,soybean___healthy,Soybean___healthy/8cf93314-47e2-4ea6-b161-03e12e957fe5___RS_HL 5601.JPG,ff3ce005c77a82b0,accepted
9d217f9b6b8f13ec,2,d6e262e791365a70,near_duplicate,9d217f9b6b8f13ec,2.0,0.96875,color,soybean___healthy,Soybean___healthy/900dd919-0cd2-4fc8-98e7-d414bd1482f9___RS_HL 5604.JPG,ff3ce005c57e82b0,rejected
4e7f7997978274f0,2,d992756a1e51af6a,near_duplicate,4e7f7997978274f0,4.0,0.9375,color,soybean___healthy,Soybean___healthy/8d1d02ae-5565-451b-8fce-fb922ad21eea___RS_HL 3355.JPG,fe61c10e9fb81893,rejected
4e7f7997978274f0,2,4e7f7997978274f0,representative,,,1.0,color,soybean___healthy,Soybean___healthy/bac89c58-80d8-4b50-b263-7966ab9d90a0___RS_HL 4683.JPG,fe65c11e9eb01893,accepted
e5377f9c6a2690f8,2,fcea171d86caad89,near_duplicate,e5377f9c6a2690f8,4.0,0.9375,color,soybean___healthy,Soybean___healthy/8e68a593-9948-49d9-b8dd-005160fddd5c___RS_HL 6811.JPG,ff9cf041c06f8564,rejected
e5377f9c6a2690f8,2,e5377f9c6a2690f8,representative,,,1.0,color,soybean___healthy,Soybean___healthy/adc5dd7c-cac5-47a9-9aec-db0d0cc7721f___RS_HL 6812.JPG,ffb8f043c06f8524,accepted
66b279375f44acab,2,c6bc29d0e2d410a6,near_duplicate,66b279375f44acab,4.0,0.9375,color,soybean___healthy,Soybean___healthy/90c417d5-6d8b-45c8-b145-d3973ff396fe___RS_HL 5920.JPG,fbe9c8959e942870,rejected
66b279375f44acab,2,66b279375f44acab,representative,,,1.0,color,soybean___healthy,Soybean___healthy/b3a0d3e7-bab0-4729-b3b5-58f3784ec924___RS_HL 5921.JPG,ffe9c8958e942852,accepted
63d303d75b5a0e6b,2,63d303d75b5a0e6b,representative,,,1.0,color,soybean___healthy,Soybean___healthy/91b4b681-7fe9-4a91-87d4-eeaf83d95418___RS_HL 7024.JPG,bfe4a40f963e9038,accepted
63d303d75b5a0e6b,2,b09eb0d34e00729d,near_duplicate,63d303d75b5a0e6b,4.0,0.9375,color,soybean___healthy,Soybean___healthy/b22f2758-59c2-48dc-8933-da544082304c___RS_HL 6283.JPG,ffe4a41f921e9038,rejected
9cb3040f5adf5414,2,ea9d59933fed3ca3,near_duplicate,9cb3040f5adf5414,4.0,0.9375,color,soybean___healthy,Soybean___healthy/93ebd0ba-d45f-42cf-b800-f12f8ab70a69___RS_HL 6721.JPG,fba1b051d34ac92d,rejected
9cb3040f5adf5414,2,9cb3040f5adf5414,representative,,,1.0,color,soybean___healthy,Soybean___healthy/b44dcbac-ddfc-4dc0-8800-52a35b590d30___RS_HL 7153.JPG,ffa0b053c34ac92d,accepted
f0e7d5e2a1d2a395,2,f0e7d5e2a1d2a395,representative,,,1.0,color,soybean___healthy,Soybean___healthy/94f05a6d-b70e-4543-a769-af7741604ddb___RS_HL 3783.JPG,bf10d20bcb2dce34,accepted
f0e7d5e2a1d2a395,2,0c9f628c9b2da155,near_duplicate,f0e7d5e2a1d2a395,4.0,0.9375,color,tomato___bacterial_spot,Tomato___Bacterial_spot/ef110350-8e1f-4eb2-a384-037eafaf1089___GCREC_Bact.Sp 5980.JPG,ad30d20bcb2dceb4,rejected
1b948f3f6f6ee3b9,2,1b948f3f6f6ee3b9,representative,,,1.0,color,soybean___healthy,Soybean___healthy/959d5089-9f15-4ecc-afae-d9cbe63554d3___RS_HL 5028.JPG,fee0a407962eda38,accepted
1b948f3f6f6ee3b9,2,061eb8fad22e872c,near_duplicate,1b948f3f6f6ee3b9,4.0,0.9375,color,soybean___healthy,Soybean___healthy/ec918f50-f286-46b0-8210-d2b7bb8780e0___RS_HL 7056.JPG,fee09407962ed83c,rejected
5bb066319b02f240,2,f2b1d32c431daa4e,near_duplicate,5bb066319b02f240,4.0,0.9375,color,soybean___healthy,Soybean___healthy/95d81449-9f6f-46c9-a613-974385857d07___RS_HL 6344.JPG,eab5a552974a9469,rejected
5bb066319b02f240,2,5bb066319b02f240,representative,,,1.0,color,soybean___healthy,Soybean___healthy/e499bda7-12bd-4729-a5c7-9e51361d8ad8___RS_HL 6670.JPG,aa95a552974e9479,accepted
852a0f180ed63b99,2,483efed5f473a971,near_duplicate,852a0f180ed63b99,4.0,0.9375,color,soybean___healthy,Soybean___healthy/97ab059b-2bb2-4312-9b90-b0fd86aacc51___RS_HL 3894.JPG,baca94ad9b34e162,rejected
852a0f180ed63b99,2,852a0f180ed63b99,representative,,,1.0,color,soybean___healthy,Soybean___healthy/d77fcd13-0796-41bb-87db-38b172d67c34___RS_HL 5544 1.JPG,baca848d9b34e167,accepted
36c079aeea8d94a6,2,36c079aeea8d94a6,representative,,,1.0,color,soybean___healthy,Soybean___healthy/97d5eac5-a52b-4918-a31d-a0e1371780f4___RS_HL 4488.JPG,bf9cd04ac06dcf24,accepted
36c079aeea8d94a6,2,14087d3817f3eaac,near_duplicate,36c079aeea8d94a6,4.0,0.9375,color,soybean___healthy,Soybean___healthy/d5a4ccff-6a28-43e5-9c59-6704bc0411d5___RS_HL 4857.JPG,bf9cd058c16dc724,rejected
0eab7f11c492d98e,2,0eab7f11c492d98e,representative,,,1.0,color,soybean___healthy,Soybean___healthy/98d508a8-53fb-483a-95ad-ddf7bda3fa8d___RS_HL 4602.JPG,ea49853d9eb05993,accepted
0eab7f11c492d98e,2,6f2a7744b4711d25,near_duplicate,0eab7f11c492d98e,4.0,0.9375,color,soybean___healthy,Soybean___healthy/f3c57be2-18c4-4750-9400-251b0fd52670___RS_HL 4756.JPG,ea4b852d9eb41993,rejected
5459b12a7663722a,3,bf3c92a88d477416,near_duplicate,5459b12a7663722a,4.0,0.9375,color,soybean___healthy,Soybean___healthy/99525cf7-be2d-4810-9728-18d82059f50b___RS_HL 4707.JPG,fa1f8742c865b172,rejected
5459b12a7663722a,3,5459b12a7663722a,representative,,,1.0,color,soybean___healthy,Soybean___healthy/99ed9340-7586-46a7-93a4-5c5c740e1cef___RS_HL 4040.JPG,fa1f8742c86fb160,accepted
5459b12a7663722a,3,c40258135d64e00c,near_duplicate,5459b12a7663722a,4.0,0.9375,color,soybean___healthy,Soybean___healthy/cf26126c-9f74-4388-989c-dc7f2b9edb9d___RS_HL 4280.JPG,fa1f8742c86cb5e0,rejected
de3465ccb54c7373,2,de3465ccb54c7373,representative,,,1.0,color,soybean___healthy,Soybean___healthy/9aa4cb36-c05d-465b-8607-c224c97d13e1___RS_HL 5375.JPG,eee0958e9e489969,accepted
de3465ccb54c7373,2,41d68d8dc301c0e0,near_duplicate,de3465ccb54c7373,4.0,0.9375,color,soybean___healthy,Soybean___healthy/c858b001-5d04-4f38-85c6-0ea292527087___RS_HL 4559.JPG,eee0944e9e589969,rejected
a34d3372f722f46d,2,ab7f94aca91069a8,near_duplicate,a34d3372f722f46d,4.0,0.9375,color,soybean___healthy,Soybean___healthy/9bef533f-4670-4c29-8fad-2d49eb53a60a___RS_HL 2846.JPG,af97904ac169e672,rejected
a34d3372f722f46d,2,a34d3372f722f46d,representative,,,1.0,color,soybean___healthy,Soybean___healthy/a96cd6ee-0449-46d7-85d3-772c8b5789d6___RS_HL 4581.JPG,af97914ac369c670,accepted
4d00b24d7e39ff0f,2,4d00b24d7e39ff0f,representative,,,1.0,color,soybean___healthy,Soybean___healthy/9f87e191-4b71-44c2-96b1-7d506be0d2d3___RS_HL 3825.JPG,abe4d4069e3ed831,accepted
4d00b24d7e39ff0f,2,28e33eea7a716711,near_duplicate,4d00b24d7e39ff0f,4.0,0.9375,color,soybean___healthy,Soybean___healthy/d6f57e64-f410-4349-a506-94b618bb4a25___RS_HL 5472.JPG,aae4d4029e3fd839,rejected
610b2995ae08b1cc,2,01e79273746d6691,near_duplicate,610b2995ae08b1cc,4.0,0.9375,color,soybean___healthy,Soybean___healthy/9f894807-ac4e-4319-91cd-e7c908acb0f8___RS_HL 6915.JPG,bfe4e407860e9e38,rejected
610b2995ae08b1cc,2,610b2995ae08b1cc,representative,,,1.0,color,soybean___healthy,Soybean___healthy/b64d63a5-efc5-4712-9d33-933250b4e561___RS_HL 6347.JPG,bfe4e087861e9e18,accepted
4a30b7b567d99e09,2,4a30b7b567d99e09,representative,,,1.0,color,soybean___healthy,Soybean___healthy/a0a80cba-63e0-4657-90ab-8ef86f9f34ad___RS_HL 3009.JPG,bf90d049c52fc636,accepted
4a30b7b567d99e09,2,fb0b11b2c6a1b7e0,near_duplicate,4a30b7b567d99e09,4.0,0.9375,color,soybean___healthy,Soybean___healthy/aac7c960-a5f5-4631-9be8-aa3cfd4d6094___RS_HL 5050.JPG,bf90d04bc72dc632,rejected
ee81f7c8b0b90a8d,2,ee81f7c8b0b90a8d,representative,,,1.0,color,soybean___healthy,Soybean___healthy/a1a5e8f8-d66f-424d-b9ec-6376e7713466___RS_HL 4260.JPG,ee6ac2959d98b095,accepted
ee81f7c8b0b90a8d,2,96bd1d6fd8a02800,near_duplicate,ee81f7c8b0b90a8d,4.0,0.9375,color,tomato___early_blight,Tomato___Early_blight/386b2d80-35c1-4fa5-98b6-f78c1c9cfb36___RS_Erly.B 6470.JPG,ec6ac2979d99b094,rejected
84d313fc9db200e0,2,09badba30137f809,near_duplicate,84d313fc9db200e0,4.0,0.9375,color,soybean___healthy,Soybean___healthy/a3a32405-c5d8-477f-ad36-e56f5d93b514___RS_HL 5690.JPG,aa35f542834f9d68,rejected
84d313fc9db200e0,2,84d313fc9db200e0,representative,,,1.0,color,soybean___healthy,Soybean___healthy/eb8cfd26-bc41-4a4a-ace8-dac9882ad396___RS_HL 5677.JPG,aa37f550824f9d68,accepted
f9867311c41e45d8,2,f9867311c41e45d8,representative,,,1.0,color,soybean___healthy,Soybean___healthy/a3f6f5e5-87d5-4b45-bd65-be37ae714648___RS_HL 7370.JPG,bfb0d04bcd0d8c3c,accepted
f9867311c41e45d8,2,9a65387284b899e6,near_duplicate,f9867311c41e45d8,4.0,0.9375,color,tomato___tomato_yellow_leaf_curl_virus,Tomato___Tomato_Yellow_Leaf_Curl_Virus/dd14aa89-ee18-48e2-adcf-4f82777db8da___YLCV_GCREC 2770.JPG,bfb0c04bce0d8c7c,rejected
57f0d2abbf291409,2,57f0d2abbf291409,representative,,,1.0,color,soybean___healthy,Soybean___healthy/a48d2974-2ae2-46e9-a270-f738507c6289___RS_HL 3285.JPG,bf1f8178dac128c5,accepted
57f0d2abbf291409,2,54d4d705254238b5,near_duplicate,57f0d2abbf291409,4.0,0.9375,color,soybean___healthy,Soybean___healthy/cbc801ac-3bfb-48d4-a702-dc8e6f6ab656___RS_HL 4681.JPG,bf1f8178cac168c6,rejected
694fc23a9d78b690,2,b0a04184fd6fae6e,near_duplicate,694fc23a9d78b690,4.0,0.9375,color,soybean___healthy,Soybean___healthy/a62b55c5-82f2-4ffb-8614-da8372672498___RS_HL 3193.JPG,ff1f81f09461d0e2,rejected
694fc23a9d78b690,2,694fc23a9d78b690,representative,,,1.0,color,soybean___healthy,Soybean___healthy/e3596088-9f16-47a3-9af5-4d4c525de7be___RS_HL 3347.JPG,ff1f81f096e190c2,accepted
c2097693a19dc90d,2,c2097693a19dc90d,representative,,,1.0,color,soybean___healthy,Soybean___healthy/a8b9613c-8c2d-4645-a1b7-41f1eea2d03a___RS_HL 3882.JPG,fecad29799328431,accepted
c2097693a19dc90d,2,2247ba5f9ade2124,near_duplicate,c2097693a19dc90d,4.0,0.9375,color,tomato___leaf_mold,Tomato___Leaf_Mold/9fb7c429-8238-4032-9a4e-e5ac25742f88___Crnl_L.Mold 6867.JPG,bec2d2979db28431,rejected
cdcfed59bc362dc9,4,cbbb53aae4871542,near_duplicate,cdcfed59bc362dc9,8.0,0.875,color,soybean___healthy,Soybean___healthy/a908266b-af75-40a2-9d78-986c9b8f7d70___RS_HL 6139.JPG,aab1b142922bdb6d,rejected
cdcfed59bc362dc9,4,cdcfed59bc362dc9,representative,,,1.0,color,soybean___healthy,Soybean___healthy/ca7a6712-6217-44ed-b6a2-7c07459f8f98___RS_HL 6627.JPG,aaf1b140d12bcf2d,accepted
cdcfed59bc362dc9,4,4708f3d6deff04f0,near_duplicate,cdcfed59bc362dc9,4.0,0.9375,color,soybean___healthy,Soybean___healthy/e3bf7310-7b54-4c47-9c2d-98f9f8291978___RS_HL 6866.JPG,aaf1b142912bdb2d,rejected
cdcfed59bc362dc9,4,22301dcd4faf1623,near_duplicate,cdcfed59bc362dc9,10.0,0.84375,color,tomato___bacterial_spot,Tomato___Bacterial_spot/42aa518f-8005-40bc-9728-a990743c2d5e___GCREC_Bact.Sp 3151.JPG,aaf1b542922bda69,rejected
73c26eed74999023,3,18a752a310fa32a0,near_duplicate,73c26eed74999023,6.0,0.90625,color,soybean___healthy,Soybean___healthy/ace64f16-0e82-4f86-b972-4fc338a8b399___RS_HL 6089.JPG,ffe0b803d01fc31a,rejected
73c26eed74999023,3,676c21d504af9b98,near_duplicate,73c26eed74999023,4.0,0.9375,color,soybean___healthy,Soybean___healthy/ce9305d4-d9bc-45f6-81b1-294e9e8f2115___RS_HL 6087.JPG,ff60b801d01fd33a,rejected
73c26eed74999023,3,73c26eed74999023,representative,,,1.0,color,soybean___healthy,Soybean___healthy/f9e3d219-c022-474a-a739-0b922e5c40df___RS_HL 5566.JPG,ff70b801d03fc23a,accepted
db2efa43de7eed6c,2,db2efa43de7eed6c,representative,,,1.0,color,soybean___healthy,Soybean___healthy/b9b43bc3-5e8b-41b3-9891-a12efaf05074___RS_HL 6437.JPG,aaeda500d60eda3e,accepted
db2efa43de7eed6c,2,249865d6ecda6d13,near_duplicate,db2efa43de7eed6c,2.0,0.96875,color,soybean___healthy,Soybean___healthy/ffdc654b-da66-4c21-9837-396c227ebc41___RS_HL 6435.JPG,aaeda500d40eda3f,rejected
5abad5fdfc9680bf,2,6a283e677feba33b,near_duplicate,5abad5fdfc9680bf,4.0,0.9375,color,soybean___healthy,Soybean___healthy/ba324657-c8bb-4aa4-964d-c08c0ac2d53c___RS_HL 5325.JPG,ea4ad01f9e3c91b2,rejected
5abad5fdfc9680bf,2,5abad5fdfc9680bf,representative,,,1.0,color,soybean___healthy,Soybean___healthy/c87321e2-d5a4-4153-b3b9-c099cdf1db5d___RS_HL 3828.JPG,eacad00f9e3491b6,accepted
415c3c0d79dfb651,2,415c3c0d79dfb651,representative,,,1.0,color,soybean___healthy,Soybean___healthy/be62b941-0c95-4e51-878c-80f9edeb2f27___RS_HL 6550.JPG,aaa5e516875e9478,accepted
415c3c0d79dfb651,2,2df4e1abae68cc12,near_duplicate,415c3c0d79dfb651,4.0,0.9375,color,soybean___healthy,Soybean___healthy/fd1eb951-7985-47b7-b66b-cb7295aa8827___RS_HL 7000.JPG,aa95e516875a9479,rejected
d4d5319adc47e9d8,2,8253257302f0461e,near_duplicate,d4d5319adc47e9d8,4.0,0.9375,color,soybean___healthy,Soybean___healthy/bffe8e46-8622-423b-ab4d-ecf3c4ae319a___RS_HL 4044.JPG,fac7951e9a28c92c,rejected
d4d5319adc47e9d8,2,d4d5319adc47e9d8,representative,,,1.0,color,soybean___healthy,Soybean___healthy/c445cf8c-a7a7-4dd8-9a6b-8be767b69155___RS_HL 5036.JPG,eac5955e9a28c92d,accepted
c21dc969c59947b9,3,c21dc969c59947b9,representative,,,1.0,color,soybean___healthy,Soybean___healthy/c3058e55-fbf1-47ac-b265-583125197c03___RS_HL 6037.JPG,ffe0a007d61ed02e,accepted
c21dc969c59947b9,3,2a3f8ee1baebc76c,near_duplicate,c21dc969c59947b9,4.0,0.9375,color,soybean___healthy,Soybean___healthy/c5dc24d8-7803-408b-85e3-e95fd64a7f97___RS_HL 6039.JPG,ffe0a007d64ad02f,rejected
c21dc969c59947b9,3,30ba208cb95bf586,near_duplicate,c21dc969c59947b9,4.0,0.9375,color,soybean___healthy,Soybean___healthy/e50e5483-8e2c-46d6-bff9-add0c440368d___RS_HL 6373.JPG,ffe0a007d70ed02d,rejected
75679569bb0c0cfa,2,75679569bb0c0cfa,representative,,,1.0,color,soybean___healthy,Soybean___healthy/c687d59a-328b-4a10-8287-0dd57125b409___RS_HL 4013.JPG,e86a8785989cb1bb,accepted
75679569bb0c0cfa,2,77fecbd3e80b8038,near_duplicate,75679569bb0c0cfa,4.0,0.9375,color,tomato___early_blight,Tomato___Early_blight/7b32caa4-0d67-4b84-a1bf-cf9dffd7ffe5___RS_Erly.B 6405.JPG,e84a87a7989cb1b3,rejected
ecfcf67132a39e3a,2,ecfcf67132a39e3a,representative,,,1.0,color,soybean___healthy,Soybean___healthy/c92bac71-ec19-48c5-b7d7-270a4e9b0b52___RS_HL 4445.JPG,facac10f923d9b30,accepted
ecfcf67132a39e3a,2,c7990efaea893b16,near_duplicate,ecfcf67132a39e3a,4.0,0.9375,color,soybean___healthy,Soybean___healthy/ec15d667-6c60-47ef-8dee-05a9d599d6e3___RS_HL 4734.JPG,fa4ad00f923d9f30,rejected
bbdd718fd0e4c889,2,bbdd718fd0e4c889,representative,,,1.0,color,soybean___healthy,Soybean___healthy/cc08e799-035e-4c08-b753-92e3863493e1___RS_HL 5526.JPG,fa40853fd6788b31,accepted
bbdd718fd0e4c889,2,01263fea82b4ba3c,near_duplicate,bbdd718fd0e4c889,4.0,0.9375,color,soybean___healthy,Soybean___healthy/fe79b51f-a37e-4852-b4b8-bda523e9da39___RS_HL 5528.JPG,fa44a51fd6788a31,rejected
30a53bb994535e2b,3,42fd004f725b186d,near_duplicate,30a53bb994535e2b,4.0,0.9375,color,soybean___healthy,Soybean___healthy/cc97c816-b895-47ba-818f-b244bba27581___RS_HL 3775.JPG,ea64c50f967c9a61,rejected
30a53bb994535e2b,3,834e95ecb18ffd18,near_duplicate,30a53bb994535e2b,6.0,0.90625,color,soybean___healthy,Soybean___healthy/f236f6a4-64b3-4c45-aaa6-c3e55db4c085___RS_HL 4689.JPG,ea65c50e967c9ac1,rejected
30a53bb994535e2b,3,30a53bb994535e2b,representative,,,1.0,color,soybean___healthy,Soybean___healthy/f29069df-0aca-4b34-af54-535f7787f1a2___RS_HL 3698.JPG,ea44c52d967c9ae1,accepted
2ee53a385f60c720,2,2ee53a385f60c720,representative,,,1.0,color,soybean___healthy,Soybean___healthy/d13756c8-abfa-4e98-bafd-ddb960c09ad6___RS_HL 3384.JPG,bf14b05ac16ac56d,accepted
2ee53a385f60c720,2,1eda99c7059449e2,near_duplicate,2ee53a385f60c720,4.0,0.9375,color,soybean___healthy,Soybean___healthy/ea5d0530-5cfa-42d2-a8f8-48b6bde39c3e___RS_HL 6144.JPG,bf14b05ac169c72d,rejected
d2e5eee234cc6f00,2,9054b4ab2f083e31,near_duplicate,d2e5eee234cc6f00,4.0,0.9375,color,soybean___healthy,Soybean___healthy/d87e95cd-49f5-44e9-abd9-885018cf1c99___RS_HL 6914.JPG,fee0c41f943a9079,rejected
d2e5eee234cc6f00,2,d2e5eee234cc6f00,representative,,,1.0,color,tomato___bacterial_spot,Tomato___Bacterial_spot/f26ada25-77e0-4439-9cdc-b833b57e1053___GCREC_Bact.Sp 5978.JPG,fec0c51f941a9179,accepted
d3450c7be6fc98f3,2,bc996052885ac60c,near_duplicate,d3450c7be6fc98f3,4.0,0.9375,color,soybean___healthy,Soybean___healthy/e020e9ae-583f-4e58-bb03-7dfe4fbfe7e4___RS_HL 5806.JPG,f3e4e41e839e8598,rejected
d3450c7be6fc98f3,2,d3450c7be6fc98f3,representative,,,1.0,color,soybean___healthy,Soybean___healthy/eb6da00a-4294-476a-b2da-210005874d4d___RS_HL 5804.JPG,f3e6e41d839a8598,accepted
33e0078a0641630d,2,33e0078a0641630d,representative,,,1.0,color,soybean___healthy,Soybean___healthy/e22f88a9-8fe0-4498-8fa5-f3670586457a___RS_HL 3546.JPG,bf90f05ac16f8564,accepted
33e0078a0641630d,2,8962d58ba1ff33eb,near_duplicate,33e0078a0641630d,4.0,0.9375,color,soybean___healthy,Soybean___healthy/fdc4c9d7-26cf-4019-ac28-349a61197b96___RS_HL 6397.JPG,bb14f05ac16f856c,rejected
80aca46d7454ce5c,2,80aca46d7454ce5c,representative,,,1.0,color,soybean___healthy,Soybean___healthy/e74f4161-893f-42d2-b1ec-f2be751d9391___RS_HL 6127.JPG,fbb190538b4bc5a4,accepted
80aca46d7454ce5c,2,3f2718a9c2dba7be,near_duplicate,80aca46d7454ce5c,2.0,0.96875,color,soybean___healthy,Soybean___healthy/f575487f-3389-46c3-a79a-bed2cbe42141___RS_HL 6128.JPG,fbb1b0438b4bc5a4,rejected
bb811436ea255456,3,2f54ce8937802d02,near_duplicate,bb811436ea255456,4.0,0.9375,color,soybean___healthy,Soybean___healthy/e8efa815-c8c2-4b9d-8f5d-77a9557eff85___RS_HL 4544.JPG,ab94d44ac96d46e6,rejected
bb811436ea255456,3,bb811436ea255456,representative,,,1.0,color,soybean___healthy,Soybean___healthy/fd6f646d-b108-41b9-b922-fe0e645d8df2___RS_HL 3129.JPG,ab94d44ac56dc666,accepted
bb811436ea255456,3,1e402f1ead895a57,near_duplicate,bb811436ea255456,6.0,0.90625,color,tomato___bacterial_spot,Tomato___Bacterial_spot/97f376a8-3781-4f2f-8fec-6a8150247d1e___GCREC_Bact.Sp 3387.JPG,af94904ac96dc6e6,rejected
a796cbc00b3ed29d,2,a796cbc00b3ed29d,representative,,,1.0,color,soybean___healthy,Soybean___healthy/ebb1f20c-f605-4abc-a703-4faf0670b011___RS_HL 6720.JPG,ffe0a057934ac32a,accepted
a796cbc00b3ed29d,2,16bb7f2f6107d19b,near_duplicate,a796cbc00b3ed29d,4.0,0.9375,color,soybean___healthy,Soybean___healthy/ee50a89a-dac0-4d69-9536-d28244e5d59b___RS_HL 7060.JPG,ffe0a057934ad10b,rejected
1e6c2bc4d6159a39,2,e0357d74578ab244,near_duplicate,1e6c2bc4d6159a39,4.0,0.9375,color,soybean___healthy,Soybean___healthy/f4b40e58-d243-41b7-92c8-6137729a3ae6___RS_HL 5822.JPG,ffb4e042834f895c,rejected
1e6c2bc4d6159a39,2,1e6c2bc4d6159a39,representative,,,1.0,color,soybean___healthy,Soybean___healthy/fb802c02-4979-4423-9612-3aa62c82247d___RS_HL 5823.JPG,ffb0f043834f894c,accepted
c31f79f9c61291bb,2,c31f79f9c61291bb,representative,,,1.0,color,squash___powdery_mildew,Squash___Powdery_mildew/5c37f32e-d2cf-4436-825a-fe3af823f149___MD_Powd.M 0502.JPG,d4cb3cd00fb04bb6,accepted
c31f79f9c61291bb,2,84fcbc013d73d4b2,near_duplicate,c31f79f9c61291bb,4.0,0.9375,color,squash___powdery_mildew,Squash___Powdery_mildew/dce71a4a-15ec-45ec-9e61-ea12dcf671bd___MD_Powd.M 0622.JPG,d4cb3cd14f3049b6,rejected
eb76bd3ee8cfcd8f,2,eb76bd3ee8cfcd8f,representative,,,1.0,color,strawberry___leaf_scorch,Strawberry___Leaf_scorch/97fc0a8d-280a-44e2-811d-71419f9a5526___RS_L.Scorch 1277.JPG,be9de1f086c198c3,accepted
eb76bd3ee8cfcd8f,2,74526f1e6df9b5d9,near_duplicate,eb76bd3ee8cfcd8f,2.0,0.96875,color,strawberry___leaf_scorch,Strawberry___Leaf_scorch/cb060904-20f5-4192-b4bf-83ee54be17f0___RS_L.Scorch 1287.JPG,bc9de1f086c19cc3,rejected
b2c9e3808e60f9a2,2,fb1e94757a40d586,near_duplicate,b2c9e3808e60f9a2,4.0,0.9375,color,strawberry___healthy,Strawberry___healthy/38292ca8-c7fe-4ba5-837f-c98c714ab099___RS_HL 4608.JPG,fa5ea56992348770,rejected
b2c9e3808e60f9a2,2,b2c9e3808e60f9a2,representative,,,1.0,color,strawberry___healthy,Strawberry___healthy/5d541b79-2861-493a-b121-c4f0a60be3d2___RS_HL 4607.JPG,fa1ea569d234c760,accepted
92f5f25da029dcee,2,92f5f25da029dcee,representative,,,1.0,color,strawberry___healthy,Strawberry___healthy/7d6ed1f3-f7c9-48a8-a363-bf2ea58f3f67___RS_HL 4839.JPG,ea94857a96c3d265,accepted
92f5f25da029dcee,2,329f848551572235,near_duplicate,92f5f25da029dcee,4.0,0.9375,color,strawberry___healthy,Strawberry___healthy/a5f3534e-b953-4925-abfa-999eeb8aaf64___RS_HL 4845.JPG,fa94856a96c1d267,rejected
8ee6edbe2061debf,2,8ee6edbe2061debf,representative,,,1.0,color,tomato___bacterial_spot,Tomato___Bacterial_spot/196be0af-51c3-4587-bd91-9a606631d4f3___GCREC_Bact.Sp 3453.JPG,ffb0d003c35f8568,accepted
8ee6edbe2061debf,2,962ec615ccb41a5b,near_duplicate,8ee6edbe2061debf,4.0,0.9375,color,tomato___bacterial_spot,Tomato___Bacterial_spot/6d746b6c-52f8-4831-b541-c74d0984c130___GCREC_Bact.Sp 3169.JPG,feb1d00bc35f8528,rejected
d212bf4542d01a3d,2,d212bf4542d01a3d,representative,,,1.0,color,tomato___bacterial_spot,Tomato___Bacterial_spot/29184f19-db21-475d-8032-a8b7c3a9c7f4___GCREC_Bact.Sp 5784.JPG,ab60941f92afca1d,accepted
d212bf4542d01a3d,2,016c5941fbc80c41,near_duplicate,d212bf4542d01a3d,4.0,0.9375,color,tomato___bacterial_spot,Tomato___Bacterial_spot/5c5dbca4-4322-4227-a543-6ff6f876a531___GCREC_Bact.Sp 5785.JPG,eb60941fd22f4a1d,rejected
dcc2b5f0861c0de1,2,15a8a0bb3fa23dd1,near_duplicate,dcc2b5f0861c0de1,4.0,0.9375,color,tomato___bacterial_spot,Tomato___Bacterial_spot/2b1247ef-594a-4ada-9377-1f46af51859c___GCREC_Bact.Sp 3095.JPG,ab65d44a923dda92,rejected
dcc2b5f0861c0de1,2,dcc2b5f0861c0de1,representative,,,1.0,color,tomato___bacterial_spot,Tomato___Bacterial_spot/dfca025b-a6d9-431a-977e-4bd174daa3a1___GCREC_Bact.Sp 5948.JPG,ab64d54e923dda90,accepted
c533b7eb23158565,2,c533b7eb23158565,representative,,,1.0,color,tomato___bacterial_spot,Tomato___Bacterial_spot/5d1f3889-f029-4ebd-834d-9e39d775b070___GCREC_Bact.Sp 5996.JPG,aeb4d24b856d986c,accepted
c533b7eb23158565,2,4ca8d27d9c159287,near_duplicate,c533b7eb23158565,4.0,0.9375,color,tomato___tomato_yellow_leaf_curl_virus,Tomato___Tomato_Yellow_Leaf_Curl_Virus/6c74c99f-0377-4870-ac98-c1ad619d8a7a___YLCV_GCREC 2623.JPG,adb4d24b8d6d9864,rejected
460a9eebd9fd4c64,2,460a9eebd9fd4c64,representative,,,1.0,color,tomato___bacterial_spot,Tomato___Bacterial_spot/611c6fa8-d805-4956-a786-2a4522c59f71___GCREC_Bact.Sp 5616.JPG,afe0944bca0dcd36,accepted
460a9eebd9fd4c64,2,7af96fc45e97e50b,near_duplicate,460a9eebd9fd4c64,4.0,0.9375,color,tomato___bacterial_spot,Tomato___Bacterial_spot/efd6193d-7d5b-4207-999d-2aeb08cd64e2___GCREC_Bact.Sp 5739.JPG,abf0944bca0dcd35,rejected
7e9bea66ccaeda11,2,4a4f368c15beb783,near_duplicate,7e9bea66ccaeda11,4.0,0.9375,color,tomato___late_blight,Tomato___Late_blight/0fd882fa-471d-4bcc-ab2b-efdfaf904bc3___GHLB2 Leaf 8915.JPG,8d8976c6993366cc,rejected
7e9bea66ccaeda11,2,7e9bea66ccaeda11,representative,,,1.0,color,tomato___late_blight,Tomato___Late_blight/c421eebc-d8ec-42d7-bcc9-a615343216a0___GHLB2 Leaf 8912.JPG,c99966c6993366cc,accepted
f80738ee5924f3fa,2,cadf702afb83d59c,near_duplicate,f80738ee5924f3fa,4.0,0.9375,color,tomato___late_blight,Tomato___Late_blight/17fcb016-4663-4f95-bc0b-b40392235015___GHLB_PS Leaf 35.1 Day 13.jpg,993366cc93cc9966,rejected
f80738ee5924f3fa,2,f80738ee5924f3fa,representative,,,1.0,color,tomato___late_blight,Tomato___Late_blight/7b343a4c-5fbc-40f6-83da-ccae49ebd5fb___GHLB_PS Leaf 35 Day 13.jpg,993366cc9b8cc966,rejected
e413a0a638d51754,2,e413a0a638d51754,representative,,,1.0,color,tomato___late_blight,Tomato___Late_blight/1a69b38b-c4eb-42c4-9584-bcb14fb8db0c___GHLB2 Leaf 9011.JPG,f4920fcd393266b2,accepted
e413a0a638d51754,2,a24db2014825da4c,exact_duplicate,e413a0a638d51754,0.0,1.0,color,tomato___late_blight,Tomato___Late_blight/2c47b891-3c97-48f1-a2cc-5aa53d3a1148___GHLB2 Leaf 9011.JPG,f4920fcd393266b2,rejected
2d913c675d98a7f3,2,2d913c675d98a7f3,representative,,,1.0,color,tomato___late_blight,Tomato___Late_blight/2159d0f7-09ef-46ad-ad49-749e8ce1becc___GHLB2 Leaf 8836.JPG,8ef171cf17384cc1,accepted
2d913c675d98a7f3,2,13767aef3b1d76f0,near_duplicate,2d913c675d98a7f3,4.0,0.9375,color,tomato___late_blight,Tomato___Late_blight/7f533ee8-1d72-486e-b2a6-b5ef2ac7cc88___GHLB2 Leaf 8837.JPG,8ff170cf07384ec1,rejected
28032426e0979993,2,28032426e0979993,representative,,,1.0,color,tomato___late_blight,Tomato___Late_blight/3fae9c64-18f0-4a67-9f97-554248bb1bed___GHLB_PS Leaf 24 Day 16.jpg,9cc7653836c6693c,rejected
28032426e0979993,2,0532d528aa851424,exact_duplicate,28032426e0979993,0.0,1.0,color,tomato___late_blight,Tomato___Late_blight/5de6da85-f8c4-48c4-b463-3e6bd78884cc___GHLB_PS Leaf 24 Day 16.jpg,9cc7653836c6693c,rejected
73a821ef9ca83668,2,73a821ef9ca83668,representative,,,1.0,color,tomato___late_blight,Tomato___Late_blight/48c55974-9fe9-4f4b-94f7-c8cd127d1e05___GHLB_PS Leaf 23.7 Day 13.jpg,9931664c736639e6,rejected
73a821ef9ca83668,2,b36b77cb3fbaf826,exact_duplicate,73a821ef9ca83668,0.0,1.0,color,tomato___late_blight,Tomato___Late_blight/bd4f09bd-ee85-4ab1-bce0-8cde3fdd7f1b___GHLB_PS Leaf 23.7 Day 13.jpg,9931664c736639e6,rejected
86d293feaadafbcd,2,86d293feaadafbcd,representative,,,1.0,color,tomato___late_blight,Tomato___Late_blight/5688ea99-c949-41d0-bbab-9cbf0ffb8bcd___GHLB2 Leaf 8677.JPG,a4cd5bb616995331,accepted
86d293feaadafbcd,2,891c7ddc2745872c,exact_duplicate,86d293feaadafbcd,0.0,1.0,color,tomato___late_blight,Tomato___Late_blight/e20107e7-137f-400e-817f-5dc4c58e5d70___GHLB2 Leaf 8677.JPG,a4cd5bb616995331,rejected
56f45b7cf0536bf1,2,56f45b7cf0536bf1,representative,,,1.0,color,tomato___late_blight,Tomato___Late_blight/5f21282c-e2ef-4c4a-ace1-b5701fe7effc___GHLB2 Leaf 8999.JPG,ad8e53b14cc65999,accepted
56f45b7cf0536bf1,2,7f67e7cca98e533d,exact_duplicate,56f45b7cf0536bf1,0.0,1.0,color,tomato___late_blight,Tomato___Late_blight/e5d707cd-077c-43af-bda9-6138e516ff51___GHLB2 Leaf 8999.JPG,ad8e53b14cc65999,rejected
1512b32a140abb49,2,1512b32a140abb49,representative,,,1.0,color,tomato___late_blight,Tomato___Late_blight/861d8b00-57a4-46b0-b51a-09d102dbe119___GHLB_PS Leaf 24 Day 13.jpg,c8e7653c32c1619f,accepted
1512b32a140abb49,2,3edad92ae9f4821e,exact_duplicate,1512b32a140abb49,0.0,1.0,color,tomato___late_blight,Tomato___Late_blight/d82b634e-9a19-497b-b698-aaf100d622a1___GHLB_PS Leaf 24 Day 13.jpg,c8e7653c32c1619f,rejected
376eb6f56ae4bd29,2,376eb6f56ae4bd29,representative,,,1.0,color,tomato___late_blight,Tomato___Late_blight/98586693-fe1f-4ea0-8e27-4501b61cf09b___GHLB_PS Leaf 23.5 Day 13.jpg,9be46d9238193c3e,rejected
376eb6f56ae4bd29,2,5f6f656f370c02d3,exact_duplicate,376eb6f56ae4bd29,0.0,1.0,color,tomato___late_blight,Tomato___Late_blight/c1775bad-7c02-41fb-bb7d-f8df91d60ac3___GHLB_PS Leaf 23.5 Day 13.jpg,9be46d9238193c3e,rejected
a8c9cb54d7e867eb,2,d4c7db84f2b0a058,near_duplicate,a8c9cb54d7e867eb,4.0,0.9375,color,tomato___late_blight,Tomato___Late_blight/abc618dc-e185-4866-a09c-6073404cac76___GHLB2 Leaf 153.1.JPG,b2c8c2645cd5c6f6,rejected
a8c9cb54d7e867eb,2,a8c9cb54d7e867eb,representative,,,1.0,color,tomato___late_blight,Tomato___Late_blight/de272472-c653-4102-beac-6813da817d21___GHLB2 Leaf 153.2.JPG,b2cac6645c91c6f6,accepted
97f63b87241ce169,2,97f63b87241ce169,representative,,,1.0,color,tomato___late_blight,Tomato___Late_blight/d6e6897a-5083-4914-9903-804c5684a956___GHLB2 Leaf 102.JPG,c1553fca32c43967,accepted
97f63b87241ce169,2,c049ac9367021e0b,exact_duplicate,97f63b87241ce169,0.0,1.0,color,tomato___late_blight,Tomato___Late_blight/d81682aa-746b-4e07-af2b-52ebb6f4c017___GHLB2 Leaf 102.JPG,c1553fca32c43967,rejected
2ad9c150ace67fbe,2,2ad9c150ace67fbe,representative,,,1.0,color,tomato___leaf_mold,Tomato___Leaf_Mold/fcfc6758-32cd-4e18-8d56-e3ffde988921___Crnl_L.Mold 6591.JPG,afe4d00bcb3d0cf0,accepted
2ad9c150ace67fbe,2,40808e6579494b02,near_duplicate,2ad9c150ace67fbe,4.0,0.9375,color,tomato___spider_mites_two_spotted_spider_mite,Tomato___Spider_mites Two-spotted_spider_mite/20f78207-e650-4e62-8648-f660f5f1eea9___Com.G_SpM_FL 9340.JPG,bee4d00bcb3c4cf0,rejected
fe3bdc849d72cbd7,2,10e77b83af06f4b6,near_duplicate,fe3bdc849d72cbd7,4.0,0.9375,color,tomato___spider_mites_two_spotted_spider_mite,Tomato___Spider_mites Two-spotted_spider_mite/01963a97-0507-43a6-ae4a-1afd8e0c4f3e___Com.G_SpM_FL 1217.JPG,b4f2c38d8dcc8c99,rejected
fe3bdc849d72cbd7,2,fe3bdc849d72cbd7,representative,,,1.0,color,tomato___target_spot,Tomato___Target_Spot/f01a8609-e4be-4450-a889-509ca769c227___Com.G_TgS_FL 9708.JPG,b4d2c38f8dcc8c9c,accepted
7e3e071281d204a9,2,7e3e071281d204a9,representative,,,1.0,color,tomato___spider_mites_two_spotted_spider_mite,Tomato___Spider_mites Two-spotted_spider_mite/497393f6-55bc-4e2b-b208-fa0f54ba8c92___Com.G_SpM_FL 1420.JPG,b1579b69c66c9864,accepted
7e3e071281d204a9,2,527e3ba37164387c,near_duplicate,7e3e071281d204a9,4.0,0.9375,color,tomato___spider_mites_two_spotted_spider_mite,Tomato___Spider_mites Two-spotted_spider_mite/e33fa280-f5cc-404b-a205-36966e9ceb38___Com.G_SpM_FL 8950.JPG,b1569b69ce6c8c64,rejected
d28caa236f89c08a,2,7f19309e071bb1be,near_duplicate,d28caa236f89c08a,4.0,0.9375,color,tomato___spider_mites_two_spotted_spider_mite,Tomato___Spider_mites Two-spotted_spider_mite/75c39e92-9f7a-4266-b6bb-56bb3cd48dcb___Com.G_SpM_FL 9523.JPG,e11697699e699c23,rejected
d28caa236f89c08a,2,d28caa236f89c08a,representative,,,1.0,color,tomato___spider_mites_two_spotted_spider_mite,Tomato___Spider_mites Two-spotted_spider_mite/82e7ae32-dee2-4e83-aeb3-aab7a4bdf04f___Com.G_SpM_FL 9263.JPG,e11697799e499c25,accepted
c7b17ca0f895c006,2,01356e6f5327817e,near_duplicate,c7b17ca0f895c006,2.0,0.96875,color,tomato___spider_mites_two_spotted_spider_mite,Tomato___Spider_mites Two-spotted_spider_mite/a75666ed-91d1-4f47-bcf2-554c8a5a3fd5___Com.G_SpM_FL 9551.JPG,e116ce699c69926d,rejected
c7b17ca0f895c006,2,c7b17ca0f895c006,representative,,,1.0,color,tomato___spider_mites_two_spotted_spider_mite,Tomato___Spider_mites Two-spotted_spider_mite/f7b7b4c8-1420-4ffe-ba64-97be026edeb4___Com.G_SpM_FL 8978.JPG,e116ce69946d926d,accepted
4416b6f3359e995e,2,88ba9343981ed534,near_duplicate,4416b6f3359e995e,4.0,0.9375,color,tomato___spider_mites_two_spotted_spider_mite,Tomato___Spider_mites Two-spotted_spider_mite/af0d2ecc-72f9-40ca-ad16-b3ef9419e9ec___Com.G_SpM_FL 9559.JPG,e112ce699c6d996c,rejected
4416b6f3359e995e,2,4416b6f3359e995e,representative,,,1.0,color,tomato___spider_mites_two_spotted_spider_mite,Tomato___Spider_mites Two-spotted_spider_mite/ce05bc05-0c4c-4290-903c-f46ab2ba1f53___Com.G_SpM_FL 9283.JPG,e512ce699c65986d,accepted
d9674e5aa4b39060,2,d9674e5aa4b39060,representative,,,1.0,color,tomato___spider_mites_two_spotted_spider_mite,Tomato___Spider_mites Two-spotted_spider_mite/db678f0b-cd38-408c-9029-33296dcd568d___Com.G_SpM_FL 8522.JPG,af72d04b836f9234,accepted
d9674e5aa4b39060,2,6f034fc0815fd9ec,near_duplicate,d9674e5aa4b39060,4.0,0.9375,color,tomato___target_spot,Tomato___Target_Spot/1dcaf64c-19e6-4854-8d99-53c30dbefcef___Com.G_TgS_FL 0999.JPG,ad72d043976f9234,rejected
ae89f696e49de30c,2,b2f40c29e507ec7f,near_duplicate,ae89f696e49de30c,4.0,0.9375,color,tomato___target_spot,Tomato___Target_Spot/5ce0b479-d41a-48e0-8615-e6421bff0cbd___Com.G_TgS_FL 9872.JPG,e966c53e92591ec1,rejected
ae89f696e49de30c,2,ae89f696e49de30c,representative,,,1.0,color,tomato___tomato_yellow_leaf_curl_virus,Tomato___Tomato_Yellow_Leaf_Curl_Virus/1a733ead-09a5-44d8-a07f-c0af97c8798d___YLCV_GCREC 2520.JPG,eb46853e92791ec1,accepted
fa09c5d5583ed2a4,2,a2e8a56b17f78667,near_duplicate,fa09c5d5583ed2a4,4.0,0.9375,color,tomato___target_spot,Tomato___Target_Spot/7eec3aca-476f-457d-8c0a-5c721a26aa4a___Com.G_TgS_FL 9899.JPG,e8b187ca8ecc986d,rejected
fa09c5d5583ed2a4,2,fa09c5d5583ed2a4,representative,,,1.0,color,tomato___healthy,Tomato___healthy/991e779d-ffcb-4f55-98f6-20575d202757___RS_HL 0166.JPG,f83187ca9ecc9865,accepted
07b25d39a0a2dd91,3,2b489211781ef16a,near_duplicate,07b25d39a0a2dd91,8.0,0.875,color,tomato___tomato_yellow_leaf_curl_virus,Tomato___Tomato_Yellow_Leaf_Curl_Virus/02cb40d6-550a-42fb-99ce-247e4406a322___UF.GRC_YLCV_Lab 02991.JPG,b01bdb6d6d303073,rejected
07b25d39a0a2dd91,3,07b25d39a0a2dd91,representative,,,1.0,color,tomato___tomato_yellow_leaf_curl_virus,Tomato___Tomato_Yellow_Leaf_Curl_Virus/79fa18a3-cf77-4211-b105-893ea4eb7498___UF.GRC_YLCV_Lab 02978.JPG,9192da6d6f303473,accepted
07b25d39a0a2dd91,3,2006850dc3bc892b,near_duplicate,07b25d39a0a2dd91,4.0,0.9375,color,tomato___tomato_yellow_leaf_curl_virus,Tomato___Tomato_Yellow_Leaf_Curl_Virus/acb9169b-21bc-4b31-ba3c-a24909521156___UF.GRC_YLCV_Lab 02981.JPG,b193da6d6d303073,rejected
6ee9956fe0887057,2,6ee9956fe0887057,representative,,,1.0,color,tomato___tomato_yellow_leaf_curl_virus,Tomato___Tomato_Yellow_Leaf_Curl_Virus/03fa456e-aa89-409f-a18c-42566f4b2882___UF.GRC_YLCV_Lab 01528.JPG,c26b2d34613337f2,rejected
6ee9956fe0887057,2,a70a3d4c95c17e33,near_duplicate,6ee9956fe0887057,4.0,0.9375,color,tomato___tomato_yellow_leaf_curl_virus,Tomato___Tomato_Yellow_Leaf_Curl_Virus/21a4dee8-257f-48ea-90d2-0d2402b1a88a___UF.GRC_YLCV_Lab 01524.JPG,e26b2d24617237f2,rejected
b818090396d20f8e,2,c4f17de76f87d8ea,near_duplicate,b818090396d20f8e,4.0,0.9375,color,tomato___tomato_yellow_leaf_curl_virus,Tomato___Tomato_Yellow_Leaf_Curl_Virus/0a9ce4eb-961b-4f11-a06f-2946cfd0d562___UF.GRC_YLCV_Lab 02233.JPG,f043cd3c96c23b6c,rejected
b818090396d20f8e,2,b818090396d20f8e,representative,,,1.0,color,tomato___tomato_yellow_leaf_curl_virus,Tomato___Tomato_Yellow_Leaf_Curl_Virus/f401d3a2-f638-4260-a97f-fe6aa1811b71___UF.GRC_YLCV_Lab 02245.JPG,f0538d3d96c23b2c,rejected
ba3fa78a8cec6dae,2,49c3b227714dd80c,near_duplicate,ba3fa78a8cec6dae,4.0,0.9375,color,tomato___tomato_yellow_leaf_curl_virus,Tomato___Tomato_Yellow_Leaf_Curl_Virus/104fc95d-88f5-4f2e-a3ea-bfcba37f6b9f___UF.GRC_YLCV_Lab 01854.JPG,d4934bcdb56e5230,rejected
ba3fa78a8cec6dae,2,ba3fa78a8cec6dae,representative,,,1.0,color,tomato___tomato_yellow_leaf_curl_virus,Tomato___Tomato_Yellow_Leaf_Curl_Virus/4c773e62-28a8-4f16-a71f-7cdb1c5751e5___UF.GRC_YLCV_Lab 01855.JPG,d493cacdb56c5234,accepted
bb8d394f1634922a,2,2fdc83666cf1adac,near_duplicate,bb8d394f1634922a,4.0,0.9375,color,tomato___tomato_yellow_leaf_curl_virus,Tomato___Tomato_Yellow_Leaf_Curl_Virus/162a2c9a-53ec-468c-bbaa-145e7acdb8db___UF.GRC_YLCV_Lab 02537.JPG,81da7ce42693e31b,rejected
bb8d394f1634922a,2,bb8d394f1634922a,representative,,,1.0,color,tomato___tomato_yellow_leaf_curl_virus,Tomato___Tomato_Yellow_Leaf_Curl_Virus/21401648-7356-4019-9781-516afa0ff7c4___UF.GRC_YLCV_Lab 02527.JPG,81da7ccc26b2e31b,accepted
b53046a6df33f681,2,71b71e3f5275ac67,near_duplicate,b53046a6df33f681,2.0,0.96875,color,tomato___tomato_yellow_leaf_curl_virus,Tomato___Tomato_Yellow_Leaf_Curl_Virus/19ead445-c37c-4a22-b3fb-02510e66b553___UF.GRC_YLCV_Lab 01388.JPG,a114fb4b85e4cee1,rejected
b53046a6df33f681,2,b53046a6df33f681,representative,,,1.0,color,tomato___tomato_yellow_leaf_curl_virus,Tomato___Tomato_Yellow_Leaf_Curl_Virus/b379ab04-3780-4283-b388-2a038b773d79___UF.GRC_YLCV_Lab 01389.JPG,a116db4b85e4cee1,accepted
9827b7f18f1039c8,2,9827b7f18f1039c8,representative,,,1.0,color,tomato___tomato_yellow_leaf_curl_virus,Tomato___Tomato_Yellow_Leaf_Curl_Virus/20ab92ef-69fb-40ca-9410-4d34c97b5638___UF.GRC_YLCV_Lab 02574.JPG,93606e9fe0c31e9c,accepted
9827b7f18f1039c8,2,21fca40859e931cb,near_duplicate,9827b7f18f1039c8,4.0,0.9375,color,tomato___tomato_yellow_leaf_curl_virus,Tomato___Tomato_Yellow_Leaf_Curl_Virus/4bebb8b8-3b71-48ce-9636-354b8dc63780___UF.GRC_YLCV_Lab 02587.JPG,92686e9fe8c31a9c,rejected
605cdadd71bc3dfd,2,edcb4903dd5c4b91,near_duplicate,605cdadd71bc3dfd,4.0,0.9375,color,tomato___tomato_yellow_leaf_curl_virus,Tomato___Tomato_Yellow_Leaf_Curl_Virus/234f937e-2b9b-43d3-9c57-f3e251e1f5e2___UF.GRC_YLCV_Lab 02436.JPG,fce283cdcc9c1839,rejected
605cdadd71bc3dfd,2,605cdadd71bc3dfd,representative,,,1.0,color,tomato___tomato_yellow_leaf_curl_virus,Tomato___Tomato_Yellow_Leaf_Curl_Virus/b9686bbf-8441-42cf-bb77-5101dab30bc8___UF.GRC_YLCV_Lab 02446.JPG,fc228bcdcc9c5839,accepted
24b39ff773003fd2,2,24b39ff773003fd2,representative,,,1.0,color,tomato___tomato_yellow_leaf_curl_virus,Tomato___Tomato_Yellow_Leaf_Curl_Virus/2ed63cde-c59e-45df-a38b-ee87197908bb___UF.GRC_YLCV_Lab 01623.JPG,a537d3889f920cda,accepted
24b39ff773003fd2,2,0aecae2b6a93b636,near_duplicate,24b39ff773003fd2,2.0,0.96875,color,tomato___tomato_yellow_leaf_curl_virus,Tomato___Tomato_Yellow_Leaf_Curl_Virus/7c215f7a-4aaf-4461-a727-7e4777daa562___UF.GRC_YLCV_Lab 01624.JPG,a5a7d3889f920cda,rejected
c1c432508d4fb71e,2,626b2fd933754926,near_duplicate,c1c432508d4fb71e,4.0,0.9375,color,tomato___tomato_yellow_leaf_curl_virus,Tomato___Tomato_Yellow_Leaf_Curl_Virus/3661efa4-82dc-488c-bade-d11056803e75___UF.GRC_YLCV_Lab 01760.JPG,c23a2fddd0aa8533,rejected
c1c432508d4fb71e,2,c1c432508d4fb71e,representative,,,1.0,color,tomato___tomato_yellow_leaf_curl_virus,Tomato___Tomato_Yellow_Leaf_Curl_Virus/45f05974-1b81-455b-8264-539c45ca1f75___UF.GRC_YLCV_Lab 01761.JPG,c23a2fdd92aa8572,accepted
1072944d85788b87,2,d6846943a320dc0d,near_duplicate,1072944d85788b87,2.0,0.96875,color,tomato___tomato_yellow_leaf_curl_virus,Tomato___Tomato_Yellow_Leaf_Curl_Virus/37c2cc81-0d24-4030-9f76-399c29561b3f___UF.GRC_YLCV_Lab 02512.JPG,a8b6d3ca96c9c661,rejected
1072944d85788b87,2,1072944d85788b87,representative,,,1.0,color,tomato___tomato_yellow_leaf_curl_virus,Tomato___Tomato_Yellow_Leaf_Curl_Virus/de775839-7363-47c7-bc42-7bff83af822a___UF.GRC_YLCV_Lab 02513.JPG,a9b6d3ca96c9c621,accepted
b585dc2bb627b5ef,2,b585dc2bb627b5ef,representative,,,1.0,color,tomato___tomato_yellow_leaf_curl_virus,Tomato___Tomato_Yellow_Leaf_Curl_Virus/38df156b-eafd-4610-9649-67c51d016a13___UF.GRC_YLCV_Lab 01776.JPG,d55a6b0d9d343472,accepted
b585dc2bb627b5ef,2,3cf458b968aa7767,near_duplicate,b585dc2bb627b5ef,4.0,0.9375,color,tomato___tomato_yellow_leaf_curl_virus,Tomato___Tomato_Yellow_Leaf_Curl_Virus/af67ecf5-473c-499e-9488-e0d349f90e9b___UF.GRC_YLCV_Lab 01777.JPG,d15a6b2d8d343672,rejected
39d66b12a7113be8,2,8f64279335e97f40,near_duplicate,39d66b12a7113be8,2.0,0.96875,color,tomato___tomato_yellow_leaf_curl_virus,Tomato___Tomato_Yellow_Leaf_Curl_Virus/43aae6d1-40ae-42f4-8b71-ae9351683a90___UF.GRC_YLCV_Lab 02661.JPG,a3263891dbc91d7c,rejected
39d66b12a7113be8,2,39d66b12a7113be8,representative,,,1.0,color,tomato___tomato_yellow_leaf_curl_virus,Tomato___Tomato_Yellow_Leaf_Curl_Virus/ea824bff-58c4-402e-936c-70bc49912701___UF.GRC_YLCV_Lab 02667.JPG,a3263899dbc90d7c,accepted
cd5111b39cd5bf12,2,4f96d957fb6928d0,near_duplicate,cd5111b39cd5bf12,2.0,0.96875,color,tomato___tomato_yellow_leaf_curl_virus,Tomato___Tomato_Yellow_Leaf_Curl_Virus/4ae45072-4db3-477d-9ace-9a08ce483d46___UF.GRC_YLCV_Lab 01407.JPG,a99cd6c3e160b936,rejected
cd5111b39cd5bf12,2,cd5111b39cd5bf12,representative,,,1.0,color,tomato___tomato_yellow_leaf_curl_virus,Tomato___Tomato_Yellow_Leaf_Curl_Virus/9836e208-f2b2-4713-b258-6faec4e0043a___UF.GRC_YLCV_Lab 01408.JPG,a99cd6c3e160b176,rejected
58735b03ff0a8a79,2,58735b03ff0a8a79,representative,,,1.0,color,tomato___tomato_yellow_leaf_curl_virus,Tomato___Tomato_Yellow_Leaf_Curl_Virus/55d128be-cc38-4493-ac46-16b931b41664___UF.GRC_YLCV_Lab 02542.JPG,a4161a79e3276e4e,rejected
58735b03ff0a8a79,2,084a87c6c162a21f,near_duplicate,58735b03ff0a8a79,2.0,0.96875,color,tomato___tomato_yellow_leaf_curl_virus,Tomato___Tomato_Yellow_Leaf_Curl_Virus/ffb119bc-8d09-4f83-b1c5-483599a93d03___UF.GRC_YLCV_Lab 02541.JPG,a4165a79a3276e4e,rejected
2c91355ecac83275,2,2c91355ecac83275,representative,,,1.0,color,tomato___tomato_yellow_leaf_curl_virus,Tomato___Tomato_Yellow_Leaf_Curl_Virus/61c03d35-853f-454b-8aff-7999536888a0___UF.GRC_YLCV_Lab 02448.JPG,a8c69e89cd993b32,accepted
2c91355ecac83275,2,2b76bd1c22f35a5d,near_duplicate,2c91355ecac83275,4.0,0.9375,color,tomato___tomato_yellow_leaf_curl_virus,Tomato___Tomato_Yellow_Leaf_Curl_Virus/b086e7d4-52fe-4779-b2a5-5927aec3e636___UF.GRC_YLCV_Lab 02437.JPG,acc69ec9c9993332,rejected
82bbe5db123a3ee0,2,82bbe5db123a3ee0,representative,,,1.0,color,tomato___tomato_yellow_leaf_curl_virus,Tomato___Tomato_Yellow_Leaf_Curl_Virus/6243f4bc-d40f-4cae-bca1-7ed1206c2d0e___UF.GRC_YLCV_Lab 02620.JPG,a1367ec8f0b1991b,accepted
82bbe5db123a3ee0,2,dbd5254e5df9fd4f,near_duplicate,82bbe5db123a3ee0,4.0,0.9375,color,tomato___tomato_yellow_leaf_curl_virus,Tomato___Tomato_Yellow_Leaf_Curl_Virus/76538e40-4986-4f01-bfdd-bd3d4f0453f1___UF.GRC_YLCV_Lab 02621.JPG,81367ec8f0b18b1f,rejected
d484eba6efdaa2d4,2,d484eba6efdaa2d4,representative,,,1.0,color,tomato___tomato_yellow_leaf_curl_virus,Tomato___Tomato_Yellow_Leaf_Curl_Virus/68f8c73f-8682-424b-bb43-9d505c64423f___UF.GRC_YLCV_Lab 08438.JPG,9e337067676e4c0c,rejected
d484eba6efdaa2d4,2,475a5b81f896c80c,near_duplicate,d484eba6efdaa2d4,4.0,0.9375,color,tomato___tomato_yellow_leaf_curl_virus,Tomato___Tomato_Yellow_Leaf_Curl_Virus/8a92e970-1eb5-43f1-852e-2778ddde1503___UF.GRC_YLCV_Lab 08437.JPG,8f337063676f4c0c,rejected
bff6c84567f4cfbe,2,45189189a6f7675a,near_duplicate,bff6c84567f4cfbe,4.0,0.9375,color,tomato___tomato_yellow_leaf_curl_virus,Tomato___Tomato_Yellow_Leaf_Curl_Virus/711f8839-09f1-4ca6-8681-57bba5be4b75___UF.GRC_YLCV_Lab 02646.JPG,838e1f78e8353536,rejected
bff6c84567f4cfbe,2,bff6c84567f4cfbe,representative,,,1.0,color,tomato___tomato_yellow_leaf_curl_virus,Tomato___Tomato_Yellow_Leaf_Curl_Virus/9e962b25-a670-4e4c-bbf2-1adb5af08dfd___UF.GRC_YLCV_Lab 02648.JPG,838e1f78e9613536,accepted
2fbb0c777715864e,2,bc30252ccdde81cc,near_duplicate,2fbb0c777715864e,2.0,0.96875,color,tomato___tomato_yellow_leaf_curl_virus,Tomato___Tomato_Yellow_Leaf_Curl_Virus/76762a24-0c95-40b2-b861-fc743293fb7d___UF.GRC_YLCV_Lab 02094.JPG,b3c65c99e1326764,rejected
2fbb0c777715864e,2,2fbb0c777715864e,representative,,,1.0,color,tomato___tomato_yellow_leaf_curl_virus,Tomato___Tomato_Yellow_Leaf_Curl_Virus/8e2f397f-3ebe-4b51-964b-e5d5372e0a8b___UF.GRC_YLCV_Lab 02095.JPG,b3c45e99e1326764,rejected
ed4757eb54a832cf,2,842c511b39b50a10,near_duplicate,ed4757eb54a832cf,4.0,0.9375,color,tomato___tomato_yellow_leaf_curl_virus,Tomato___Tomato_Yellow_Leaf_Curl_Virus/7bff3fb7-788d-414c-bf0e-92a5ce4a4757___UF.GRC_YLCV_Lab 02064.JPG,e2839d9c38696367,rejected
ed4757eb54a832cf,2,ed4757eb54a832cf,representative,,,1.0,color,tomato___tomato_yellow_leaf_curl_virus,Tomato___Tomato_Yellow_Leaf_Curl_Virus/b89e6dce-ebc9-4eac-a0f8-19e34657f6e1___UF.GRC_YLCV_Lab 02067.JPG,e0939f9c30696367,rejected
1a11e659b3f5c8a3,2,58668fc1cfe0f8c0,near_duplicate,1a11e659b3f5c8a3,4.0,0.9375,color,tomato___tomato_yellow_leaf_curl_virus,Tomato___Tomato_Yellow_Leaf_Curl_Virus/86089870-b24b-4509-abc3-f6c50fd07e49___UF.GRC_YLCV_Lab 01677.JPG,a9f4974bd2255e90,rejected
1a11e659b3f5c8a3,2,1a11e659b3f5c8a3,representative,,,1.0,color,tomato___tomato_yellow_leaf_curl_virus,Tomato___Tomato_Yellow_Leaf_Curl_Virus/a6d9fce3-02d6-464c-bf8e-795b78dcc7e7___UF.GRC_YLCV_Lab 01667.JPG,a9f0974bd0257e94,accepted
91f15e043f73b09d,2,f2447974ee0a5eed,near_duplicate,91f15e043f73b09d,4.0,0.9375,color,tomato___tomato_yellow_leaf_curl_virus,Tomato___Tomato_Yellow_Leaf_Curl_Virus/8ae297ec-545c-467f-89f2-910b293fb9d0___UF.GRC_YLCV_Lab 01567.JPG,87657c9a981b9365,rejected
91f15e043f73b09d,2,91f15e043f73b09d,representative,,,1.0,color,tomato___tomato_yellow_leaf_curl_virus,Tomato___Tomato_Yellow_Leaf_Curl_Virus/977a0667-709d-487f-8a93-7307452ee661___UF.GRC_YLCV_Lab 01566.JPG,87653c9a981bc36d,accepted
720e6249ea699214,2,b91a886fdc707d5c,near_duplicate,720e6249ea699214,4.0,0.9375,color,tomato___tomato_yellow_leaf_curl_virus,Tomato___Tomato_Yellow_Leaf_Curl_Virus/9dfccce4-a7a8-491c-b326-850bafbe8ff2___UF.GRC_YLCV_Lab 01640.JPG,eb8dc758bc7290a1,rejected
720e6249ea699214,2,720e6249ea699214,representative,,,1.0,color,tomato___tomato_yellow_leaf_curl_virus,Tomato___Tomato_Yellow_Leaf_Curl_Virus/a65c03a7-d1ef-4e78-931d-881d37383224___UF.GRC_YLCV_Lab 01641.JPG,eb8dc650bc7299a1,accepted
563b29cdd102adcd,2,830ad982de56baef,near_duplicate,563b29cdd102adcd,4.0,0.9375,color,tomato___tomato_yellow_leaf_curl_virus,Tomato___Tomato_Yellow_Leaf_Curl_Virus/a05153d6-05c7-4271-bd9e-60cbfbc8f8c7___UF.GRC_YLCV_Lab 01556.JPG,8fe1389ac91dc369,rejected
563b29cdd102adcd,2,563b29cdd102adcd,representative,,,1.0,color,tomato___tomato_yellow_leaf_curl_virus,Tomato___Tomato_Yellow_Leaf_Curl_Virus/d6e66120-a71c-4df3-b7b2-e31bbcd83118___UF.GRC_YLCV_Lab 01557.JPG,8ee1789ec919c369,accepted
d52a78b83f9e92db,2,314470089f58293e,near_duplicate,d52a78b83f9e92db,4.0,0.9375,color,tomato___tomato_yellow_leaf_curl_virus,Tomato___Tomato_Yellow_Leaf_Curl_Virus/aa8abfe6-a4c1-48f9-9349-959bb9fdd830___UF.GRC_YLCV_Lab 01492.JPG,91943fa5a47b0b6c,rejected
d52a78b83f9e92db,2,d52a78b83f9e92db,representative,,,1.0,color,tomato___tomato_yellow_leaf_curl_virus,Tomato___Tomato_Yellow_Leaf_Curl_Virus/cbf86900-e987-4675-b7a3-23802305f415___UF.GRC_YLCV_Lab 01493.JPG,91962fa5a46b4b6c,accepted
f11d13f764b4c908,2,18b4f2648e9c43af,near_duplicate,f11d13f764b4c908,4.0,0.9375,color,tomato___tomato_yellow_leaf_curl_virus,Tomato___Tomato_Yellow_Leaf_Curl_Virus/b9fee910-ba74-47a7-a83f-77d8db7391ea___UF.GRC_YLCV_Lab 03322.JPG,8b987cece0e261c7,rejected
f11d13f764b4c908,2,f11d13f764b4c908,representative,,,1.0,color,tomato___tomato_yellow_leaf_curl_virus,Tomato___Tomato_Yellow_Leaf_Curl_Virus/be67f74f-648f-4ab8-9478-76be838649a8___UF.GRC_YLCV_Lab 03321.JPG,8f987c6ce0e36187,accepted
483716813f8b6e3e,2,483716813f8b6e3e,representative,,,1.0,color,tomato___tomato_mosaic_virus,Tomato___Tomato_mosaic_virus/847307bc-58ab-45fc-8001-f1e07a38bc82___PSU_CG 2065.JPG,a916c76996665396,accepted
483716813f8b6e3e,2,ae2a36d299bc8d2f,near_duplicate,483716813f8b6e3e,4.0,0.9375,color,tomato___tomato_mosaic_virus,Tomato___Tomato_mosaic_virus/8e59061b-3802-4297-8724-a001efb95268___PSU_CG 2064.JPG,a916cf69946e5296,rejected
ad64eafa4834bc4e,2,ad64eafa4834bc4e,representative,,,1.0,color,tomato___healthy,Tomato___healthy/068e324c-faf6-40d6-8f83-578907f1cac5___GH_HL Leaf 466.1.JPG,8cf3f6c81a0dc33c,accepted
ad64eafa4834bc4e,2,dce6242df42bf38f,exact_duplicate,ad64eafa4834bc4e,0.0,1.0,color,tomato___healthy,Tomato___healthy/34c81c57-e1fa-49dd-a49d-34fe8b2385fe___GH_HL Leaf 466.1.JPG,8cf3f6c81a0dc33c,rejected
8f610c9fc062066c,2,dc23bfb29c542608,near_duplicate,8f610c9fc062066c,4.0,0.9375,color,tomato___healthy,Tomato___healthy/0c4b06d5-4053-44fc-99b6-504934fdd3a9___GH_HL Leaf 199.1.JPG,dfe264853f8cc039,rejected
8f610c9fc062066c,2,8f610c9fc062066c,representative,,,1.0,color,tomato___healthy,Tomato___healthy/84991306-21f6-41fb-a723-0c7ba1dac9d3___GH_HL Leaf 199.JPG,9fe664853b8cd039,accepted
6abfa423f77999c0,2,6abfa423f77999c0,representative,,,1.0,color,tomato___healthy,Tomato___healthy/16ed4e23-5218-4e8b-85df-86a7069a675d___GH_HL Leaf 519.1.JPG,acf753cc0d380cb3,accepted
6abfa423f77999c0,2,7ef84c1f3e0cd272,near_duplicate,6abfa423f77999c0,4.0,0.9375,color,tomato___healthy,Tomato___healthy/9ae93bcc-5cfb-4407-a711-de800fb2853a___GH_HL Leaf 519.4.JPG,acf753cc2d3044b3,rejected
0d87f88c334f0be9,2,0d87f88c334f0be9,representative,,,1.0,color,tomato___healthy,Tomato___healthy/1af0bfe1-4bcf-4b8b-be66-5d0953eb647e___GH_HL Leaf 482.2.JPG,8cf173cd06c6730e,accepted
0d87f88c334f0be9,2,f8f14fa6dedd4549,exact_duplicate,0d87f88c334f0be9,0.0,1.0,color,tomato___healthy,Tomato___healthy/cfd491d6-4af5-4728-8f0e-0d330a07174a___GH_HL Leaf 482.2.JPG,8cf173cd06c6730e,rejected
309a347dd1bfcb0d,2,309a347dd1bfcb0d,representative,,,1.0,color,tomato___healthy,Tomato___healthy/29d9f827-5e61-4b9b-acba-db0e7ce2016d___GH_HL Leaf 480.JPG,8cf153ce79c20e99,accepted
309a347dd1bfcb0d,2,8ab43e2c90d5fd8a,near_duplicate,309a347dd1bfcb0d,4.0,0.9375,color,tomato___healthy,Tomato___healthy/e9f45c75-db52-4a85-ab72-0b9adf1f047b___GH_HL Leaf 480.1.JPG,8cf151cf79ca0699,rejected
66bc7d38c95c7a75,2,0e00c9df7dddf90b,near_duplicate,66bc7d38c95c7a75,4.0,0.9375,color,tomato___healthy,Tomato___healthy/2bd08574-9555-42a5-93b1-7fab8f9f8786___GH_HL Leaf 475.2.JPG,daa321c42fda64b9,rejected
66bc7d38c95c7a75,2,66bc7d38c95c7a75,representative,,,1.0,color,tomato___healthy,Tomato___healthy/5300bf32-485d-4978-9099-3175fb666da8___GH_HL Leaf 475.JPG,daa261c46fda6439,accepted
d53fb31fcaae5952,2,d53fb31fcaae5952,representative,,,1.0,color,tomato___healthy,Tomato___healthy/37203047-d8ba-43f7-b31e-d496c41c569c___GH_HL Leaf 389.JPG,cca3c69cb1cab68c,accepted
d53fb31fcaae5952,2,dbd0bfd257c41e10,exact_duplicate,d53fb31fcaae5952,0.0,1.0,color,tomato___healthy,Tomato___healthy/505465db-407b-4e0a-8110-7479dad5261c___GH_HL Leaf 389.JPG,cca3c69cb1cab68c,rejected
6148ef3f26d07921,2,6148ef3f26d07921,representative,,,1.0,color,tomato___healthy,Tomato___healthy/37aad83b-7ff8-4b35-b3ed-fb8e0f54910b___GH_HL Leaf 342.1.JPG,c8b531867f49a45b,accepted
6148ef3f26d07921,2,236678d769198f2e,exact_duplicate,6148ef3f26d07921,0.0,1.0,color,tomato___healthy,Tomato___healthy/e786ac89-29fe-47e3-b49e-b9a9ee7edd9d___GH_HL Leaf 342.1.JPG,c8b531867f49a45b,rejected
8a0fab89e6eba730,2,8a0fab89e6eba730,representative,,,1.0,color,tomato___healthy,Tomato___healthy/488feb1c-4b9f-44e7-8aa6-4103a9601f5f___GH_HL Leaf 434.JPG,acf693c985c93692,accepted
8a0fab89e6eba730,2,6c790ef9ce585ef7,exact_duplicate,8a0fab89e6eba730,0.0,1.0,color,tomato___healthy,Tomato___healthy/a5de43e7-fc2f-4a14-a8e6-c0f2f94c84f1___GH_HL Leaf 434.JPG,acf693c985c93692,rejected
c090eb305284eb00,2,945c955e5ef91429,near_duplicate,c090eb305284eb00,4.0,0.9375,color,tomato___healthy,Tomato___healthy/5015e0d2-a6e3-4859-aceb-78089d1b60f7___GH_HL Leaf 186.2.JPG,dcab6bc5709a8760,rejected
c090eb305284eb00,2,c090eb305284eb00,representative,,,1.0,color,tomato___healthy,Tomato___healthy/a7c3088b-6aeb-4e8c-97dd-4661a4cacc38___GH_HL Leaf 186.JPG,dcab6bd4749a8560,accepted
63ea3c6ddf2f3562,2,9c94002217ec7ff3,near_duplicate,63ea3c6ddf2f3562,4.0,0.9375,color,tomato___healthy,Tomato___healthy/71967e69-6356-49c1-81ce-624792b4d964___GH_HL Leaf 315.1.JPG,dba421d6229bcd99,rejected
63ea3c6ddf2f3562,2,63ea3c6ddf2f3562,representative,,,1.0,color,tomato___healthy,Tomato___healthy/9b5626b0-ea1d-45d0-bc41-c898f7253a75___GH_HL Leaf 315.2.JPG,daad21d6229bc599,accepted
2ca7238efe63cdf0,2,2ca7238efe63cdf0,representative,,,1.0,color,tomato___healthy,Tomato___healthy/9662364c-aaba-45e3-b907-10792d60578c___GH_HL Leaf 220.JPG,f9b2e09f8ccc246c,accepted
2ca7238efe63cdf0,2,8500c7e23502b644,exact_duplicate,2ca7238efe63cdf0,0.0,1.0,color,tomato___healthy,Tomato___healthy/d2ce7896-6fa4-45e6-96c5-d162da0e3e1c___GH_HL Leaf 220.JPG,f9b2e09f8ccc246c,rejected
5f4105ef3b206c63,2,8c9bc6a03504fec8,near_duplicate,5f4105ef3b206c63,4.0,0.9375,color,tomato___healthy,Tomato___healthy/96d85e53-b980-42f7-8e3d-cd6f7ec9c287___GH_HL Leaf 520.5.JPG,b9f646c907e50a36,rejected
5f4105ef3b206c63,2,5f4105ef3b206c63,representative,,,1.0,color,tomato___healthy,Tomato___healthy/e8d0f3de-312b-4316-aca4-798a51ebd423___GH_HL Leaf 520.1.JPG,b9f646c94fa50836,accepted
aa1d16a849965b03,2,aa1d16a849965b03,representative,,,1.0,color,tomato___healthy,Tomato___healthy/ad8359a4-48b9-4469-a012-ed9b220de38e___GH_HL Leaf 285.1.JPG,c8b337c21c2dd33c,accepted
aa1d16a849965b03,2,29564648f1a8fb45,near_duplicate,aa1d16a849965b03,2.0,0.96875,color,tomato___healthy,Tomato___healthy/fd2fa9cc-2147-40ff-9e71-0056eb7884ed___GH_HL Leaf 285.JPG,c8b327c23c2dd33c,rejected
ff90354718f57b3f,2,ff90354718f57b3f,representative,,,1.0,color,tomato___healthy,Tomato___healthy/ca4e96c1-9bf0-49fb-804f-c895905c0584___GH_HL Leaf 210.2.JPG,9fe5689662ca318d,accepted
ff90354718f57b3f,2,26960581ede8d0fd,near_duplicate,ff90354718f57b3f,4.0,0.9375,color,tomato___healthy,Tomato___healthy/d442075f-73bb-47a0-9545-9b36bca9300b___GH_HL Leaf 210.JPG,9fe5609662cb118f,rejected
